district,monsoon,rain_24h_mm,rain_6h_mm,river_level_m,river_danger_m,soil_moisture_index,elevation_m,slope_deg,humidity_pct,wind_kmh,temp_c,coastal,rain24,rain6,river_ratio,soil,low_elev,flat,humidity,slope,wind,temp,label_flood,label_landslide,label_cyclone,label_rainfall
Vadodara,0,5.4,1.7,2.88,8.0,0.482,39,2,55.0,19.6,30.2,0.0,0.018,0.01194,0.35992,0.48224,0.9025,0.9,0.10097,0.05714,0,0.51169,0,0,0,0
Vadodara,1,7.8,1.3,2.9,8.0,0.585,39,2,79.9,8.3,27.3,0.0,0.02592,0.0092,0.36227,0.58484,0.9025,0.9,0.59719,0.05714,0,0.36318,0,0,0,0
Navsari,0,11.1,1.6,2.38,7.3,0.42,11,1,52.0,18.6,29.8,1.0,0.03701,0.01161,0.3266,0.42012,0.9725,0.95,0.04,0.02857,0,0.49077,0,0,0,0
Rajkot,0,8.8,5.8,2.85,7.2,0.215,134,3,49.0,2.4,32.6,0.0,0.0292,0.04147,0.3958,0.21457,0.665,0.85,0,0.08571,0,0.63114,0,0,0,0
Jamnagar,0,9.7,4.7,2.21,6.5,0.234,20,2,60.4,53.0,26.8,1.0,0.03231,0.03331,0.34054,0.23429,0.95,0.9,0.20762,0.05714,0.41304,0.34184,0,0,0,1
Ahmedabad,0,2.0,0.5,3.44,8.5,0.504,53,2,49.0,8.6,35.1,0.0,0.00664,0.00381,0.40508,0.50426,0.8675,0.9,0,0.05714,0,0.75472,0,0,0,0
Jamnagar,0,10.0,2.5,3.25,6.5,0.286,20,2,45.7,37.5,34.5,1.0,0.03337,0.01817,0.49967,0.28563,0.95,0.9,0,0.05714,0.21854,0.72483,0,0,0,0
Porbandar,1,17.6,7.7,2.66,6.2,0.561,8,1,84.9,10.0,26.8,1.0,0.05877,0.05528,0.4294,0.56113,0.98,0.95,0.69726,0.02857,0,0.3391,0,0,0,0
Porbandar,0,2.4,1.6,3.39,6.2,0.422,8,1,59.3,13.0,33.3,1.0,0.008,0.0117,0.54618,0.42154,0.98,0.95,0.18527,0.02857,0,0.66708,1,0,0,0
Navsari,0,4.9,0.6,3.06,7.3,0.441,11,1,51.0,11.6,33.2,1.0,0.01622,0.00419,0.41937,0.44077,0.9725,0.95,0.01938,0.02857,0,0.66001,0,0,0,0
Navsari,0,7.5,2.1,3.23,7.3,0.564,11,1,58.2,8.3,31.0,1.0,0.02498,0.01522,0.44183,0.56372,0.9725,0.95,0.16337,0.02857,0,0.55239,0,0,0,0
Ahmedabad,1,30.1,24.5,4.63,8.5,0.918,53,2,79.2,15.8,24.0,0.0,0.10047,0.17519,0.54503,0.9182,0.8675,0.9,0.58329,0.05714,0,0.19897,0,0,0,0
Patan,0,0.4,0.3,1.06,6.0,0.083,70,1,50.5,13.2,30.3,0.0,0.00146,0.00197,0.1773,0.08299,0.825,0.95,0.01039,0.02857,0,0.51581,0,0,0,0
Vadodara,1,93.7,52.5,5.82,8.0,0.817,39,2,89.0,37.6,25.7,0.0,0.31225,0.37486,0.7279,0.81706,0.9025,0.9,0.77945,0.05714,0.22035,0.28544,0,0,0,0
Bhuj,0,2.4,0.2,1.78,5.8,0.031,110,4,49.4,12.6,33.3,1.0,0.00792,0.00143,0.3076,0.03127,0.725,0.8,0,0.11429,0,0.66301,0,0,0,0
Ahmedabad,1,88.7,34.2,6.84,8.5,0.832,53,2,83.2,24.7,26.6,0.0,0.29561,0.24434,0.80469,0.8318,0.8675,0.9,0.66468,0.05714,0.05845,0.33095,1,0,0,1
Ahmedabad,1,24.3,9.9,5.3,8.5,0.683,53,2,85.6,25.3,27.9,0.0,0.08094,0.0709,0.62385,0.68292,0.8675,0.9,0.71146,0.05714,0.06577,0.39324,0,0,0,0
Patan,1,28.7,17.8,3.2,6.0,0.521,70,1,76.5,12.9,26.1,0.0,0.0957,0.12735,0.53304,0.52107,0.825,0.95,0.52937,0.02857,0,0.30385,0,0,0,0
Bhavnagar,1,20.8,7.9,3.06,7.4,0.635,24,2,80.4,9.0,28.8,1.0,0.06924,0.0561,0.41306,0.63481,0.94,0.9,0.60807,0.05714,0,0.43885,0,0,0,0
Jamnagar,1,24.5,8.4,3.87,6.5,0.762,20,2,69.3,41.8,27.4,1.0,0.08157,0.05968,0.59571,0.76246,0.95,0.9,0.38539,0.05714,0.27284,0.37212,0,0,0,0
Valsad,1,38.5,1.9,4.77,7.0,0.893,12,2,87.2,3.2,25.2,1.0,0.12832,0.01375,0.68097,0.89329,0.97,0.9,0.74369,0.05714,0,0.25809,0,0,0,0
Dang,0,11.4,8.3,4.39,6.4,0.746,975,27,64.9,5.4,36.3,0.0,0.03808,0.05908,0.68588,0.74596,0,0,0.29836,0.77143,0,0.81584,0,0,0,0
Bhavnagar,1,47.5,16.1,4.85,7.4,0.74,24,2,85.3,2,29.6,1.0,0.15827,0.1153,0.65602,0.73987,0.94,0.9,0.70697,0.05714,0,0.47945,0,0,0,0
Vadodara,0,11.8,4.1,3.3,8.0,0.352,39,2,50.2,17.5,34.3,0.0,0.03929,0.02939,0.41237,0.35169,0.9025,0.9,0.00427,0.05714,0,0.71545,0,0,0,0
Dang,1,24.1,7.9,2.53,6.4,1.0,975,27,88.9,23.3,27.4,0.0,0.08022,0.05643,0.39489,1.0,0,0,0.7771,0.77143,0.04162,0.36868,0,0,0,0
Bhavnagar,1,32.2,18.4,4.41,7.4,0.731,24,2,84.0,9.1,29.2,1.0,0.10737,0.13154,0.59546,0.73074,0.94,0.9,0.68021,0.05714,0,0.4619,1,0,0,0
Navsari,0,21.6,7.7,3.18,7.3,0.477,11,1,58.9,32.0,33.1,1.0,0.07211,0.05492,0.43572,0.47749,0.9725,0.95,0.17784,0.02857,0.14989,0.65449,0,0,1,0
Bhavnagar,1,56.4,18.7,4.73,7.4,0.647,24,2,79.4,13.2,31.0,1.0,0.18814,0.13335,0.6396,0.64689,0.94,0.9,0.58843,0.05714,0,0.55042,0,0,0,0
Vadodara,1,57.6,24.2,6.19,8.0,0.715,39,2,82.7,9.8,25.9,0.0,0.19211,0.17265,0.77376,0.71539,0.9025,0.9,0.65344,0.05714,0,0.29349,0,0,0,0
Ahmedabad,1,45.2,9.1,4.42,8.5,0.755,53,2,79.7,11.5,26.7,0.0,0.15051,0.06518,0.52024,0.75524,0.8675,0.9,0.59394,0.05714,0,0.3347,0,0,0,0
Porbandar,0,15.5,6.4,2.16,6.2,0.39,8,1,51.2,25.6,31.3,1.0,0.05168,0.04592,0.34805,0.39017,0.98,0.95,0.02361,0.02857,0.0696,0.56354,1,0,0,0
Patan,0,3.0,1.7,1.03,6.0,0.177,70,1,54.7,15.8,31.2,0.0,0.00991,0.01243,0.17127,0.17689,0.825,0.95,0.09348,0.02857,0,0.55845,0,0,0,0
Bhavnagar,0,1.0,0.6,3.36,7.4,0.344,24,2,41.4,29.3,34.2,1.0,0.00347,0.00424,0.45458,0.34391,0.94,0.9,0,0.05714,0.11602,0.71171,0,0,0,0
Dang,0,5.4,0.4,2.73,6.4,0.566,975,27,52.7,32.8,31.8,0.0,0.01797,0.00268,0.42597,0.56561,0,0,0.05377,0.77143,0.16012,0.58961,0,0,0,0
Bhuj,1,13.5,4.8,3.05,5.8,0.538,110,4,71.6,9.9,28.1,1.0,0.04486,0.03437,0.52625,0.53753,0.725,0.8,0.43179,0.11429,0,0.40658,0,0,0,0
Bhuj,0,3.8,1.9,2.51,5.8,0.222,110,4,43.1,4.5,35.1,1.0,0.01283,0.01361,0.43358,0.22208,0.725,0.8,0,0.11429,0,0.75304,0,0,0,0
Porbandar,1,26.3,13.4,2.47,6.2,0.696,8,1,77.5,9.2,26.1,1.0,0.08772,0.09563,0.39889,0.696,0.98,0.95,0.55078,0.02857,0,0.3069,0,0,0,0
Ahmedabad,1,64.5,49.7,6.01,8.5,0.73,53,2,84.9,14.7,24.3,0.0,0.21508,0.35478,0.70668,0.73021,0.8675,0.9,0.69824,0.05714,0,0.21513,1,0,0,1
Valsad,0,21.8,8.6,2.74,7.0,0.503,12,2,48.0,4.8,33.1,1.0,0.07278,0.06164,0.39083,0.50349,0.97,0.9,0,0.05714,0,0.65663,0,0,0,0
Navsari,0,22.9,4.3,2.92,7.3,0.539,11,1,53.4,24.4,36.2,1.0,0.0764,0.03085,0.39988,0.53883,0.9725,0.95,0.06786,0.02857,0.05452,0.81225,0,0,0,0
Patan,0,6.1,3.6,1.61,6.0,0.222,70,1,63.9,9.6,31.7,0.0,0.02045,0.0258,0.26876,0.22166,0.825,0.95,0.27825,0.02857,0,0.58583,0,0,0,0
Dang,1,42.7,27.1,4.92,6.4,1.0,975,27,80.6,44.0,26.8,0.0,0.14219,0.19332,0.76845,1.0,0,0,0.61107,0.77143,0.29995,0.34149,0,0,0,0
Dang,0,1.8,1.2,2.52,6.4,0.601,975,27,53.5,44.8,37.0,0.0,0.00598,0.00891,0.39305,0.60132,0,0,0.07018,0.77143,0.30943,0.84974,0,0,0,0
Bhavnagar,1,30.0,13.0,3.66,7.4,0.685,24,2,75.8,27.4,29.7,1.0,0.09985,0.09253,0.49526,0.68452,0.94,0.9,0.51669,0.05714,0.09258,0.48482,1,0,0,0
Navsari,1,57.7,27.8,4.28,7.3,0.79,11,1,85.3,2.7,26.3,1.0,0.19244,0.19826,0.58673,0.79038,0.9725,0.95,0.70676,0.02857,0,0.31326,1,0,0,0
Bhavnagar,1,21.9,6.9,4.3,7.4,0.805,24,2,77.6,15.5,25.8,1.0,0.07286,0.04941,0.58114,0.8049,0.94,0.9,0.5513,0.05714,0,0.28775,0,0,0,0
Jamnagar,0,7.4,4.0,1.92,6.5,0.28,20,2,50.4,25.8,31.9,1.0,0.02459,0.02863,0.29586,0.28007,0.95,0.9,0.00848,0.05714,0.07251,0.59482,0,0,0,0
Navsari,1,87.6,39.2,5.81,7.3,0.928,11,1,81.4,43.6,28.4,1.0,0.29208,0.27966,0.79559,0.92784,0.9725,0.95,0.62753,0.02857,0.29556,0.41954,1,0,0,0
Jamnagar,1,44.4,32.2,4.03,6.5,0.767,20,2,88.0,53.4,26.4,1.0,0.14787,0.22995,0.61934,0.76676,0.95,0.9,0.75917,0.05714,0.41749,0.31778,0,0,0,0
Porbandar,1,12.2,6.1,3.42,6.2,0.704,8,1,65.6,16.8,28.4,1.0,0.04051,0.04379,0.55154,0.70385,0.98,0.95,0.3129,0.02857,0,0.4185,0,0,0,0
Valsad,1,15.0,1.8,4.19,7.0,0.817,12,2,80.4,21.6,26.3,1.0,0.04987,0.01299,0.59922,0.81665,0.97,0.9,0.60735,0.05714,0.02014,0.31315,0,0,0,0
Porbandar,1,19.0,1.7,3.55,6.2,0.716,8,1,87.9,49.5,26.1,1.0,0.06331,0.01187,0.57329,0.71615,0.98,0.95,0.75722,0.02857,0.36908,0.30396,0,0,0,0
Surat,0,3.0,1.7,4.75,9.4,0.553,13,1,37.0,3.7,35.7,1.0,0.01004,0.01232,0.50563,0.55274,0.9675,0.95,0,0.02857,0,0.78423,0,0,0,0
Patan,1,2.7,0.9,2.19,6.0,0.444,70,1,87.1,2.9,26.3,0.0,0.00885,0.00664,0.36503,0.44383,0.825,0.95,0.74178,0.02857,0,0.31743,0,0,0,0
Jamnagar,1,86.6,53.5,4.26,6.5,0.767,20,2,84.8,28.5,27.0,1.0,0.28882,0.38227,0.65563,0.76735,0.95,0.9,0.69697,0.05714,0.10648,0.34884,0,0,0,1
Jamnagar,0,3.4,1.2,2.59,6.5,0.273,20,2,54.0,8.3,33.2,1.0,0.01129,0.00862,0.39876,0.27346,0.95,0.9,0.07995,0.05714,0,0.66171,0,0,0,0
Valsad,0,0.5,0.0,3.07,7.0,0.569,12,2,67.6,52.4,33.9,1.0,0.00177,0.00028,0.43847,0.56939,0.97,0.9,0.35174,0.05714,0.40469,0.69262,0,0,0,0
Navsari,1,78.9,21.8,5.1,7.3,0.894,11,1,77.9,5.2,26.3,1.0,0.263,0.1558,0.69843,0.89386,0.9725,0.95,0.55796,0.02857,0,0.31312,1,0,0,1
Vadodara,1,1.6,0.6,4.89,8.0,0.844,39,2,74.2,8.5,25.2,0.0,0.00531,0.00438,0.61182,0.84445,0.9025,0.9,0.48497,0.05714,0,0.25946,0,0,0,0
Jamnagar,1,10.2,5.2,4.08,6.5,0.638,20,2,80.9,4.2,26.0,1.0,0.03408,0.03707,0.62755,0.63803,0.95,0.9,0.61836,0.05714,0,0.29956,0,0,1,0
Navsari,0,3.2,0.9,2.8,7.3,0.511,11,1,51.8,36.0,32.8,1.0,0.0105,0.00675,0.38403,0.51126,0.9725,0.95,0.03673,0.02857,0.19986,0.64042,0,0,0,0
Porbandar,1,18.3,9.1,3.06,6.2,0.559,8,1,80.1,13.4,28.7,1.0,0.06089,0.06509,0.49342,0.55873,0.98,0.95,0.60207,0.02857,0,0.43589,0,0,0,0
Bhavnagar,0,11.9,6.6,3.42,7.4,0.431,24,2,52.3,2.5,34.5,1.0,0.0397,0.04696,0.46246,0.43149,0.94,0.9,0.04601,0.05714,0,0.72344,1,0,0,0
Valsad,0,0.9,0.3,3.32,7.0,0.574,12,2,46.1,9.4,32.9,1.0,0.00284,0.00187,0.4744,0.57355,0.97,0.9,0,0.05714,0,0.64503,0,0,0,0
Patan,0,0.6,0.2,3.37,6.0,0.169,70,1,53.4,27.4,33.9,0.0,0.002,0.00131,0.56228,0.16879,0.825,0.95,0.06853,0.02857,0.09221,0.69514,0,0,0,0
Porbandar,0,1.8,0.4,2.65,6.2,0.355,8,1,43.6,17.9,29.9,1.0,0.00602,0.0031,0.42793,0.35485,0.98,0.95,0,0.02857,0,0.4941,0,0,0,0
Ahmedabad,1,39.5,25.3,5.01,8.5,0.775,53,2,83.0,3.8,22.1,0.0,0.1318,0.18085,0.58963,0.77515,0.8675,0.9,0.66055,0.05714,0,0.10574,1,0,0,0
Jamnagar,1,49.7,18.6,3.93,6.5,0.686,20,2,86.6,16.8,26.5,1.0,0.16567,0.13308,0.60385,0.68647,0.95,0.9,0.73154,0.05714,0,0.32446,0,0,0,0
Patan,1,21.1,12.4,3.85,6.0,0.389,70,1,78.3,13.5,25.4,0.0,0.07023,0.08829,0.64121,0.3886,0.825,0.95,0.56513,0.02857,0,0.26788,0,0,0,0
Bhavnagar,1,17.8,8.9,3.38,7.4,0.717,24,2,81.7,4.0,26.6,1.0,0.05923,0.06352,0.45726,0.71652,0.94,0.9,0.63472,0.05714,0,0.33186,0,0,0,0
Valsad,0,3.1,1.7,2.45,7.0,0.494,12,2,64.0,4.9,32.2,1.0,0.01034,0.01231,0.35047,0.49429,0.97,0.9,0.27932,0.05714,0,0.61186,0,0,0,0
Bhuj,0,0.6,0.1,1.5,5.8,0.059,110,4,49.8,13.1,28.9,1.0,0.00187,0.00107,0.25802,0.05931,0.725,0.8,0,0.11429,0,0.44635,0,0,0,0
Jamnagar,0,6.3,4.5,2.45,6.5,0.313,20,2,64.8,5.0,35.5,1.0,0.02089,0.03198,0.37672,0.31259,0.95,0.9,0.29655,0.05714,0,0.77738,0,0,0,0
Vadodara,1,46.1,13.9,5.58,8.0,0.803,39,2,80.3,12.6,27.4,0.0,0.15371,0.09908,0.6974,0.80335,0.9025,0.9,0.60692,0.05714,0,0.3724,0,0,0,0
Vadodara,1,34.9,17.5,5.1,8.0,0.694,39,2,79.7,4.6,24.5,0.0,0.1163,0.12489,0.63797,0.6939,0.9025,0.9,0.59342,0.05714,0,0.2244,0,0,0,0
Patan,1,5.7,1.3,2.58,6.0,0.501,70,1,94.1,22.6,21.5,0.0,0.01914,0.00957,0.43047,0.50052,0.825,0.95,0.88283,0.02857,0.0322,0.07683,0,0,0,0
Porbandar,1,34.2,3.4,3.92,6.2,0.742,8,1,70.7,45.8,27.0,1.0,0.11403,0.02423,0.63156,0.74194,0.98,0.95,0.41346,0.02857,0.32235,0.35197,0,0,0,0
Jamnagar,1,25.1,12.9,2.7,6.5,0.623,20,2,85.4,9.0,27.7,1.0,0.08367,0.09195,0.41582,0.62333,0.95,0.9,0.70844,0.05714,0,0.38315,0,0,0,0
Porbandar,0,15.1,4.5,3.13,6.2,0.31,8,1,60.1,23.7,30.4,1.0,0.0504,0.03184,0.50414,0.31019,0.98,0.95,0.20171,0.02857,0.04622,0.51903,0,0,0,0
Navsari,1,24.1,2.5,4.16,7.3,0.904,11,1,70.3,9.3,32.5,1.0,0.08046,0.01802,0.56966,0.90402,0.9725,0.95,0.40532,0.02857,0,0.62612,0,0,0,0
Vadodara,0,6.2,1.2,3.91,8.0,0.417,39,2,63.9,20.2,31.0,0.0,0.0208,0.00834,0.48853,0.41665,0.9025,0.9,0.27714,0.05714,0.00224,0.54777,0,0,0,0
Surat,1,13.0,4.7,5.0,9.4,0.934,13,1,70.9,7.0,27.4,1.0,0.04335,0.03349,0.53142,0.93386,0.9675,0.95,0.41701,0.02857,0,0.36951,0,0,0,0
Patan,1,36.3,13.3,4.51,6.0,0.612,70,1,84.6,5.8,31.2,0.0,0.12108,0.09522,0.75108,0.61236,0.825,0.95,0.69142,0.02857,0,0.56177,1,0,0,0
Valsad,0,6.4,2.7,3.5,7.0,0.468,12,2,45.5,28.4,36.0,1.0,0.02137,0.01939,0.49964,0.46825,0.97,0.9,0,0.05714,0.10487,0.79921,0,0,0,0
Navsari,0,5.9,2.1,2.98,7.3,0.55,11,1,58.6,12.6,33.3,1.0,0.01971,0.01473,0.40847,0.54997,0.9725,0.95,0.17173,0.02857,0,0.66504,0,0,0,0
Bhavnagar,0,3.5,2.5,1.12,7.4,0.277,24,2,52.1,9.5,30.6,1.0,0.01182,0.01771,0.151,0.27734,0.94,0.9,0.04173,0.05714,0,0.52758,0,0,0,0
Ahmedabad,0,7.6,3.9,4.45,8.5,0.329,53,2,52.4,16.6,31.4,0.0,0.02547,0.02821,0.52321,0.32896,0.8675,0.9,0.04872,0.05714,0,0.57171,0,0,0,0
Ahmedabad,1,28.2,14.1,5.1,8.5,0.814,53,2,90.7,11.8,24.5,0.0,0.09401,0.10045,0.60028,0.81368,0.8675,0.9,0.81335,0.05714,0,0.22393,0,0,0,0
Rajkot,0,4.6,3.4,3.28,7.2,0.283,134,3,54.3,18.1,31.6,0.0,0.01534,0.02395,0.45524,0.28326,0.665,0.85,0.08527,0.08571,0,0.58176,0,0,0,0
Rajkot,1,23.7,5.4,3.35,7.2,0.575,134,3,93.0,11.7,26.3,0.0,0.07884,0.03854,0.46466,0.57521,0.665,0.85,0.85915,0.08571,0,0.31726,0,0,0,0
Valsad,0,6.9,0.7,3.88,7.0,0.568,12,2,59.8,16.8,32.8,1.0,0.02309,0.00504,0.55414,0.56777,0.97,0.9,0.196,0.05714,0,0.64213,0,0,0,0
Jamnagar,0,0.9,0.7,2.34,6.5,0.265,20,2,39.0,12.9,28.5,1.0,0.00302,0.00467,0.36008,0.26503,0.95,0.9,0,0.05714,0,0.42405,0,0,0,0
Patan,1,37.0,21.1,3.71,6.0,0.66,70,1,78.1,18.6,26.4,0.0,0.12326,0.15041,0.61806,0.65983,0.825,0.95,0.56174,0.02857,0,0.32243,0,0,0,1
Bhavnagar,0,9.8,2.2,2.69,7.4,0.338,24,2,58.5,25.0,33.7,1.0,0.03277,0.01582,0.363,0.33804,0.94,0.9,0.17052,0.05714,0.06219,0.68383,1,0,0,0
Valsad,1,87.5,11.4,5.55,7.0,0.947,12,2,82.1,16.4,25.0,1.0,0.29165,0.0813,0.79229,0.94734,0.97,0.9,0.64251,0.05714,0,0.25057,1,0,0,1
Rajkot,1,26.8,14.9,3.46,7.2,0.725,134,3,78.4,6.3,26.2,0.0,0.08949,0.10619,0.48054,0.72462,0.665,0.85,0.56783,0.08571,0,0.30935,0,0,0,0
Porbandar,0,6.3,2.3,2.75,6.2,0.468,8,1,58.5,18.2,32.2,1.0,0.02095,0.01608,0.44319,0.46822,0.98,0.95,0.1695,0.02857,0,0.60978,0,0,0,0
Bhavnagar,1,59.9,29.3,4.4,7.4,0.651,24,2,92.5,24.2,25.6,1.0,0.19953,0.20907,0.59456,0.6508,0.94,0.9,0.8507,0.05714,0.0526,0.28223,0,0,1,1
Vadodara,0,15.7,6.8,3.21,8.0,0.425,39,2,55.3,15.9,30.5,0.0,0.0524,0.04834,0.40081,0.42541,0.9025,0.9,0.10641,0.05714,0,0.5274,1,0,0,0
Valsad,0,11.9,8.5,3.59,7.0,0.594,12,2,47.7,12.6,33.3,1.0,0.03953,0.06107,0.51237,0.59376,0.97,0.9,0,0.05714,0,0.66556,0,0,1,0
Porbandar,1,15.4,5.1,3.72,6.2,0.678,8,1,67.9,2,27.9,1.0,0.0512,0.03655,0.59997,0.67792,0.98,0.95,0.35778,0.02857,0,0.3945,0,0,0,0
Valsad,0,2.7,0.7,3.92,7.0,0.509,12,2,43.8,25.7,30.9,1.0,0.00907,0.00479,0.55999,0.50878,0.97,0.9,0,0.05714,0.07153,0.54712,0,0,0,0
Rajkot,0,4.8,1.4,1.74,7.2,0.207,134,3,43.8,6.3,33.4,0.0,0.01592,0.00985,0.24152,0.20672,0.665,0.85,0,0.08571,0,0.67146,0,0,0,0
Navsari,0,3.6,2.5,3.77,7.3,0.575,11,1,45.8,55.3,27.4,1.0,0.01206,0.01766,0.51657,0.57528,0.9725,0.95,0,0.02857,0.44167,0.37211,0,0,0,0
Rajkot,1,50.7,32.4,4.15,7.2,0.631,134,3,82.7,33.9,31.2,0.0,0.16909,0.23141,0.57635,0.63148,0.665,0.85,0.65357,0.08571,0.17424,0.55768,0,0,0,0
Rajkot,1,11.4,5.4,3.0,7.2,0.639,134,3,91.3,19.0,26.2,0.0,0.03799,0.03859,0.41621,0.63912,0.665,0.85,0.82598,0.08571,0,0.3092,1,0,0,0
Dang,1,70.1,12.0,4.62,6.4,0.9,975,27,76.5,39.2,26.5,0.0,0.23377,0.08595,0.72176,0.90004,0,0,0.52938,0.77143,0.23945,0.32706,0,0,0,0
Surat,0,6.7,3.7,4.42,9.4,0.423,13,1,64.3,2,31.8,1.0,0.02246,0.02666,0.47035,0.42294,0.9675,0.95,0.28535,0.02857,0,0.59088,0,0,1,0
Porbandar,1,1.9,1.3,2.55,6.2,0.657,8,1,86.0,8.3,22.3,1.0,0.00623,0.00909,0.41065,0.6567,0.98,0.95,0.71966,0.02857,0,0.11615,0,0,0,0
Navsari,1,2.2,0.7,3.93,7.3,0.781,11,1,97.7,9.5,24.2,1.0,0.00738,0.00528,0.53862,0.78147,0.9725,0.95,0.95345,0.02857,0,0.21085,0,0,0,1
Patan,0,0.2,0.0,2.29,6.0,0.116,70,1,57.3,50.7,33.9,0.0,0.00061,0.00025,0.38216,0.11634,0.825,0.95,0.14641,0.02857,0.38382,0.69458,0,0,0,0
Vadodara,1,64.8,31.2,6.01,8.0,0.901,39,2,77.6,19.2,24.8,0.0,0.21611,0.22266,0.7517,0.90136,0.9025,0.9,0.55248,0.05714,0,0.238,1,0,0,1
Porbandar,1,17.0,3.3,2.64,6.2,0.605,8,1,81.1,22.6,28.4,1.0,0.05661,0.02351,0.42614,0.60537,0.98,0.95,0.62155,0.02857,0.03269,0.42165,0,0,0,0
Jamnagar,1,53.7,30.6,3.92,6.5,0.668,20,2,83.4,2,29.6,1.0,0.17908,0.21883,0.60254,0.6676,0.95,0.9,0.66777,0.05714,0,0.47909,0,0,0,0
Jamnagar,1,45.9,31.2,3.96,6.5,0.752,20,2,64.2,26.0,28.9,1.0,0.15295,0.22251,0.6094,0.75215,0.95,0.9,0.2846,0.05714,0.07463,0.44305,0,0,0,0
Ahmedabad,1,38.8,26.4,5.17,8.5,0.912,53,2,78.7,5.0,26.5,0.0,0.12947,0.18865,0.60827,0.91185,0.8675,0.9,0.57421,0.05714,0,0.32679,0,0,0,0
Valsad,1,7.8,4.4,4.79,7.0,0.959,12,2,71.9,51.1,30.5,1.0,0.02601,0.03125,0.68459,0.95888,0.97,0.9,0.43777,0.05714,0.38903,0.52685,0,0,0,0
Bhavnagar,0,2.8,1.1,3.62,7.4,0.305,24,2,51.5,21.3,30.3,1.0,0.00921,0.00805,0.48929,0.30451,0.94,0.9,0.03012,0.05714,0.01616,0.51315,0,0,0,0
Ahmedabad,0,9.0,5.0,4.69,8.5,0.538,53,2,59.1,7.1,33.3,0.0,0.03006,0.03581,0.55148,0.5377,0.8675,0.9,0.18256,0.05714,0,0.6641,0,0,0,0
Jamnagar,1,5.6,4.0,3.88,6.5,0.78,20,2,91.5,10.9,26.9,1.0,0.01873,0.02834,0.59671,0.77983,0.95,0.9,0.83029,0.05714,0,0.3428,0,0,0,0
Patan,0,8.9,5.4,2.47,6.0,0.138,70,1,56.1,27.0,33.0,0.0,0.02977,0.03885,0.41167,0.13796,0.825,0.95,0.12129,0.02857,0.08693,0.64883,0,0,0,0
Porbandar,1,56.8,35.0,3.31,6.2,0.691,8,1,78.6,23.7,28.3,1.0,0.1894,0.25023,0.53413,0.69132,0.98,0.95,0.57119,0.02857,0.04667,0.41393,0,0,0,0
Bhavnagar,1,47.5,15.2,4.76,7.4,0.826,24,2,78.0,9.1,32.8,1.0,0.15846,0.10874,0.64389,0.82621,0.94,0.9,0.56002,0.05714,0,0.63967,0,0,0,0
Dang,0,31.4,3.4,3.22,6.4,0.629,975,27,62.2,8.8,28.7,0.0,0.10482,0.02412,0.50366,0.62858,0,0,0.24425,0.77143,0,0.43266,0,0,0,0
Surat,1,20.3,1.8,6.3,9.4,0.84,13,1,85.5,32.1,26.0,1.0,0.06781,0.0128,0.67066,0.83951,0.9675,0.95,0.70971,0.02857,0.15085,0.30164,1,0,1,0
Porbandar,1,37.2,18.9,3.59,6.2,0.668,8,1,72.1,14.5,28.4,1.0,0.12401,0.13527,0.57951,0.66784,0.98,0.95,0.44195,0.02857,0,0.42052,1,0,0,1
Bhavnagar,1,31.9,9.5,5.3,7.4,0.778,24,2,88.0,28.4,24.3,1.0,0.10642,0.06802,0.71632,0.77763,0.94,0.9,0.76007,0.05714,0.10542,0.21427,1,0,0,0
Bhuj,0,0.7,0.1,1.89,5.8,0.035,110,4,61.0,20.3,33.3,1.0,0.00225,0.00043,0.32637,0.03526,0.725,0.8,0.22088,0.11429,0.00437,0.6669,0,0,0,0
Dang,1,16.8,10.7,4.02,6.4,1.0,975,27,85.0,12.1,28.5,0.0,0.05601,0.07651,0.62829,1.0,0,0,0.69982,0.77143,0,0.42558,0,1,0,0
Bhuj,0,1.0,0.8,2.1,5.8,0.095,110,4,44.9,4.9,35.7,1.0,0.0035,0.00554,0.36251,0.09485,0.725,0.8,0,0.11429,0,0.78515,0,0,0,0
Patan,1,14.2,4.1,3.19,6.0,0.538,70,1,85.6,31.7,25.4,0.0,0.04749,0.02953,0.53228,0.53845,0.825,0.95,0.71214,0.02857,0.14583,0.27021,0,0,0,0
Ahmedabad,1,38.9,22.2,5.07,8.5,0.805,53,2,82.9,14.0,24.2,0.0,0.12955,0.15866,0.59698,0.80466,0.8675,0.9,0.65864,0.05714,0,0.21089,0,0,0,0
Bhavnagar,0,6.2,1.1,3.64,7.4,0.365,24,2,56.8,4.2,34.4,1.0,0.0208,0.00787,0.49225,0.36523,0.94,0.9,0.13558,0.05714,0,0.72154,0,0,0,0
Rajkot,1,18.6,3.0,4.74,7.2,0.482,134,3,81.0,17.0,26.4,0.0,0.06191,0.02107,0.65801,0.48247,0.665,0.85,0.62042,0.08571,0,0.31794,0,0,0,1
Porbandar,1,7.0,4.0,2.83,6.2,0.742,8,1,92.9,24.4,25.1,1.0,0.02347,0.02831,0.45585,0.74248,0.98,0.95,0.85706,0.02857,0.05548,0.25262,0,0,0,0
Navsari,1,15.2,6.4,4.55,7.3,0.922,11,1,83.5,22.1,26.2,1.0,0.05052,0.04564,0.62383,0.9224,0.9725,0.95,0.66915,0.02857,0.02579,0.31042,0,0,0,0
Porbandar,1,16.6,10.2,3.17,6.2,0.741,8,1,79.5,23.0,28.0,1.0,0.05548,0.07253,0.51163,0.74115,0.98,0.95,0.58903,0.02857,0.03718,0.39978,0,0,0,0
Jamnagar,1,17.5,11.9,4.22,6.5,0.659,20,2,88.1,43.1,28.3,1.0,0.05829,0.08514,0.64869,0.65896,0.95,0.9,0.76264,0.05714,0.28841,0.41721,1,0,1,0
Valsad,1,14.5,5.3,4.5,7.0,0.854,12,2,77.5,26.0,29.0,1.0,0.04849,0.03757,0.64332,0.85359,0.97,0.9,0.55067,0.05714,0.07502,0.45139,0,0,0,0
Ahmedabad,0,11.6,7.6,4.04,8.5,0.531,53,2,46.2,13.5,29.8,0.0,0.03882,0.05428,0.47491,0.53117,0.8675,0.9,0,0.05714,0,0.49211,0,0,0,0
Jamnagar,1,6.0,3.5,3.39,6.5,0.564,20,2,82.1,3.9,25.3,1.0,0.01992,0.02485,0.5212,0.56406,0.95,0.9,0.64263,0.05714,0,0.26738,0,0,0,0
Surat,0,16.9,8.4,4.75,9.4,0.524,13,1,49.2,43.4,30.6,1.0,0.05629,0.06031,0.5051,0.52412,0.9675,0.95,0,0.02857,0.29308,0.53246,0,0,0,0
Dang,1,80.2,29.6,5.06,6.4,0.991,975,27,90.0,2,25.4,0.0,0.26744,0.21171,0.78991,0.99136,0,0,0.79988,0.77143,0,0.26805,1,1,0,0
Bhavnagar,1,29.1,14.4,3.21,7.4,0.746,24,2,75.7,24.7,29.7,1.0,0.09692,0.10258,0.43383,0.74577,0.94,0.9,0.51447,0.05714,0.05838,0.4871,0,0,0,0
Bhuj,0,2.4,0.5,1.44,5.8,0.07,110,4,42.8,13.6,33.6,1.0,0.00813,0.00372,0.24881,0.07023,0.725,0.8,0,0.11429,0,0.67945,0,0,0,0
Surat,1,2.2,0.6,5.3,9.4,0.854,13,1,81.0,20.1,24.9,1.0,0.00728,0.00393,0.56434,0.85424,0.9675,0.95,0.61926,0.02857,0.00142,0.24643,1,0,0,0
Patan,1,14.5,8.4,3.4,6.0,0.533,70,1,74.0,22.0,28.6,0.0,0.04847,0.05967,0.56628,0.53344,0.825,0.95,0.47939,0.02857,0.02511,0.43132,1,0,0,0
Vadodara,0,10.4,3.7,2.88,8.0,0.466,39,2,46.0,10.2,31.4,0.0,0.03456,0.02611,0.3598,0.46637,0.9025,0.9,0,0.05714,0,0.57067,0,0,0,0
Porbandar,1,17.2,7.2,3.14,6.2,0.718,8,1,76.6,30.8,25.3,1.0,0.05727,0.05163,0.50614,0.71826,0.98,0.95,0.53122,0.02857,0.1345,0.26299,0,0,0,1
Navsari,1,91.5,9.2,5.64,7.3,1.0,11,1,89.8,25.9,25.9,1.0,0.30492,0.06568,0.77203,1.0,0.9725,0.95,0.79661,0.02857,0.07366,0.29367,1,0,0,0
Porbandar,1,10.3,6.6,3.06,6.2,0.647,8,1,75.7,65.2,31.8,1.0,0.03418,0.04682,0.49389,0.64695,0.98,0.95,0.5131,0.02857,0.565,0.59156,0,0,1,0
Dang,0,11.2,4.8,2.88,6.4,0.602,975,27,58.4,24.5,33.5,0.0,0.03719,0.03456,0.44955,0.60178,0,0,0.16801,0.77143,0.05586,0.6727,0,0,0,0
Dang,1,58.2,23.6,3.96,6.4,0.881,975,27,88.3,10.7,28.4,0.0,0.19391,0.16855,0.61953,0.88123,0,0,0.7664,0.77143,0,0.4189,0,1,0,1
Dang,1,84.8,72.1,4.77,6.4,1.0,975,27,85.9,14.1,29.5,0.0,0.28257,0.51469,0.74515,1.0,0,0,0.71763,0.77143,0,0.47311,0,1,0,1
Valsad,1,157.4,50.1,6.16,7.0,0.961,12,2,94.5,8.6,23.4,1.0,0.5248,0.35762,0.88005,0.96066,0.97,0.9,0.89068,0.05714,0,0.16778,0,0,0,1
Dang,1,3.3,1.5,3.91,6.4,0.902,975,27,75.6,8.4,28.6,0.0,0.01115,0.01089,0.61146,0.9022,0,0,0.51282,0.77143,0,0.42912,0,0,0,0
Jamnagar,1,29.7,15.2,2.84,6.5,0.609,20,2,71.2,25.4,30.8,1.0,0.09886,0.10826,0.43751,0.60933,0.95,0.9,0.42316,0.05714,0.0673,0.54068,1,0,0,0
Jamnagar,1,1.5,0.4,3.56,6.5,0.84,20,2,72.9,3.4,28.0,1.0,0.00487,0.00251,0.54778,0.84015,0.95,0.9,0.45845,0.05714,0,0.40014,0,0,1,0
Vadodara,1,38.4,1.9,4.62,8.0,0.726,39,2,90.5,21.6,26.1,0.0,0.12799,0.01371,0.57761,0.72637,0.9025,0.9,0.80947,0.05714,0.0194,0.30612,0,0,0,0
Ahmedabad,0,6.9,3.5,3.59,8.5,0.34,53,2,39.1,27.7,35.6,0.0,0.0231,0.02501,0.4227,0.33985,0.8675,0.9,0,0.05714,0.09687,0.7805,0,0,0,0
Bhuj,1,18.1,1.1,3.07,5.8,0.475,110,4,83.7,6.7,24.1,1.0,0.06021,0.00779,0.52887,0.47457,0.725,0.8,0.67351,0.11429,0,0.20653,1,0,0,0
Rajkot,1,20.1,4.8,2.78,7.2,0.543,134,3,79.2,5.4,29.5,0.0,0.06689,0.03448,0.38579,0.54309,0.665,0.85,0.58478,0.08571,0,0.47491,0,0,0,0
Jamnagar,1,17.7,5.7,3.0,6.5,0.687,20,2,81.8,15.6,25.7,1.0,0.05915,0.04088,0.4619,0.68727,0.95,0.9,0.63573,0.05714,0,0.28725,0,0,0,0
Dang,1,11.0,5.4,5.35,6.4,1.0,975,27,83.4,32.4,25.8,0.0,0.03656,0.0386,0.83546,1.0,0,0,0.66768,0.77143,0.1547,0.29124,0,0,0,0
Dang,1,18.4,9.1,3.07,6.4,1.0,975,27,78.8,5.7,27.9,0.0,0.06143,0.06487,0.47912,1.0,0,0,0.5757,0.77143,0,0.39283,0,0,0,0
Patan,0,4.8,3.5,2.71,6.0,0.305,70,1,45.5,18.0,32.0,0.0,0.01585,0.02535,0.45098,0.30455,0.825,0.95,0,0.02857,0,0.59955,1,0,0,0
Ahmedabad,1,63.1,23.1,5.81,8.5,0.824,53,2,85.5,2,18.9,0.0,0.21033,0.16467,0.68379,0.82394,0.8675,0.9,0.70973,0.05714,0,0,0,0,0,0
Rajkot,0,1.4,0.6,2.42,7.2,0.176,134,3,49.6,62.7,31.9,0.0,0.00454,0.00398,0.33646,0.17555,0.665,0.85,0,0.08571,0.5338,0.59541,0,0,0,0
Surat,0,12.0,10.2,3.88,9.4,0.584,13,1,50.6,28.8,34.3,1.0,0.04004,0.07294,0.41284,0.58362,0.9675,0.95,0.01288,0.02857,0.10987,0.71251,0,0,0,0
Jamnagar,0,6.4,3.6,2.6,6.5,0.365,20,2,46.5,4.4,32.7,1.0,0.02122,0.0256,0.39978,0.36497,0.95,0.9,0,0.05714,0,0.63742,0,0,0,0
Navsari,1,14.0,7.4,4.1,7.3,0.867,11,1,71.4,19.7,29.9,1.0,0.04675,0.05268,0.56145,0.86689,0.9725,0.95,0.42879,0.02857,0,0.49375,0,0,0,0
Bhuj,1,25.5,9.6,2.8,5.8,0.355,110,4,84.1,14.6,27.2,1.0,0.08492,0.06859,0.48331,0.35546,0.725,0.8,0.68216,0.11429,0,0.35966,0,0,0,0
Valsad,1,36.3,23.6,4.09,7.0,0.979,12,2,83.1,35.6,26.2,1.0,0.12103,0.16859,0.58475,0.97879,0.97,0.9,0.66248,0.05714,0.1946,0.30979,0,0,0,0
Vadodara,0,4.7,2.4,2.28,8.0,0.239,39,2,59.2,25.8,33.4,0.0,0.01583,0.01718,0.2856,0.23888,0.9025,0.9,0.18466,0.05714,0.0727,0.67164,0,0,0,0
Rajkot,0,14.3,1.1,2.92,7.2,0.256,134,3,60.0,56.3,34.6,0.0,0.04754,0.00782,0.40501,0.25559,0.665,0.85,0.19953,0.08571,0.45428,0.73195,0,0,0,0
Vadodara,1,96.7,16.7,5.89,8.0,0.806,39,2,87.9,3.5,28.8,0.0,0.32235,0.11925,0.73667,0.80585,0.9025,0.9,0.75765,0.05714,0,0.43949,0,0,0,0
Rajkot,1,8.5,2.4,3.38,7.2,0.506,134,3,88.1,11.8,27.7,0.0,0.02846,0.01719,0.46889,0.50586,0.665,0.85,0.76175,0.08571,0,0.38493,0,0,0,0
Bhuj,0,6.9,1.2,3.29,5.8,0.045,110,4,46.9,7.5,29.9,1.0,0.02296,0.00866,0.56643,0.04527,0.725,0.8,0,0.11429,0,0.49663,0,0,0,0
Dang,1,85.5,8.3,4.75,6.4,1.0,975,27,85.2,22.4,25.9,0.0,0.28506,0.05914,0.74161,1.0,0,0,0.70379,0.77143,0.03014,0.29631,0,1,1,0
Bhuj,1,48.3,18.3,2.94,5.8,0.344,110,4,82.0,11.1,26.6,1.0,0.16097,0.13039,0.50768,0.34396,0.725,0.8,0.64099,0.11429,0,0.32939,0,0,0,1
Valsad,1,12.2,4.6,3.25,7.0,0.924,12,2,77.9,25.0,26.5,1.0,0.04055,0.03261,0.4638,0.92387,0.97,0.9,0.55891,0.05714,0.06209,0.32545,0,0,0,0
Bhavnagar,1,24.5,11.2,3.7,7.4,0.704,24,2,75.1,14.9,26.8,1.0,0.08153,0.07982,0.49962,0.70435,0.94,0.9,0.50297,0.05714,0,0.34114,0,0,0,0
Bhuj,0,1.1,0.6,2.11,5.8,0.117,110,4,49.2,27.0,36.6,1.0,0.00351,0.00407,0.3632,0.11672,0.725,0.8,0,0.11429,0.08745,0.82972,0,0,0,0
Navsari,1,75.1,16.9,5.36,7.3,0.941,11,1,79.3,73.5,25.5,1.0,0.25025,0.12098,0.73417,0.94082,0.9725,0.95,0.58648,0.02857,0.66819,0.27418,0,0,1,0
Bhavnagar,1,52.2,30.3,4.16,7.4,0.739,24,2,82.8,38.3,27.9,1.0,0.17388,0.21646,0.56226,0.73879,0.94,0.9,0.65681,0.05714,0.22844,0.3952,0,0,0,0
Ahmedabad,0,3.0,0.8,3.62,8.5,0.417,53,2,53.6,25.9,31.3,0.0,0.00983,0.00541,0.4254,0.41743,0.8675,0.9,0.07288,0.05714,0.07354,0.56336,0,0,0,0
Navsari,1,46.2,17.3,4.77,7.3,0.906,11,1,89.1,49.9,27.0,1.0,0.15397,0.12339,0.65318,0.90604,0.9725,0.95,0.78197,0.02857,0.37351,0.35038,0,0,1,0
Porbandar,1,23.5,11.0,2.74,6.2,0.611,8,1,77.9,5.4,26.9,1.0,0.07826,0.07825,0.44142,0.61131,0.98,0.95,0.55703,0.02857,0,0.34487,1,0,0,0
Patan,1,35.9,19.5,2.48,6.0,0.624,70,1,80.1,14.3,26.5,0.0,0.11972,0.13895,0.41255,0.62374,0.825,0.95,0.60171,0.02857,0,0.3262,0,0,1,0
Vadodara,0,8.9,2.3,3.57,8.0,0.315,39,2,51.1,27.3,33.7,0.0,0.02952,0.01617,0.4468,0.31491,0.9025,0.9,0.02166,0.05714,0.09102,0.68541,0,0,0,0
Dang,1,117.3,21.2,5.16,6.4,1.0,975,27,76.4,47.6,24.7,0.0,0.39108,0.15112,0.80597,1.0,0,0,0.52776,0.77143,0.34489,0.23654,0,0,0,0
Vadodara,1,38.0,3.8,5.15,8.0,0.764,39,2,91.7,7.2,29.6,0.0,0.12651,0.0268,0.64405,0.76436,0.9025,0.9,0.83486,0.05714,0,0.4824,0,0,0,0
Bhuj,1,1.7,1.0,2.47,5.8,0.589,110,4,77.6,40.1,22.4,1.0,0.00575,0.00715,0.42513,0.58907,0.725,0.8,0.5515,0.11429,0.25076,0.11997,1,0,0,0
Vadodara,1,39.4,30.7,5.61,8.0,0.677,39,2,79.0,42.1,26.1,0.0,0.1312,0.21931,0.70093,0.6768,0.9025,0.9,0.58044,0.05714,0.27661,0.30729,1,0,0,0
Vadodara,1,120.8,102.7,5.43,8.0,0.783,39,2,87.5,9.5,23.2,0.0,0.40277,0.73362,0.67937,0.78297,0.9025,0.9,0.75098,0.05714,0,0.15811,0,0,0,0
Valsad,1,4.8,1.2,4.15,7.0,0.939,12,2,74.0,29.2,28.1,1.0,0.01601,0.00843,0.59315,0.93859,0.97,0.9,0.4795,0.05714,0.11555,0.40686,1,0,0,0
Vadodara,1,15.1,2.1,3.57,8.0,0.604,39,2,82.2,12.3,27.1,0.0,0.05046,0.01466,0.44663,0.60387,0.9025,0.9,0.64412,0.05714,0,0.35287,0,0,0,0
Jamnagar,1,3.5,1.3,3.69,6.5,0.579,20,2,89.1,5.3,24.0,1.0,0.01153,0.0094,0.5674,0.57867,0.95,0.9,0.78282,0.05714,0,0.20124,0,0,0,0
Rajkot,0,0.5,0.4,2.23,7.2,0.283,134,3,58.9,8.2,29.8,0.0,0.00168,0.00279,0.30936,0.28252,0.665,0.85,0.17791,0.08571,0,0.49039,0,0,0,0
Vadodara,0,4.6,2.2,2.5,8.0,0.246,39,2,46.7,13.5,33.1,0.0,0.01534,0.01591,0.31245,0.24607,0.9025,0.9,0,0.05714,0,0.65256,0,0,0,0
Valsad,1,24.4,4.9,3.79,7.0,0.792,12,2,82.8,19.4,25.3,1.0,0.08125,0.03512,0.54109,0.79212,0.97,0.9,0.65695,0.05714,0,0.26599,0,0,0,1
Ahmedabad,1,20.1,12.8,4.86,8.5,0.798,53,2,67.9,17.0,26.1,0.0,0.0669,0.09108,0.57212,0.79779,0.8675,0.9,0.35883,0.05714,0,0.30543,0,0,0,0
Navsari,1,10.5,2.0,4.05,7.3,0.915,11,1,70.9,4.2,27.1,1.0,0.03499,0.0142,0.5549,0.91504,0.9725,0.95,0.41781,0.02857,0,0.356,1,0,0,0
Navsari,1,20.0,10.7,4.11,7.3,0.948,11,1,82.3,15.8,25.5,1.0,0.06668,0.07635,0.56289,0.94786,0.9725,0.95,0.6468,0.02857,0,0.27429,0,0,0,0
Jamnagar,0,5.3,2.4,2.68,6.5,0.375,20,2,52.5,16.1,34.4,1.0,0.01763,0.01683,0.41249,0.37543,0.95,0.9,0.04931,0.05714,0,0.71998,0,0,0,0
Dang,1,32.9,21.4,3.86,6.4,0.891,975,27,83.2,12.0,25.0,0.0,0.10971,0.15281,0.60331,0.89075,0,0,0.66327,0.77143,0,0.24964,0,0,0,0
Bhuj,1,11.1,7.0,2.46,5.8,0.538,110,4,78.4,2.6,26.3,1.0,0.03695,0.04977,0.42427,0.53758,0.725,0.8,0.56813,0.11429,0,0.31522,0,0,0,0
Bhuj,0,3.7,2.3,2.83,5.8,0.176,110,4,54.3,11.8,30.7,1.0,0.01222,0.01621,0.48783,0.17589,0.725,0.8,0.08548,0.11429,0,0.5328,0,0,0,0
Bhavnagar,0,6.7,2.7,3.4,7.4,0.482,24,2,53.7,7.8,29.4,1.0,0.0222,0.01902,0.45973,0.48227,0.94,0.9,0.07305,0.05714,0,0.4716,0,0,0,0
Rajkot,1,30.8,26.0,3.39,7.2,0.587,134,3,82.6,20.4,26.3,0.0,0.10256,0.18552,0.47123,0.58679,0.665,0.85,0.65146,0.08571,0.00487,0.31467,0,0,0,0
Ahmedabad,1,33.7,6.7,5.01,8.5,0.797,53,2,78.7,2.4,28.6,0.0,0.11238,0.04755,0.58933,0.79729,0.8675,0.9,0.57394,0.05714,0,0.43131,0,0,0,0
Patan,1,28.1,9.6,2.87,6.0,0.812,70,1,77.6,31.7,28.6,0.0,0.09377,0.06823,0.47885,0.8122,0.825,0.95,0.55154,0.02857,0.14564,0.42988,0,0,0,1
Vadodara,1,40.3,12.3,5.74,8.0,0.745,39,2,95.7,13.9,25.5,0.0,0.13428,0.08815,0.71761,0.74474,0.9025,0.9,0.91303,0.05714,0,0.27535,1,0,0,0
Bhavnagar,1,23.3,6.7,4.25,7.4,0.67,24,2,71.3,16.7,24.7,1.0,0.07769,0.04779,0.57386,0.6701,0.94,0.9,0.42549,0.05714,0,0.23616,0,0,0,0
Ahmedabad,0,5.9,2.2,3.17,8.5,0.378,53,2,41.5,10.4,34.8,0.0,0.01965,0.01578,0.37249,0.37799,0.8675,0.9,0,0.05714,0,0.74078,0,0,0,0
Patan,0,8.8,4.3,1.5,6.0,0.125,70,1,64.5,22.2,32.6,0.0,0.02942,0.03041,0.24997,0.12502,0.825,0.95,0.29079,0.02857,0.02749,0.62832,0,0,0,0
Patan,0,0.8,0.3,2.07,6.0,0.228,70,1,57.4,5.5,29.1,0.0,0.00262,0.00248,0.3453,0.22837,0.825,0.95,0.14703,0.02857,0,0.4546,0,0,0,0
Valsad,1,7.5,6.4,3.27,7.0,0.807,12,2,78.7,6.6,28.2,1.0,0.02512,0.04575,0.46652,0.80714,0.97,0.9,0.57454,0.05714,0,0.40883,0,0,0,0
Porbandar,0,5.2,2.0,2.2,6.2,0.27,8,1,48.1,12.7,31.9,1.0,0.01726,0.01457,0.35543,0.26958,0.98,0.95,0,0.02857,0,0.59358,0,0,0,1
Ahmedabad,1,8.6,4.6,4.41,8.5,0.769,53,2,85.9,42.8,26.0,0.0,0.02875,0.03301,0.5188,0.76889,0.8675,0.9,0.71741,0.05714,0.28464,0.29835,0,0,0,1
Vadodara,0,11.1,5.7,3.99,8.0,0.42,39,2,55.1,15.9,29.3,0.0,0.03706,0.04069,0.49874,0.42017,0.9025,0.9,0.10258,0.05714,0,0.46371,0,0,0,0
Vadodara,1,25.4,13.8,5.41,8.0,0.816,39,2,91.4,14.9,28.2,0.0,0.08461,0.09823,0.67629,0.81627,0.9025,0.9,0.82873,0.05714,0,0.4105,0,0,0,0
Jamnagar,1,5.7,3.5,2.07,6.5,0.585,20,2,89.2,2,24.7,1.0,0.01888,0.02495,0.31779,0.58517,0.95,0.9,0.78411,0.05714,0,0.23573,0,1,0,1
Patan,0,1.8,1.1,3.03,6.0,0.309,70,1,50.4,11.2,28.5,0.0,0.00602,0.00789,0.50427,0.30931,0.825,0.95,0.00777,0.02857,0,0.42695,1,0,0,0
Ahmedabad,1,18.0,8.2,4.21,8.5,0.853,53,2,75.6,2.2,28.7,0.0,0.06012,0.05864,0.49496,0.85266,0.8675,0.9,0.51159,0.05714,0,0.43306,0,0,0,0
Navsari,0,18.0,10.0,3.54,7.3,0.461,11,1,51.7,2,31.0,1.0,0.06009,0.07177,0.48465,0.46144,0.9725,0.95,0.03494,0.02857,0,0.54996,0,0,0,0
Bhuj,1,22.8,4.4,3.55,5.8,0.535,110,4,70.9,14.6,27.2,1.0,0.07591,0.03159,0.61197,0.53454,0.725,0.8,0.41785,0.11429,0,0.36149,0,0,0,0
Porbandar,1,44.9,12.5,3.79,6.2,0.581,8,1,73.1,6.8,27.3,1.0,0.14952,0.0896,0.6114,0.58067,0.98,0.95,0.46177,0.02857,0,0.36613,1,0,0,0
Rajkot,1,56.7,19.6,3.87,7.2,0.52,134,3,75.4,12.7,25.8,0.0,0.18896,0.14007,0.53711,0.5204,0.665,0.85,0.50813,0.08571,0,0.29106,0,0,0,0
Dang,0,5.9,3.2,2.87,6.4,0.622,975,27,52.2,12.4,29.8,0.0,0.01978,0.02305,0.44894,0.62206,0,0,0.04355,0.77143,0,0.48811,0,0,0,0
Surat,0,5.3,3.2,4.39,9.4,0.393,13,1,46.6,56.2,34.3,1.0,0.01763,0.02295,0.46724,0.39255,0.9675,0.95,0,0.02857,0.452,0.71457,0,0,1,0
Surat,1,17.9,6.5,5.03,9.4,0.832,13,1,85.3,50.8,26.9,1.0,0.05981,0.0462,0.53525,0.83171,0.9675,0.95,0.7054,0.02857,0.38453,0.34282,1,0,0,0
Bhavnagar,1,23.6,11.1,3.73,7.4,0.598,24,2,75.3,31.9,29.0,1.0,0.07861,0.07948,0.50419,0.59834,0.94,0.9,0.50569,0.05714,0.14927,0.45112,0,0,1,0
Bhuj,1,7.9,0.5,2.49,5.8,0.576,110,4,84.0,23.0,29.0,1.0,0.02619,0.00392,0.42963,0.57567,0.725,0.8,0.67925,0.11429,0.03692,0.44773,0,0,1,1
Bhuj,1,55.8,25.4,3.7,5.8,0.499,110,4,89.7,16.6,26.9,1.0,0.18594,0.18173,0.6379,0.49932,0.725,0.8,0.79464,0.11429,0,0.34612,0,0,0,0
Dang,0,19.2,3.5,2.57,6.4,0.587,975,27,49.4,20.1,31.0,0.0,0.06408,0.02476,0.40234,0.58723,0,0,0,0.77143,0.00081,0.54943,0,0,0,0
Porbandar,0,1.6,0.7,1.45,6.2,0.32,8,1,50.9,21.3,30.7,1.0,0.0054,0.00502,0.23428,0.32019,0.98,0.95,0.01869,0.02857,0.01684,0.53311,0,0,0,0
Ahmedabad,0,5.5,1.9,3.79,8.5,0.472,53,2,40.2,32.3,31.3,0.0,0.0183,0.01383,0.44621,0.4716,0.8675,0.9,0,0.05714,0.15329,0.56415,0,0,0,0
Rajkot,0,5.1,1.9,2.81,7.2,0.231,134,3,46.2,12.8,32.2,0.0,0.01701,0.01353,0.39006,0.23141,0.665,0.85,0,0.08571,0,0.60948,0,0,0,0
Surat,0,4.3,2.3,4.83,9.4,0.575,13,1,46.7,25.4,34.4,1.0,0.01449,0.01641,0.51407,0.57485,0.9675,0.95,0,0.02857,0.0672,0.72157,0,0,0,0
Surat,0,3.8,1.9,4.21,9.4,0.597,13,1,60.4,31.2,31.6,1.0,0.01262,0.01368,0.44836,0.59712,0.9675,0.95,0.20812,0.02857,0.13999,0.57984,0,0,0,0
Navsari,0,13.8,4.0,3.36,7.3,0.491,11,1,56.9,21.1,32.1,1.0,0.04598,0.02844,0.46086,0.4914,0.9725,0.95,0.1376,0.02857,0.01411,0.60692,0,0,0,0
Jamnagar,0,2.0,0.4,3.08,6.5,0.285,20,2,44.2,15.1,32.0,1.0,0.00679,0.00253,0.47323,0.28491,0.95,0.9,0,0.05714,0,0.59815,0,0,0,0
Navsari,1,60.9,22.1,5.45,7.3,0.882,11,1,74.3,17.0,27.7,1.0,0.20291,0.15766,0.7472,0.8819,0.9725,0.95,0.48629,0.02857,0,0.38716,0,0,0,1
Valsad,1,82.6,31.7,4.87,7.0,0.944,12,2,92.1,37.5,26.7,1.0,0.27522,0.22616,0.69582,0.94432,0.97,0.9,0.84179,0.05714,0.21898,0.33698,1,0,0,0
Navsari,1,63.4,8.9,4.36,7.3,0.916,11,1,77.4,4.9,28.3,1.0,0.21136,0.06377,0.59711,0.91551,0.9725,0.95,0.5476,0.02857,0,0.41368,1,0,0,0
Vadodara,0,3.7,2.6,2.77,8.0,0.348,39,2,42.2,18.4,29.6,0.0,0.01225,0.01822,0.34636,0.34845,0.9025,0.9,0,0.05714,0,0.47793,0,0,0,0
Jamnagar,0,10.6,1.0,1.99,6.5,0.287,20,2,44.1,25.3,30.1,1.0,0.03525,0.00737,0.30645,0.28683,0.95,0.9,0,0.05714,0.06646,0.50748,0,0,0,0
Patan,1,2.6,2.2,2.3,6.0,0.559,70,1,76.4,42.4,24.1,0.0,0.00871,0.01587,0.38285,0.55894,0.825,0.95,0.52862,0.02857,0.28052,0.20446,0,0,1,0
Porbandar,1,13.5,7.9,4.56,6.2,0.605,8,1,79.0,27.6,28.6,1.0,0.04514,0.05637,0.73564,0.60529,0.98,0.95,0.58035,0.02857,0.09561,0.42887,0,0,0,0
Dang,1,127.0,36.4,5.07,6.4,1.0,975,27,90.9,8.8,24.3,0.0,0.42332,0.26002,0.79219,1.0,0,0,0.81888,0.77143,0,0.21377,1,0,0,1
Surat,0,16.5,12.8,3.21,9.4,0.486,13,1,69.3,26.7,35.6,1.0,0.05491,0.09164,0.342,0.48602,0.9675,0.95,0.38618,0.02857,0.08437,0.78113,1,0,0,0
Surat,0,1.8,0.8,4.32,9.4,0.507,13,1,62.8,5.5,31.0,1.0,0.00588,0.00572,0.45998,0.50676,0.9675,0.95,0.2563,0.02857,0,0.54898,0,0,0,0
Bhuj,1,33.8,1.7,2.86,5.8,0.48,110,4,93.0,3.0,21.2,1.0,0.11279,0.01209,0.49374,0.47995,0.725,0.8,0.85963,0.11429,0,0.05857,0,0,0,0
Surat,0,8.9,1.5,4.93,9.4,0.49,13,1,56.2,9.7,30.7,1.0,0.02981,0.011,0.52474,0.48996,0.9675,0.95,0.1238,0.02857,0,0.53586,0,0,0,0
Porbandar,1,60.6,11.2,3.56,6.2,0.667,8,1,87.8,10.2,23.4,1.0,0.20203,0.07998,0.57397,0.66683,0.98,0.95,0.7563,0.02857,0,0.16849,0,0,0,0
Patan,1,26.3,9.4,2.48,6.0,0.44,70,1,90.1,9.6,27.7,0.0,0.08753,0.06699,0.41349,0.44024,0.825,0.95,0.80247,0.02857,0,0.38388,0,0,0,1
Jamnagar,0,2.3,1.8,2.32,6.5,0.416,20,2,56.2,19.9,32.8,1.0,0.00761,0.01295,0.35681,0.4159,0.95,0.9,0.12369,0.05714,0,0.64194,0,0,0,0
Rajkot,1,40.2,30.0,4.2,7.2,0.682,134,3,85.0,12.8,28.5,0.0,0.13415,0.21417,0.58364,0.68192,0.665,0.85,0.70073,0.08571,0,0.4239,0,0,0,0
Surat,1,25.7,11.3,4.64,9.4,0.792,13,1,89.7,61.7,26.2,1.0,0.08571,0.08048,0.49362,0.79157,0.9675,0.95,0.79373,0.02857,0.52149,0.31069,0,0,0,1
Patan,1,50.5,26.4,3.42,6.0,0.614,70,1,92.5,6.7,24.5,0.0,0.16837,0.18836,0.56984,0.6143,0.825,0.95,0.85063,0.02857,0,0.22352,1,0,0,0
Rajkot,0,4.0,3.3,2.12,7.2,0.23,134,3,46.2,31.9,32.7,0.0,0.01324,0.02374,0.2948,0.22978,0.665,0.85,0,0.08571,0.14837,0.6333,0,0,0,1
Valsad,1,117.4,10.2,6.22,7.0,0.949,12,2,99.0,2.2,28.1,1.0,0.39144,0.07306,0.88913,0.94887,0.97,0.9,0.97978,0.05714,0,0.40369,1,0,0,0
Bhavnagar,0,3.3,1.0,2.64,7.4,0.267,24,2,49.3,4.3,34.8,1.0,0.01088,0.00693,0.35684,0.26711,0.94,0.9,0,0.05714,0,0.74208,0,0,0,0
Jamnagar,0,6.1,3.0,2.76,6.5,0.488,20,2,43.5,28.7,32.7,1.0,0.02048,0.02124,0.42415,0.48826,0.95,0.9,0,0.05714,0.10881,0.63592,0,0,0,0
Rajkot,1,11.9,5.6,4.27,7.2,0.618,134,3,79.3,24.5,26.6,0.0,0.03969,0.04018,0.59306,0.61755,0.665,0.85,0.58531,0.08571,0.05627,0.33223,0,0,0,0
Valsad,0,10.8,2.3,2.87,7.0,0.471,12,2,60.6,8.4,31.8,1.0,0.03611,0.01649,0.40962,0.47081,0.97,0.9,0.21236,0.05714,0,0.58966,0,0,0,0
Valsad,0,2.4,1.0,3.38,7.0,0.573,12,2,55.5,34.1,32.1,1.0,0.00791,0.00747,0.48288,0.57304,0.97,0.9,0.10966,0.05714,0.17638,0.60644,0,0,0,0
Vadodara,0,4.8,2.3,3.8,8.0,0.434,39,2,58.7,3.1,31.3,0.0,0.01597,0.01676,0.47474,0.43356,0.9025,0.9,0.17485,0.05714,0,0.567,0,0,0,0
Bhavnagar,0,1.2,0.4,2.46,7.4,0.319,24,2,59.3,6.5,33.2,1.0,0.00409,0.00252,0.33264,0.31947,0.94,0.9,0.18529,0.05714,0,0.65809,0,0,0,0
Jamnagar,1,15.7,5.6,3.77,6.5,0.748,20,2,78.5,11.7,26.0,1.0,0.05246,0.04002,0.57961,0.74838,0.95,0.9,0.57053,0.05714,0,0.30181,0,0,0,0
Ahmedabad,1,42.5,29.1,3.76,8.5,0.756,53,2,91.4,52.3,30.2,0.0,0.14183,0.2077,0.44276,0.75586,0.8675,0.9,0.8279,0.05714,0.40317,0.51218,0,0,0,0
Ahmedabad,0,15.6,8.9,2.92,8.5,0.479,53,2,55.5,17.9,36.6,0.0,0.05193,0.06362,0.34304,0.47935,0.8675,0.9,0.11015,0.05714,0,0.82861,0,0,0,0
Ahmedabad,1,18.7,6.3,4.65,8.5,0.724,53,2,76.4,44.4,23.7,0.0,0.06227,0.04468,0.5475,0.72355,0.8675,0.9,0.52829,0.05714,0.3055,0.18276,0,0,0,0
Navsari,1,57.9,5.8,4.78,7.3,0.985,11,1,74.1,12.1,25.6,1.0,0.19307,0.04122,0.65465,0.98531,0.9725,0.95,0.48263,0.02857,0,0.28044,0,0,0,0
Jamnagar,0,10.3,5.6,2.45,6.5,0.231,20,2,51.0,22.2,33.1,1.0,0.0343,0.04002,0.37741,0.23056,0.95,0.9,0.01926,0.05714,0.02699,0.65365,0,0,0,0
Porbandar,1,2.4,0.9,3.35,6.2,0.741,8,1,73.6,11.3,27.4,1.0,0.0081,0.00607,0.54106,0.74053,0.98,0.95,0.47174,0.02857,0,0.37213,0,0,0,0
Patan,1,16.0,13.0,1.98,6.0,0.521,70,1,75.2,9.6,26.7,0.0,0.05344,0.09292,0.33053,0.52138,0.825,0.95,0.50355,0.02857,0,0.33701,0,0,0,0
Navsari,0,4.9,3.1,2.67,7.3,0.553,11,1,48.8,5.7,36.8,1.0,0.01637,0.02191,0.36612,0.55332,0.9725,0.95,0,0.02857,0,0.84019,0,0,0,0
Jamnagar,0,1.5,0.3,1.67,6.5,0.209,20,2,53.6,23.2,30.2,1.0,0.005,0.00242,0.25715,0.209,0.95,0.9,0.07147,0.05714,0.04029,0.51222,0,0,0,0
Rajkot,1,28.8,10.1,4.16,7.2,0.538,134,3,84.2,22.2,24.8,0.0,0.09587,0.07185,0.57765,0.53791,0.665,0.85,0.68385,0.08571,0.02795,0.23853,0,0,0,1
Jamnagar,1,23.7,14.3,4.17,6.5,0.608,20,2,81.0,23.3,24.6,1.0,0.0789,0.10215,0.64085,0.60772,0.95,0.9,0.61927,0.05714,0.04139,0.22863,0,0,0,0
Patan,1,11.3,3.6,3.37,6.0,0.48,70,1,82.5,35.6,25.9,0.0,0.03778,0.02537,0.56247,0.47974,0.825,0.95,0.65015,0.02857,0.19523,0.29457,0,0,0,0
Porbandar,1,30.3,3.0,2.88,6.2,0.616,8,1,78.2,4.8,29.3,1.0,0.10106,0.02155,0.46507,0.61595,0.98,0.95,0.56342,0.02857,0,0.46671,0,1,1,0
Surat,1,41.6,8.0,5.89,9.4,0.949,13,1,89.4,21.2,28.5,1.0,0.13873,0.05728,0.62643,0.94861,0.9675,0.95,0.78891,0.02857,0.01478,0.42641,1,0,0,1
Bhavnagar,0,2.9,2.4,3.03,7.4,0.442,24,2,56.7,29.9,28.3,1.0,0.0097,0.01722,0.4097,0.44183,0.94,0.9,0.13312,0.05714,0.12378,0.41688,0,0,0,0
Navsari,0,5.4,1.7,3.87,7.3,0.497,11,1,49.8,18.1,32.0,1.0,0.01814,0.01228,0.53061,0.49705,0.9725,0.95,0,0.02857,0,0.59965,0,0,0,0
Vadodara,0,3.4,0.2,3.33,8.0,0.366,39,2,59.0,4.1,33.3,0.0,0.01124,0.0012,0.41659,0.36642,0.9025,0.9,0.18099,0.05714,0,0.66332,0,0,0,0
Surat,0,2.3,1.1,4.19,9.4,0.502,13,1,54.9,41.1,34.9,1.0,0.00761,0.00785,0.4454,0.50177,0.9675,0.95,0.09709,0.02857,0.26326,0.74364,0,0,0,0
Surat,1,1.6,0.7,4.96,9.4,0.832,13,1,72.6,122.7,27.0,1.0,0.00536,0.0048,0.5281,0.8323,0.9675,0.95,0.45251,0.02857,1,0.34924,0,1,1,0
Dang,0,8.5,2.0,3.65,6.4,0.751,975,27,59.4,18.0,34.3,0.0,0.02841,0.01443,0.57055,0.75069,0,0,0.188,0.77143,0,0.71669,0,1,0,0
Patan,0,1.8,1.3,2.32,6.0,0.314,70,1,76.6,18.3,30.5,0.0,0.00599,0.00902,0.38696,0.31437,0.825,0.95,0.53211,0.02857,0,0.52355,0,0,0,1
Navsari,0,22.3,10.0,4.52,7.3,0.566,11,1,57.1,5.5,36.1,1.0,0.07419,0.07154,0.61896,0.56649,0.9725,0.95,0.14173,0.02857,0,0.8032,0,0,0,0
Bhavnagar,1,24.4,18.5,3.21,7.4,0.767,24,2,81.3,14.6,28.0,1.0,0.0813,0.13225,0.4336,0.76748,0.94,0.9,0.6255,0.05714,0,0.40203,0,0,0,0
Surat,0,7.8,2.6,3.44,9.4,0.379,13,1,55.2,16.0,33.6,1.0,0.02611,0.01844,0.36549,0.37885,0.9675,0.95,0.10469,0.02857,0,0.67764,1,0,0,0
Navsari,1,5.7,2.7,4.33,7.3,1.0,11,1,68.0,38.5,29.1,1.0,0.01902,0.01927,0.59265,1.0,0.9725,0.95,0.35989,0.02857,0.23091,0.45739,0,0,0,0
Bhavnagar,1,24.9,9.6,3.19,7.4,0.741,24,2,70.6,28.3,27.5,1.0,0.08301,0.06826,0.43057,0.74138,0.94,0.9,0.41117,0.05714,0.10315,0.37495,0,0,0,0
Bhuj,1,28.7,17.1,2.64,5.8,0.588,110,4,86.0,11.9,25.1,1.0,0.09576,0.12234,0.45574,0.58801,0.725,0.8,0.72049,0.11429,0,0.25337,0,0,0,0
Navsari,0,22.3,7.7,4.1,7.3,0.563,11,1,62.8,11.1,36.2,1.0,0.07431,0.05521,0.56168,0.56327,0.9725,0.95,0.25537,0.02857,0,0.81209,0,0,0,0
Ahmedabad,0,7.7,0.7,3.4,8.5,0.39,53,2,51.7,19.4,35.6,0.0,0.02555,0.00528,0.3995,0.3901,0.8675,0.9,0.03418,0.05714,0,0.7818,0,0,0,0
Ahmedabad,0,6.0,3.2,3.51,8.5,0.448,53,2,51.4,53.2,33.5,0.0,0.01994,0.02271,0.4132,0.44827,0.8675,0.9,0.02874,0.05714,0.41458,0.67555,0,0,0,0
Jamnagar,1,4.9,0.5,4.04,6.5,0.746,20,2,90.2,2.7,26.6,1.0,0.01624,0.00372,0.6211,0.74583,0.95,0.9,0.80339,0.05714,0,0.32904,0,0,0,0
Jamnagar,1,11.3,4.3,3.36,6.5,0.777,20,2,93.4,23.0,25.0,1.0,0.03756,0.03106,0.51739,0.77658,0.95,0.9,0.86743,0.05714,0.03799,0.25175,0,0,0,0
Jamnagar,0,3.0,0.9,1.79,6.5,0.36,20,2,49.0,11.0,35.0,1.0,0.00996,0.00667,0.27559,0.3598,0.95,0.9,0,0.05714,0,0.75119,1,0,0,0
Vadodara,0,8.5,5.1,2.81,8.0,0.399,39,2,58.8,6.8,34.0,0.0,0.0282,0.03642,0.35152,0.39926,0.9025,0.9,0.17606,0.05714,0,0.70212,0,0,0,0
Rajkot,1,10.2,3.0,3.69,7.2,0.615,134,3,77.7,12.5,23.5,0.0,0.03388,0.02114,0.51319,0.61535,0.665,0.85,0.5537,0.08571,0,0.17739,0,0,0,0
Patan,1,18.7,7.9,3.23,6.0,0.601,70,1,85.5,33.1,28.7,0.0,0.06246,0.0562,0.5381,0.60093,0.825,0.95,0.7104,0.02857,0.16436,0.43273,0,0,0,0
Surat,0,6.4,2.5,4.58,9.4,0.479,13,1,57.2,39.0,34.3,1.0,0.02148,0.01812,0.48714,0.47903,0.9675,0.95,0.14428,0.02857,0.23691,0.71298,0,0,0,0
Vadodara,1,48.4,13.1,4.5,8.0,0.753,39,2,71.1,44.4,26.7,0.0,0.16144,0.0936,0.56217,0.75349,0.9025,0.9,0.4218,0.05714,0.30457,0.33639,0,0,0,0
Vadodara,0,1.4,0.5,3.05,8.0,0.279,39,2,45.2,23.3,35.1,0.0,0.00481,0.00334,0.38095,0.27903,0.9025,0.9,0,0.05714,0.04072,0.75526,0,0,0,0
Navsari,0,5.5,2.5,3.27,7.3,0.544,11,1,57.7,16.7,33.0,1.0,0.01839,0.01762,0.44833,0.54398,0.9725,0.95,0.15325,0.02857,0,0.65028,0,0,0,0
Ahmedabad,1,84.8,41.4,6.03,8.5,0.708,53,2,78.8,22.7,25.3,0.0,0.28281,0.29561,0.7092,0.70802,0.8675,0.9,0.5754,0.05714,0.03383,0.26688,1,0,0,0
Bhuj,0,0.5,0.3,2.28,5.8,0.134,110,4,52.2,17.9,31.3,1.0,0.00173,0.00197,0.39366,0.13441,0.725,0.8,0.04303,0.11429,0,0.56715,0,0,0,0
Surat,0,6.7,2.2,4.42,9.4,0.393,13,1,59.4,16.1,33.9,1.0,0.02244,0.01564,0.46987,0.39341,0.9675,0.95,0.18843,0.02857,0,0.69562,0,0,0,0
Rajkot,1,97.7,34.1,4.84,7.2,0.681,134,3,88.6,16.2,24.8,0.0,0.3256,0.24332,0.67207,0.68062,0.665,0.85,0.77123,0.08571,0,0.23797,1,0,0,0
Bhuj,1,9.6,2.6,3.57,5.8,0.467,110,4,84.2,21.8,28.6,1.0,0.03192,0.0184,0.61596,0.46668,0.725,0.8,0.68496,0.11429,0.02207,0.43092,0,0,0,1
Vadodara,1,95.2,25.7,5.74,8.0,0.666,39,2,85.8,10.7,24.8,0.0,0.31722,0.18343,0.71784,0.66616,0.9025,0.9,0.7163,0.05714,0,0.23962,0,0,0,0
Patan,0,1.8,1.2,2.11,6.0,0.198,70,1,57.2,2,34.3,0.0,0.00585,0.00824,0.35231,0.19837,0.825,0.95,0.14474,0.02857,0,0.71278,0,0,0,0
Navsari,1,59.0,21.8,5.3,7.3,0.888,11,1,87.3,11.0,26.9,1.0,0.19656,0.15562,0.72562,0.88799,0.9725,0.95,0.74672,0.02857,0,0.34657,1,0,0,0
Bhavnagar,1,4.8,1.4,3.84,7.4,0.76,24,2,76.2,15.5,26.2,1.0,0.016,0.00983,0.51903,0.75976,0.94,0.9,0.52407,0.05714,0,0.31195,1,0,0,0
Dang,0,16.6,4.8,2.58,6.4,0.669,975,27,45.7,27.3,30.4,0.0,0.05529,0.03409,0.40242,0.66922,0,0,0,0.77143,0.0908,0.52087,0,0,0,0
Navsari,1,31.2,11.0,5.19,7.3,0.938,11,1,69.1,20.8,27.7,1.0,0.10408,0.07845,0.71066,0.93765,0.9725,0.95,0.3828,0.02857,0.01024,0.3864,1,0,0,0
Surat,0,17.9,10.3,5.19,9.4,0.533,13,1,50.7,11.7,34.7,1.0,0.05962,0.07341,0.55249,0.53322,0.9675,0.95,0.01338,0.02857,0,0.73573,0,0,0,0
Patan,0,0.5,0.4,1.27,6.0,0.166,70,1,51.1,9.7,33.8,0.0,0.00171,0.00251,0.21229,0.16565,0.825,0.95,0.02261,0.02857,0,0.6911,0,0,0,0
Valsad,1,34.3,3.1,3.63,7.0,0.956,12,2,81.1,35.8,25.2,1.0,0.11429,0.02205,0.51824,0.95599,0.97,0.9,0.62225,0.05714,0.19749,0.26003,1,0,1,0
Ahmedabad,0,11.0,1.9,3.26,8.5,0.476,53,2,53.7,11.0,31.9,0.0,0.03652,0.0134,0.384,0.47611,0.8675,0.9,0.07419,0.05714,0,0.59625,0,0,0,0
Bhavnagar,1,42.5,18.1,5.09,7.4,0.653,24,2,76.1,14.3,30.1,1.0,0.1417,0.12962,0.68757,0.65253,0.94,0.9,0.52132,0.05714,0,0.50583,0,0,0,0
Bhuj,1,6.2,2.1,2.31,5.8,0.59,110,4,82.5,41.8,25.8,1.0,0.02061,0.01479,0.39886,0.58957,0.725,0.8,0.65092,0.11429,0.2724,0.29056,0,0,1,0
Jamnagar,0,0.3,0.2,1.83,6.5,0.416,20,2,53.2,7.3,34.0,1.0,0.00114,0.00116,0.28078,0.41576,0.95,0.9,0.06334,0.05714,0,0.70062,0,0,0,0
Ahmedabad,0,5.8,3.2,2.95,8.5,0.396,53,2,64.5,34.0,32.4,0.0,0.0193,0.02264,0.34702,0.3955,0.8675,0.9,0.28913,0.05714,0.17542,0.62134,0,0,0,0
Vadodara,1,2.1,0.2,3.06,8.0,0.712,39,2,77.9,8.9,28.0,0.0,0.00694,0.00177,0.38284,0.71168,0.9025,0.9,0.55776,0.05714,0,0.3993,0,0,0,0
Surat,0,7.5,2.9,4.48,9.4,0.566,13,1,47.5,15.9,33.4,1.0,0.02494,0.02068,0.47694,0.56645,0.9675,0.95,0,0.02857,0,0.67239,0,0,1,0
Ahmedabad,1,0.1,0.0,5.15,8.5,0.863,53,2,74.5,10.7,26.8,0.0,0.00046,0.00014,0.60534,0.86343,0.8675,0.9,0.49042,0.05714,0,0.33798,0,0,0,0
Dang,1,138.3,82.7,6.0,6.4,1.0,975,27,88.6,8.1,28.8,0.0,0.46093,0.59085,0.93767,1.0,0,0,0.77173,0.77143,0,0.43898,1,0,0,1
Rajkot,0,1.2,0.7,2.12,7.2,0.178,134,3,45.7,17.4,32.6,0.0,0.0041,0.00482,0.29438,0.17773,0.665,0.85,0,0.08571,0,0.62827,0,0,0,0
Ahmedabad,0,5.5,3.8,3.63,8.5,0.446,53,2,59.7,21.8,33.9,0.0,0.01839,0.02685,0.42675,0.44644,0.8675,0.9,0.19435,0.05714,0.02226,0.69561,0,0,0,0
Ahmedabad,1,16.2,4.8,3.72,8.5,0.745,53,2,87.2,43.4,27.3,0.0,0.05412,0.03461,0.43795,0.74478,0.8675,0.9,0.74365,0.05714,0.29255,0.36399,0,0,0,0
Jamnagar,0,15.6,4.4,3.08,6.5,0.336,20,2,46.1,17.2,32.4,1.0,0.05187,0.03153,0.47338,0.3359,0.95,0.9,0,0.05714,0,0.62019,0,0,0,0
Bhuj,1,4.8,3.4,2.71,5.8,0.532,110,4,85.7,3.3,29.1,1.0,0.01584,0.02393,0.46795,0.5319,0.725,0.8,0.71377,0.11429,0,0.45663,0,0,0,0
Jamnagar,1,72.9,26.9,4.29,6.5,0.749,20,2,80.9,11.2,29.8,1.0,0.24315,0.19188,0.66035,0.7494,0.95,0.9,0.61853,0.05714,0,0.49227,1,0,0,0
Rajkot,1,16.7,6.0,2.87,7.2,0.642,134,3,87.2,5.7,30.6,0.0,0.05575,0.04275,0.39901,0.64248,0.665,0.85,0.74409,0.08571,0,0.53235,0,0,0,0
Bhuj,0,4.7,2.3,1.6,5.8,0.131,110,4,42.5,14.2,31.7,1.0,0.01563,0.01639,0.27628,0.13082,0.725,0.8,0,0.11429,0,0.58328,0,0,0,0
Bhuj,1,7.5,4.4,2.78,5.8,0.418,110,4,83.4,2.4,27.7,1.0,0.02516,0.03153,0.47943,0.41795,0.725,0.8,0.66758,0.11429,0,0.38731,0,0,0,0
Rajkot,1,5.7,3.5,4.43,7.2,0.675,134,3,83.5,13.2,25.3,0.0,0.01894,0.02502,0.61508,0.6747,0.665,0.85,0.67048,0.08571,0,0.26541,0,0,0,0
Bhuj,0,2.2,1.5,2.56,5.8,0.154,110,4,54.8,22.3,34.7,1.0,0.00738,0.01036,0.44052,0.154,0.725,0.8,0.09569,0.11429,0.02839,0.73557,0,0,0,0
Bhavnagar,1,30.1,14.0,4.85,7.4,0.762,24,2,68.8,10.2,26.2,1.0,0.10018,0.1003,0.65534,0.76174,0.94,0.9,0.37543,0.05714,0,0.30864,0,0,0,0
Bhuj,1,11.6,1.1,2.55,5.8,0.394,110,4,89.0,11.1,30.2,1.0,0.03875,0.00801,0.43973,0.39355,0.725,0.8,0.77922,0.11429,0,0.50987,0,0,0,1
Navsari,0,13.7,5.7,4.54,7.3,0.426,11,1,45.7,27.5,34.7,1.0,0.04572,0.04043,0.62154,0.42595,0.9725,0.95,0,0.02857,0.09345,0.73393,0,0,0,0
Jamnagar,1,25.2,21.3,3.23,6.5,0.623,20,2,85.7,9.1,31.1,1.0,0.08416,0.15179,0.49749,0.6226,0.95,0.9,0.71421,0.05714,0,0.55337,1,0,0,1
Patan,0,1.5,0.5,2.46,6.0,0.285,70,1,50.4,12.8,33.6,0.0,0.00501,0.00377,0.40989,0.28487,0.825,0.95,0.00897,0.02857,0,0.68145,0,0,0,0
Porbandar,1,23.4,9.4,2.99,6.2,0.59,8,1,74.0,15.0,29.3,1.0,0.07807,0.06709,0.48236,0.59025,0.98,0.95,0.48016,0.02857,0,0.46322,0,0,0,0
Jamnagar,1,28.7,3.8,3.22,6.5,0.59,20,2,81.8,8.6,27.2,1.0,0.09554,0.02742,0.49492,0.58976,0.95,0.9,0.6366,0.05714,0,0.36162,1,0,0,0
Dang,1,36.5,21.8,3.95,6.4,0.863,975,27,82.1,10.8,28.8,0.0,0.1215,0.15555,0.61683,0.86348,0,0,0.64183,0.77143,0,0.43873,0,0,0,0
Bhuj,1,13.4,9.2,2.66,5.8,0.398,110,4,78.5,69.8,30.8,1.0,0.04475,0.06596,0.45885,0.39773,0.725,0.8,0.57007,0.11429,0.62204,0.53893,0,0,1,0
Porbandar,0,0.5,0.1,2.16,6.2,0.32,8,1,59.8,85.6,30.2,1.0,0.00159,0.00102,0.34822,0.32019,0.98,0.95,0.19591,0.02857,0.82032,0.50929,0,0,0,0
Rajkot,0,3.7,1.7,2.66,7.2,0.184,134,3,61.8,11.1,31.6,0.0,0.01236,0.01222,0.36891,0.18439,0.665,0.85,0.23528,0.08571,0,0.58192,0,0,0,0
Bhuj,1,34.1,19.6,3.17,5.8,0.401,110,4,83.5,8.7,24.1,1.0,0.11368,0.13983,0.54626,0.40057,0.725,0.8,0.67098,0.11429,0,0.20406,0,0,0,0
Valsad,1,30.9,13.2,3.2,7.0,1.0,12,2,72.7,9.7,26.4,1.0,0.10292,0.09428,0.45742,1.0,0.97,0.9,0.45316,0.05714,0,0.32121,0,0,0,1
Porbandar,1,48.2,13.8,3.22,6.2,0.712,8,1,68.1,4.3,28.1,1.0,0.16078,0.09848,0.51917,0.7122,0.98,0.95,0.36236,0.02857,0,0.40283,1,0,0,0
Ahmedabad,1,29.0,10.3,5.66,8.5,0.775,53,2,72.6,17.3,33.7,0.0,0.09679,0.07335,0.66572,0.77461,0.8675,0.9,0.45111,0.05714,0,0.68425,0,0,0,0
Surat,1,104.2,11.2,7.66,9.4,0.901,13,1,92.4,9.4,25.6,1.0,0.34742,0.0803,0.81515,0.90058,0.9675,0.95,0.84897,0.02857,0,0.27966,0,0,0,0
Jamnagar,1,2.8,1.0,1.86,6.5,0.642,20,2,76.5,11.9,29.9,1.0,0.00948,0.00681,0.28652,0.64163,0.95,0.9,0.53067,0.05714,0,0.49283,1,0,0,0
Porbandar,1,18.2,1.5,2.82,6.2,0.712,8,1,75.2,30.7,24.4,1.0,0.06062,0.01096,0.4547,0.71188,0.98,0.95,0.50318,0.02857,0.13412,0.21813,0,0,0,1
Patan,1,1.8,0.6,3.1,6.0,0.649,70,1,95.5,19.0,28.5,0.0,0.00614,0.00404,0.51746,0.64885,0.825,0.95,0.91029,0.02857,0,0.42541,0,0,0,0
Patan,1,2.6,1.1,1.33,6.0,0.497,70,1,85.3,33.1,24.9,0.0,0.00867,0.00761,0.22089,0.49712,0.825,0.95,0.70541,0.02857,0.16395,0.24427,0,0,0,0
Navsari,0,38.1,24.1,4.72,7.3,0.535,11,1,49.1,4.2,31.8,1.0,0.12714,0.17233,0.64683,0.53478,0.9725,0.95,0,0.02857,0,0.58957,0,0,0,0
Bhavnagar,1,19.6,12.0,3.82,7.4,0.726,24,2,78.6,45.4,26.6,1.0,0.06549,0.08586,0.5165,0.72632,0.94,0.9,0.57295,0.05714,0.31701,0.33216,0,0,1,0
Bhuj,0,2.0,0.4,1.68,5.8,0.139,110,4,40.6,31.1,31.7,1.0,0.0068,0.00263,0.29045,0.13871,0.725,0.8,0,0.11429,0.1388,0.58527,0,0,0,0
Navsari,1,54.2,28.1,5.26,7.3,0.94,11,1,80.6,9.9,23.1,1.0,0.18081,0.2009,0.72089,0.94047,0.9725,0.95,0.61182,0.02857,0,0.15335,1,0,0,0
Rajkot,1,17.6,9.5,3.3,7.2,0.571,134,3,90.4,2.5,27.6,0.0,0.05868,0.06816,0.45896,0.57114,0.665,0.85,0.80865,0.08571,0,0.38194,0,0,0,0
Ahmedabad,0,1.0,0.1,4.0,8.5,0.434,53,2,51.6,2.5,29.9,0.0,0.00345,0.00082,0.47105,0.43445,0.8675,0.9,0.03162,0.05714,0,0.49346,0,0,0,0
Ahmedabad,1,53.8,8.4,5.46,8.5,0.796,53,2,88.7,18.0,23.8,0.0,0.17942,0.06004,0.64209,0.79634,0.8675,0.9,0.77423,0.05714,0,0.18753,1,0,1,0
Navsari,1,15.5,6.7,3.72,7.3,0.901,11,1,72.7,12.6,29.5,1.0,0.05152,0.04764,0.50896,0.90068,0.9725,0.95,0.45319,0.02857,0,0.47277,1,0,0,0
Dang,1,59.1,3.6,4.07,6.4,0.987,975,27,87.4,24.3,22.2,0.0,0.19709,0.02552,0.63521,0.98699,0,0,0.74765,0.77143,0.05358,0.10774,0,0,0,0
Dang,1,6.0,4.5,4.56,6.4,1.0,975,27,62.5,11.9,26.8,0.0,0.02005,0.03226,0.71235,1.0,0,0,0.24996,0.77143,0,0.3376,0,0,0,0
Vadodara,1,44.0,35.6,4.91,8.0,0.826,39,2,81.5,18.2,28.6,0.0,0.14664,0.25428,0.61414,0.82628,0.9025,0.9,0.63087,0.05714,0,0.42888,0,0,0,1
Jamnagar,1,21.5,5.4,3.18,6.5,0.709,20,2,87.5,60.8,29.6,1.0,0.07158,0.03829,0.48857,0.7094,0.95,0.9,0.74986,0.05714,0.5098,0.47782,1,0,0,0
Bhavnagar,0,5.9,1.6,2.96,7.4,0.402,24,2,45.7,9.2,31.2,1.0,0.01974,0.01156,0.39977,0.402,0.94,0.9,0,0.05714,0,0.55781,0,0,0,1
Jamnagar,1,0.8,0.4,3.2,6.5,0.778,20,2,76.3,12.4,25.7,1.0,0.00256,0.00256,0.4927,0.77842,0.95,0.9,0.52609,0.05714,0,0.28384,0,0,0,0
Navsari,0,11.8,3.0,4.22,7.3,0.631,11,1,46.7,7.6,32.5,1.0,0.03925,0.02157,0.57769,0.63134,0.9725,0.95,0,0.02857,0,0.62657,0,0,0,0
Vadodara,1,33.0,8.8,4.87,8.0,0.848,39,2,76.9,20.8,29.6,0.0,0.11005,0.06285,0.60853,0.84829,0.9025,0.9,0.53855,0.05714,0.00999,0.48161,0,0,0,0
Navsari,0,12.7,4.2,3.1,7.3,0.6,11,1,60.4,23.4,32.8,1.0,0.04248,0.02994,0.42494,0.60028,0.9725,0.95,0.20829,0.02857,0.0423,0.64018,0,0,0,0
Ahmedabad,1,31.0,5.8,4.95,8.5,0.79,53,2,87.5,3.0,25.8,0.0,0.10319,0.04167,0.58294,0.79043,0.8675,0.9,0.74934,0.05714,0,0.28971,0,0,0,0
Vadodara,0,5.9,2.0,3.6,8.0,0.405,39,2,54.7,9.8,34.2,0.0,0.01954,0.01417,0.45061,0.40501,0.9025,0.9,0.0935,0.05714,0,0.7119,0,0,0,0
Bhavnagar,0,4.7,1.1,2.21,7.4,0.433,24,2,52.4,21.9,32.1,1.0,0.01571,0.00807,0.29822,0.43308,0.94,0.9,0.04871,0.05714,0.02337,0.60404,0,0,0,0
Bhuj,1,2.1,1.1,2.49,5.8,0.492,110,4,71.1,22.8,25.2,1.0,0.00714,0.00785,0.42941,0.49171,0.725,0.8,0.42115,0.11429,0.03453,0.2585,0,0,0,0
Dang,1,27.6,2.4,4.34,6.4,0.892,975,27,77.6,22.5,28.8,0.0,0.09206,0.01739,0.67843,0.89195,0,0,0.55182,0.77143,0.03139,0.43806,0,0,0,0
Ahmedabad,1,46.6,2.3,5.71,8.5,0.845,53,2,82.4,13.6,29.1,0.0,0.15541,0.01676,0.67208,0.84481,0.8675,0.9,0.64849,0.05714,0,0.45569,0,0,0,0
Jamnagar,1,40.7,18.5,3.58,6.5,0.681,20,2,81.3,46.8,31.1,1.0,0.13559,0.13182,0.55008,0.68052,0.95,0.9,0.62558,0.05714,0.33496,0.55438,0,0,1,1
Navsari,1,45.5,20.9,4.73,7.3,1.0,11,1,81.8,6.4,25.1,1.0,0.15164,0.14906,0.64828,1.0,0.9725,0.95,0.63522,0.02857,0,0.25745,0,0,0,0
Porbandar,1,8.8,2.1,2.54,6.2,0.617,8,1,76.0,9.6,28.3,1.0,0.02923,0.01478,0.40916,0.61744,0.98,0.95,0.51939,0.02857,0,0.41262,0,0,0,0
Porbandar,0,17.0,0.9,2.55,6.2,0.372,8,1,55.4,4.5,31.2,1.0,0.05677,0.00625,0.41066,0.37186,0.98,0.95,0.10858,0.02857,0,0.558,0,0,0,0
Rajkot,1,22.9,8.4,3.33,7.2,0.659,134,3,90.0,13.4,28.5,0.0,0.07628,0.05992,0.46197,0.65902,0.665,0.85,0.80055,0.08571,0,0.42494,0,0,0,0
Navsari,0,7.8,1.7,3.79,7.3,0.577,11,1,47.9,15.9,32.9,1.0,0.02608,0.01205,0.51957,0.57665,0.9725,0.95,0,0.02857,0,0.64676,0,0,0,0
Rajkot,1,22.2,12.1,3.23,7.2,0.66,134,3,71.8,18.3,25.0,0.0,0.07385,0.08639,0.44799,0.66034,0.665,0.85,0.4364,0.08571,0,0.25145,0,1,0,0
Dang,1,90.1,71.0,4.29,6.4,0.935,975,27,84.7,12.1,26.8,0.0,0.30027,0.50703,0.66995,0.93489,0,0,0.69384,0.77143,0,0.34038,1,1,0,0
Vadodara,0,9.7,5.6,3.22,8.0,0.31,39,2,54.9,21.6,32.2,0.0,0.03228,0.03972,0.40295,0.31017,0.9025,0.9,0.09811,0.05714,0.02001,0.60852,0,0,0,0
Bhuj,0,3.0,0.8,2.52,5.8,0.161,110,4,54.5,12.9,31.5,1.0,0.01004,0.00591,0.43464,0.16053,0.725,0.8,0.08901,0.11429,0,0.57619,0,0,0,0
Bhuj,0,3.0,1.6,1.88,5.8,0.174,110,4,55.4,125.9,33.7,1.0,0.01011,0.01137,0.3242,0.17414,0.725,0.8,0.10838,0.11429,1,0.68505,1,0,1,0
Porbandar,1,30.3,12.2,2.69,6.2,0.595,8,1,70.8,47.9,26.6,1.0,0.10102,0.08744,0.43441,0.59523,0.98,0.95,0.41689,0.02857,0.34916,0.33089,1,0,1,0
Dang,1,54.7,11.2,4.24,6.4,0.969,975,27,84.4,18.5,27.6,0.0,0.18221,0.08009,0.66202,0.96929,0,0,0.6875,0.77143,0,0.37957,0,1,0,0
Bhavnagar,0,3.2,1.6,3.09,7.4,0.287,24,2,50.7,15.3,33.1,1.0,0.01063,0.01164,0.41742,0.28657,0.94,0.9,0.01308,0.05714,0,0.65521,0,0,1,0
Dang,1,59.5,20.1,4.35,6.4,0.963,975,27,84.4,26.1,25.1,0.0,0.19833,0.14334,0.68,0.96324,0,0,0.68783,0.77143,0.07584,0.25334,0,1,0,0
Dang,0,3.2,1.8,3.45,6.4,0.557,975,27,46.4,2.1,32.5,0.0,0.01065,0.01312,0.53978,0.55702,0,0,0,0.77143,0,0.62368,0,1,0,0
Bhuj,1,13.6,7.6,2.66,5.8,0.471,110,4,80.4,2,27.8,1.0,0.04517,0.0544,0.45895,0.47138,0.725,0.8,0.60783,0.11429,0,0.38983,0,0,0,0
Valsad,0,3.0,0.8,4.17,7.0,0.594,12,2,47.9,72.9,30.2,1.0,0.01008,0.00591,0.59612,0.5943,0.97,0.9,0,0.05714,0.66085,0.51187,1,0,0,0
Patan,0,3.6,1.1,2.18,6.0,0.112,70,1,52.6,7.5,32.9,0.0,0.01186,0.00806,0.36303,0.11199,0.825,0.95,0.05121,0.02857,0,0.64487,0,0,0,0
Valsad,1,39.3,28.6,4.61,7.0,0.97,12,2,78.2,15.2,26.7,1.0,0.13108,0.20406,0.65914,0.97022,0.97,0.9,0.56382,0.05714,0,0.33428,1,0,0,0
Surat,0,1.6,0.4,3.44,9.4,0.495,13,1,52.4,9.6,33.4,1.0,0.00543,0.00284,0.36597,0.49456,0.9675,0.95,0.04845,0.02857,0,0.66796,0,0,0,0
Patan,0,3.8,2.5,1.43,6.0,0.298,70,1,41.6,20.9,32.6,0.0,0.01263,0.0179,0.23896,0.29834,0.825,0.95,0,0.02857,0.01125,0.62821,0,0,0,0
Surat,1,49.6,35.4,5.69,9.4,0.874,13,1,94.8,10.5,30.3,1.0,0.16524,0.25265,0.60545,0.87355,0.9675,0.95,0.89521,0.02857,0,0.514,1,0,0,0
Valsad,0,0.4,0.2,2.1,7.0,0.532,12,2,51.2,15.9,34.7,1.0,0.00146,0.00155,0.30047,0.53187,0.97,0.9,0.02376,0.05714,0,0.73359,0,0,0,0
Porbandar,0,5.0,0.7,2.3,6.2,0.392,8,1,53.2,25.1,34.8,1.0,0.01653,0.00479,0.37049,0.39239,0.98,0.95,0.0646,0.02857,0.06327,0.73792,0,0,0,0
Navsari,1,69.4,28.5,4.17,7.3,0.84,11,1,78.1,16.4,23.9,1.0,0.23136,0.20382,0.57129,0.84004,0.9725,0.95,0.56226,0.02857,0,0.19547,0,0,0,0
Rajkot,0,7.7,1.3,3.07,7.2,0.397,134,3,55.9,7.8,31.9,0.0,0.02574,0.00901,0.42658,0.39747,0.665,0.85,0.11744,0.08571,0,0.5962,0,0,0,0
Dang,0,8.5,5.4,3.2,6.4,0.593,975,27,48.4,22.7,34.8,0.0,0.02847,0.03893,0.49927,0.5932,0,0,0,0.77143,0.03369,0.73897,0,0,0,0
Surat,0,6.7,1.4,4.59,9.4,0.531,13,1,58.8,36.6,36.4,1.0,0.02245,0.01019,0.48852,0.53138,0.9675,0.95,0.17547,0.02857,0.20726,0.81944,0,0,0,0
Ahmedabad,1,122.6,94.2,6.94,8.5,1.0,53,2,79.4,5.1,23.3,0.0,0.40872,0.67265,0.81668,1.0,0.8675,0.9,0.58895,0.05714,0,0.16313,1,0,0,1
Vadodara,1,51.5,25.0,4.62,8.0,0.719,39,2,88.4,12.6,27.2,0.0,0.17158,0.17863,0.57691,0.71909,0.9025,0.9,0.76882,0.05714,0,0.35771,1,0,0,0
Ahmedabad,0,0.4,0.0,3.73,8.5,0.348,53,2,40.6,8.3,29.8,0.0,0.00135,0.00034,0.43867,0.34831,0.8675,0.9,0,0.05714,0,0.49201,0,0,0,0
Vadodara,0,12.2,9.2,3.31,8.0,0.394,39,2,67.7,50.4,30.5,0.0,0.04069,0.06571,0.41341,0.39376,0.9025,0.9,0.35314,0.05714,0.37938,0.52311,0,0,0,0
Patan,1,9.4,2.9,2.61,6.0,0.507,70,1,75.8,2,29.1,0.0,0.03129,0.02095,0.43561,0.50689,0.825,0.95,0.51554,0.02857,0,0.45682,0,0,0,0
Valsad,0,9.7,5.8,3.8,7.0,0.582,12,2,46.5,15.0,33.1,1.0,0.03241,0.04142,0.54233,0.58203,0.97,0.9,0,0.05714,0,0.65479,0,0,0,0
Navsari,1,52.1,5.3,4.23,7.3,0.836,11,1,86.4,29.6,30.2,1.0,0.17368,0.03816,0.57935,0.83633,0.9725,0.95,0.7275,0.02857,0.12013,0.51044,0,0,0,0
Navsari,1,72.5,35.0,4.88,7.3,0.956,11,1,79.2,35.2,28.6,1.0,0.24173,0.25022,0.6691,0.95611,0.9725,0.95,0.58482,0.02857,0.18939,0.43132,1,0,0,0
Vadodara,1,34.5,12.6,4.52,8.0,0.898,39,2,76.4,14.4,28.9,0.0,0.11505,0.09025,0.56438,0.89836,0.9025,0.9,0.5285,0.05714,0,0.44651,0,0,0,0
Navsari,0,13.2,2.2,4.08,7.3,0.504,11,1,48.8,28.2,31.1,1.0,0.04405,0.01567,0.55863,0.50401,0.9725,0.95,0,0.02857,0.10202,0.55473,0,0,0,0
Bhuj,1,20.2,11.0,2.89,5.8,0.454,110,4,69.9,20.8,24.6,1.0,0.06723,0.07876,0.49903,0.45388,0.725,0.8,0.39889,0.11429,0.00965,0.23162,0,0,0,1
Valsad,0,9.9,5.6,3.34,7.0,0.443,12,2,51.4,23.1,30.2,1.0,0.03288,0.03969,0.47745,0.44264,0.97,0.9,0.02866,0.05714,0.03905,0.5079,0,0,0,0
Porbandar,0,6.2,3.4,2.06,6.2,0.35,8,1,46.6,28.1,27.0,1.0,0.02054,0.02449,0.33211,0.34993,0.98,0.95,0,0.02857,0.10157,0.35097,0,0,0,0
Bhuj,1,0.8,0.2,2.34,5.8,0.441,110,4,80.3,28.5,24.9,1.0,0.00265,0.00119,0.40363,0.44079,0.725,0.8,0.60536,0.11429,0.10566,0.24675,1,0,0,0
Valsad,0,5.7,1.5,1.64,7.0,0.567,12,2,51.4,20.1,31.3,1.0,0.01897,0.01067,0.23479,0.56668,0.97,0.9,0.02759,0.05714,0.00109,0.56529,0,0,0,0
Ahmedabad,1,40.9,11.5,5.18,8.5,0.847,53,2,73.7,33.6,29.4,0.0,0.13627,0.08204,0.60884,0.84676,0.8675,0.9,0.47376,0.05714,0.16978,0.46936,1,0,1,0
Jamnagar,0,2.4,1.4,1.3,6.5,0.32,20,2,53.2,2,26.0,1.0,0.00801,0.00986,0.20017,0.32033,0.95,0.9,0.06357,0.05714,0,0.30245,0,0,0,0
Bhavnagar,1,35.1,18.1,3.39,7.4,0.675,24,2,80.7,16.1,27.4,1.0,0.1169,0.12901,0.45756,0.67465,0.94,0.9,0.61327,0.05714,0,0.36832,0,0,1,0
Surat,1,18.3,8.6,5.7,9.4,0.919,13,1,73.7,15.1,28.5,1.0,0.06114,0.06119,0.60586,0.91941,0.9675,0.95,0.47371,0.02857,0,0.42543,0,0,0,0
Surat,0,27.2,17.0,3.94,9.4,0.412,13,1,54.0,6.8,28.6,1.0,0.09068,0.12119,0.41907,0.41222,0.9675,0.95,0.08019,0.02857,0,0.42775,0,0,0,0
Porbandar,1,101.5,52.4,4.98,6.2,0.8,8,1,93.0,25.6,27.8,1.0,0.3383,0.37398,0.80342,0.79958,0.98,0.95,0.85958,0.02857,0.07023,0.39093,1,0,0,0
Surat,0,6.5,3.0,4.1,9.4,0.572,13,1,48.7,9.2,33.6,1.0,0.02152,0.02161,0.43646,0.57236,0.9675,0.95,0,0.02857,0,0.68242,0,1,0,0
Vadodara,1,71.7,38.9,6.32,8.0,0.789,39,2,94.6,38.0,28.2,0.0,0.23915,0.27763,0.78955,0.78874,0.9025,0.9,0.8926,0.05714,0.22556,0.41167,1,0,1,0
Dang,0,4.2,0.7,3.5,6.4,0.615,975,27,53.6,12.9,32.9,0.0,0.01387,0.00482,0.54634,0.61502,0,0,0.07145,0.77143,0,0.64653,0,0,0,0
Rajkot,1,14.8,7.4,3.31,7.2,0.652,134,3,74.5,8.6,27.7,0.0,0.04935,0.05284,0.45934,0.65228,0.665,0.85,0.49001,0.08571,0,0.386,0,0,0,0
Bhavnagar,1,76.6,56.8,4.81,7.4,0.89,24,2,78.3,15.6,22.8,1.0,0.25528,0.40559,0.64991,0.89031,0.94,0.9,0.56658,0.05714,0,0.14148,1,0,0,1
Valsad,0,1.3,0.6,1.82,7.0,0.472,12,2,39.3,13.7,29.0,1.0,0.0043,0.00405,0.25973,0.47188,0.97,0.9,0,0.05714,0,0.4514,0,0,0,0
Bhavnagar,1,55.7,28.6,4.98,7.4,0.859,24,2,75.5,7.6,29.5,1.0,0.18571,0.20449,0.67233,0.85868,0.94,0.9,0.51022,0.05714,0,0.47414,0,0,0,0
Valsad,0,9.1,5.1,3.64,7.0,0.611,12,2,35.1,2.4,33.7,1.0,0.03027,0.03634,0.52018,0.61095,0.97,0.9,0,0.05714,0,0.6865,0,0,0,0
Rajkot,1,33.8,11.2,3.92,7.2,0.656,134,3,65.6,19.7,32.2,0.0,0.11269,0.07989,0.54468,0.6564,0.665,0.85,0.31172,0.08571,0,0.61143,0,0,0,0
Vadodara,1,10.8,0.9,4.26,8.0,0.739,39,2,86.7,13.4,28.0,0.0,0.03599,0.00624,0.53226,0.7389,0.9025,0.9,0.73381,0.05714,0,0.39778,0,0,0,0
Rajkot,1,26.0,7.4,3.57,7.2,0.507,134,3,79.1,12.2,32.6,0.0,0.08651,0.05273,0.49555,0.50734,0.665,0.85,0.5812,0.08571,0,0.62854,0,0,0,0
Rajkot,1,26.9,17.8,3.83,7.2,0.493,134,3,85.9,4.1,24.7,0.0,0.08974,0.12707,0.53203,0.49319,0.665,0.85,0.71805,0.08571,0,0.2355,0,0,0,0
Porbandar,1,18.2,7.5,2.5,6.2,0.628,8,1,74.8,34.3,25.8,1.0,0.06065,0.05336,0.40271,0.62849,0.98,0.95,0.49585,0.02857,0.17825,0.29205,0,0,0,1
Navsari,1,9.9,3.7,3.5,7.3,1.0,11,1,76.2,21.7,31.4,1.0,0.03316,0.02664,0.47897,1.0,0.9725,0.95,0.52375,0.02857,0.02143,0.57029,0,0,0,0
Navsari,1,71.9,15.0,5.08,7.3,0.972,11,1,88.9,27.0,26.1,1.0,0.23954,0.10702,0.69538,0.97171,0.9725,0.95,0.77867,0.02857,0.087,0.30287,1,0,1,1
Bhavnagar,1,66.6,26.2,3.76,7.4,0.682,24,2,90.8,113.6,25.9,1.0,0.22209,0.18705,0.5079,0.68167,0.94,0.9,0.81658,0.05714,1,0.2934,0,1,0,1
Navsari,0,3.6,2.2,3.77,7.3,0.575,11,1,54.5,11.1,30.5,1.0,0.01192,0.01604,0.5162,0.57495,0.9725,0.95,0.09091,0.02857,0,0.52292,0,0,0,0
Dang,0,1.1,0.7,3.31,6.4,0.552,975,27,53.9,7.9,27.2,0.0,0.00372,0.00504,0.51753,0.55228,0,0,0.07891,0.77143,0,0.36047,0,0,0,0
Rajkot,1,21.2,17.6,2.89,7.2,0.591,134,3,84.1,27.1,24.3,0.0,0.07076,0.1258,0.40071,0.59147,0.665,0.85,0.68166,0.08571,0.08866,0.21717,0,0,0,0
Rajkot,1,9.4,3.7,3.84,7.2,0.567,134,3,81.3,4.8,27.2,0.0,0.03126,0.02615,0.53304,0.56746,0.665,0.85,0.6255,0.08571,0,0.36243,0,0,0,0
Jamnagar,1,8.6,4.7,3.58,6.5,0.752,20,2,67.3,2,27.0,1.0,0.02864,0.03355,0.55012,0.75177,0.95,0.9,0.34515,0.05714,0,0.3492,0,0,0,0
Vadodara,1,8.2,2.2,4.09,8.0,0.844,39,2,74.8,23.1,32.5,0.0,0.02749,0.01559,0.51064,0.84365,0.9025,0.9,0.49537,0.05714,0.03832,0.62547,0,0,0,0
Patan,1,1.5,0.9,3.0,6.0,0.485,70,1,81.1,18.1,26.3,0.0,0.00491,0.0062,0.50071,0.48513,0.825,0.95,0.62238,0.02857,0,0.31641,1,0,0,0
Rajkot,0,4.5,2.8,2.71,7.2,0.303,134,3,51.2,17.4,31.6,0.0,0.01511,0.02028,0.37654,0.3033,0.665,0.85,0.02465,0.08571,0,0.58229,0,0,0,0
Navsari,1,82.7,31.0,6.61,7.3,1.0,11,1,77.5,10.9,27.0,1.0,0.27567,0.22149,0.90582,1.0,0.9725,0.95,0.54931,0.02857,0,0.35199,0,0,0,0
Bhavnagar,1,37.9,10.2,4.32,7.4,0.784,24,2,80.5,9.3,25.2,1.0,0.12634,0.07266,0.58339,0.78415,0.94,0.9,0.61026,0.05714,0,0.26096,1,0,0,0
Bhuj,0,0.8,0.2,1.73,5.8,0.088,110,4,67.5,11.3,32.4,1.0,0.00271,0.00173,0.2989,0.08771,0.725,0.8,0.34988,0.11429,0,0.61903,0,0,0,0
Ahmedabad,1,30.1,20.7,4.24,8.5,0.742,53,2,73.2,53.8,28.1,0.0,0.10027,0.14785,0.49896,0.74221,0.8675,0.9,0.46462,0.05714,0.42254,0.40478,0,0,0,0
Valsad,1,14.3,6.1,4.26,7.0,0.869,12,2,83.7,16.6,23.5,1.0,0.04775,0.04342,0.60832,0.86877,0.97,0.9,0.67345,0.05714,0,0.17716,0,0,0,0
Navsari,1,37.7,8.3,5.21,7.3,0.957,11,1,85.9,7.1,26.9,1.0,0.12574,0.05918,0.71372,0.95717,0.9725,0.95,0.71808,0.02857,0,0.34309,1,0,0,0
Bhavnagar,0,4.2,1.2,2.54,7.4,0.38,24,2,65.1,17.0,34.9,1.0,0.01392,0.00886,0.3426,0.37958,0.94,0.9,0.30152,0.05714,0,0.74519,0,0,0,0
Bhavnagar,1,75.0,9.9,4.79,7.4,0.799,24,2,85.2,35.0,25.9,1.0,0.24987,0.0709,0.64757,0.79879,0.94,0.9,0.7044,0.05714,0.18737,0.29403,0,0,0,0
Rajkot,0,1.4,0.5,3.14,7.2,0.227,134,3,54.4,7.2,36.1,0.0,0.00457,0.00345,0.4363,0.22736,0.665,0.85,0.08841,0.08571,0,0.80479,0,0,0,0
Porbandar,0,4.4,2.6,2.93,6.2,0.401,8,1,46.3,11.5,32.9,1.0,0.01468,0.01873,0.47207,0.40073,0.98,0.95,0,0.02857,0,0.6441,0,0,0,0
Rajkot,1,98.5,38.2,5.39,7.2,0.716,134,3,84.3,6.1,28.4,0.0,0.32845,0.27303,0.749,0.71633,0.665,0.85,0.68501,0.08571,0,0.41818,0,0,0,1
Navsari,0,1.6,0.7,2.67,7.3,0.499,11,1,52.1,5.5,30.7,1.0,0.00539,0.00467,0.36587,0.49893,0.9725,0.95,0.04176,0.02857,0,0.53374,0,0,0,0
Patan,0,5.6,0.6,2.77,6.0,0.25,70,1,53.0,20.1,32.6,0.0,0.01866,0.00428,0.46213,0.25036,0.825,0.95,0.06035,0.02857,0.00171,0.62852,0,0,0,0
Dang,0,14.9,6.4,3.11,6.4,0.665,975,27,60.8,2,33.4,0.0,0.0496,0.04599,0.48643,0.66495,0,0,0.21565,0.77143,0,0.67157,0,0,0,0
Vadodara,0,8.3,2.8,3.05,8.0,0.372,39,2,47.0,8.7,35.0,0.0,0.0278,0.02033,0.38095,0.37176,0.9025,0.9,0,0.05714,0,0.74754,0,0,0,0
Valsad,1,155.2,17.9,6.39,7.0,1.0,12,2,93.6,21.6,23.8,1.0,0.51733,0.12758,0.91294,1.0,0.97,0.9,0.87205,0.05714,0.02004,0.19046,1,0,0,1
Rajkot,1,30.5,11.2,2.94,7.2,0.596,134,3,79.1,26.5,30.1,0.0,0.10171,0.08026,0.40871,0.59632,0.665,0.85,0.58153,0.08571,0.08183,0.50584,0,0,0,0
Ahmedabad,1,8.5,2.2,3.68,8.5,0.912,53,2,78.5,9.8,29.8,0.0,0.02817,0.0159,0.43319,0.91187,0.8675,0.9,0.57046,0.05714,0,0.48887,0,0,0,0
Bhavnagar,1,23.2,6.7,3.86,7.4,0.643,24,2,91.5,27.5,24.5,1.0,0.07726,0.04802,0.52194,0.64325,0.94,0.9,0.83033,0.05714,0.09413,0.22552,0,0,0,1
Ahmedabad,0,2.8,0.3,3.73,8.5,0.479,53,2,49.1,3.8,32.4,0.0,0.00937,0.00193,0.43839,0.47932,0.8675,0.9,0,0.05714,0,0.62081,0,0,0,0
Porbandar,1,35.8,6.9,3.12,6.2,0.815,8,1,81.6,36.3,25.8,1.0,0.11934,0.04953,0.50366,0.81547,0.98,0.95,0.63182,0.02857,0.20352,0.28968,1,0,0,1
Dang,0,4.6,1.0,3.01,6.4,0.55,975,27,59.3,5.9,31.0,0.0,0.0153,0.00716,0.47042,0.54985,0,0,0.18541,0.77143,0,0.54944,0,0,0,0
Surat,1,50.2,22.7,6.18,9.4,0.999,13,1,72.9,19.3,26.7,1.0,0.16736,0.16219,0.65751,0.99892,0.9675,0.95,0.45795,0.02857,0,0.33349,1,0,0,0
Surat,1,100.2,58.1,6.84,9.4,0.966,13,1,82.1,23.6,27.4,1.0,0.334,0.41506,0.72788,0.96628,0.9675,0.95,0.64231,0.02857,0.04484,0.37218,1,0,0,1
Surat,0,1.8,0.8,2.76,9.4,0.479,13,1,66.8,16.5,29.1,1.0,0.00616,0.00573,0.29343,0.47878,0.9675,0.95,0.3352,0.02857,0,0.45639,0,0,0,0
Patan,1,10.0,5.7,2.83,6.0,0.553,70,1,80.6,2.8,27.4,0.0,0.03337,0.04058,0.47169,0.55295,0.825,0.95,0.61199,0.02857,0,0.37018,0,0,0,0
Dang,1,82.7,39.7,4.18,6.4,0.985,975,27,79.9,34.7,26.7,0.0,0.27551,0.28372,0.65332,0.98526,0,0,0.59893,0.77143,0.18333,0.33651,0,1,0,1
Navsari,1,28.9,10.3,4.09,7.3,0.846,11,1,81.3,31.3,26.3,1.0,0.09621,0.07348,0.56029,0.84639,0.9725,0.95,0.62623,0.02857,0.14157,0.31486,0,0,0,0
Navsari,1,22.7,8.1,3.59,7.3,0.916,11,1,72.1,34.3,30.4,1.0,0.07576,0.05788,0.49112,0.9162,0.9725,0.95,0.44161,0.02857,0.17889,0.51945,1,0,0,0
Bhavnagar,1,9.8,2.4,3.34,7.4,0.568,24,2,84.7,31.0,27.5,1.0,0.03282,0.01712,0.45087,0.56779,0.94,0.9,0.69466,0.05714,0.13723,0.37278,0,0,0,0
Rajkot,0,0.8,0.0,3.1,7.2,0.133,134,3,47.4,27.3,33.2,0.0,0.00255,0.00028,0.43089,0.13266,0.665,0.85,0,0.08571,0.09163,0.66095,0,0,0,0
Bhuj,1,14.9,11.2,2.44,5.8,0.404,110,4,86.9,8.6,28.7,1.0,0.04968,0.08006,0.42087,0.40427,0.725,0.8,0.73828,0.11429,0,0.43747,0,0,0,0
Ahmedabad,0,0.5,0.2,3.59,8.5,0.445,53,2,55.1,26.8,33.1,0.0,0.00181,0.00135,0.42181,0.44532,0.8675,0.9,0.10144,0.05714,0.08538,0.65506,1,0,0,0
Bhavnagar,0,4.2,2.3,1.27,7.4,0.333,24,2,50.6,9.6,29.1,1.0,0.01385,0.01644,0.1712,0.33266,0.94,0.9,0.01107,0.05714,0,0.45466,0,0,0,0
Jamnagar,1,13.9,9.0,3.17,6.5,0.685,20,2,85.7,4.2,29.7,1.0,0.04635,0.0642,0.48748,0.68509,0.95,0.9,0.71317,0.05714,0,0.48276,0,0,0,0
Vadodara,0,6.4,2.5,3.03,8.0,0.365,39,2,62.6,5.4,31.8,0.0,0.02135,0.01777,0.37906,0.365,0.9025,0.9,0.25104,0.05714,0,0.58783,0,0,0,0
Bhuj,0,1.5,0.7,2.55,5.8,0.151,110,4,43.9,11.7,31.1,1.0,0.00506,0.0051,0.43956,0.15089,0.725,0.8,0,0.11429,0,0.55504,0,0,0,0
Ahmedabad,1,98.2,20.1,6.45,8.5,1.0,53,2,90.4,26.3,23.2,0.0,0.32717,0.14378,0.75879,1.0,0.8675,0.9,0.80701,0.05714,0.07887,0.15862,1,0,0,0
Ahmedabad,1,117.1,56.1,6.18,8.5,0.905,53,2,84.8,7.4,22.9,0.0,0.3902,0.40044,0.72759,0.90467,0.8675,0.9,0.69519,0.05714,0,0.14691,1,0,0,0
Bhavnagar,1,4.5,2.5,4.45,7.4,0.631,24,2,86.3,4.4,29.2,1.0,0.0149,0.01791,0.60148,0.63086,0.94,0.9,0.72656,0.05714,0,0.45778,0,0,0,0
Vadodara,0,6.3,1.8,2.78,8.0,0.367,39,2,49.3,13.4,30.6,0.0,0.02104,0.01274,0.34799,0.36699,0.9025,0.9,0,0.05714,0,0.52986,1,0,0,0
Navsari,1,54.5,42.7,5.27,7.3,1.0,11,1,89.0,23.0,23.4,1.0,0.18172,0.30467,0.72205,1.0,0.9725,0.95,0.7792,0.02857,0.03779,0.17091,0,0,0,0
Porbandar,0,2.9,1.5,2.11,6.2,0.366,8,1,60.6,23.2,34.2,1.0,0.0096,0.01064,0.34029,0.36563,0.98,0.95,0.21134,0.02857,0.03981,0.71245,0,0,0,0
Bhavnagar,1,32.9,12.8,2.66,7.4,0.647,24,2,72.4,24.9,26.0,1.0,0.10956,0.09178,0.35954,0.6473,0.94,0.9,0.44871,0.05714,0.06129,0.29984,0,0,0,0
Surat,1,15.4,3.8,3.84,9.4,0.798,13,1,82.8,17.8,26.2,1.0,0.05128,0.02691,0.40873,0.79798,0.9675,0.95,0.65643,0.02857,0,0.30912,0,0,0,0
Vadodara,0,10.4,6.2,3.6,8.0,0.294,39,2,48.9,9.9,30.1,0.0,0.03482,0.04464,0.45019,0.29371,0.9025,0.9,0,0.05714,0,0.50475,0,0,0,0
Porbandar,0,4.3,0.8,2.07,6.2,0.423,8,1,46.9,11.0,37.7,1.0,0.01448,0.00584,0.33348,0.42318,0.98,0.95,0,0.02857,0,0.88397,0,0,0,0
Jamnagar,0,9.9,3.4,2.52,6.5,0.224,20,2,51.7,7.0,32.3,1.0,0.03289,0.02412,0.38719,0.22366,0.95,0.9,0.03408,0.05714,0,0.61288,1,0,0,0
Jamnagar,0,5.6,2.9,1.69,6.5,0.239,20,2,43.0,2,34.3,1.0,0.01882,0.02061,0.25978,0.23868,0.95,0.9,0,0.05714,0,0.71615,0,0,0,0
Patan,1,11.4,7.9,3.85,6.0,0.499,70,1,86.6,49.4,28.3,0.0,0.038,0.0566,0.64159,0.49866,0.825,0.95,0.73256,0.02857,0.36796,0.41401,1,0,0,1
Surat,0,16.8,10.5,5.2,9.4,0.53,13,1,55.1,3.0,30.8,1.0,0.05614,0.07479,0.55321,0.52953,0.9675,0.95,0.10259,0.02857,0,0.54164,0,0,0,0
Bhavnagar,1,11.0,6.9,3.41,7.4,0.63,24,2,80.0,5.7,28.3,1.0,0.0366,0.04927,0.46027,0.63004,0.94,0.9,0.59918,0.05714,0,0.41292,0,0,0,0
Bhavnagar,0,5.2,2.9,2.6,7.4,0.336,24,2,61.1,32.3,30.2,1.0,0.01718,0.02102,0.35132,0.33635,0.94,0.9,0.22194,0.05714,0.15331,0.50894,0,0,0,0
Bhuj,1,18.2,5.5,3.44,5.8,0.492,110,4,88.1,70.0,25.2,1.0,0.06079,0.03932,0.59238,0.49243,0.725,0.8,0.76158,0.11429,0.62525,0.26016,0,0,1,0
Bhavnagar,1,13.3,7.5,3.86,7.4,0.666,24,2,78.9,12.9,28.1,1.0,0.04425,0.0535,0.52144,0.66573,0.94,0.9,0.57787,0.05714,0,0.40725,0,0,0,0
Valsad,0,9.3,5.4,4.2,7.0,0.588,12,2,62.2,58.9,34.9,1.0,0.03103,0.03869,0.60069,0.58782,0.97,0.9,0.24496,0.05714,0.4865,0.74557,1,0,0,0
Valsad,0,13.0,5.9,3.16,7.0,0.456,12,2,56.3,2.2,33.7,1.0,0.04347,0.04237,0.45172,0.45594,0.97,0.9,0.12593,0.05714,0,0.68275,0,0,0,0
Jamnagar,0,6.5,1.7,2.14,6.5,0.244,20,2,57.0,15.5,31.6,1.0,0.02176,0.01209,0.32971,0.24384,0.95,0.9,0.14063,0.05714,0,0.57839,0,0,0,0
Surat,0,1.3,0.6,3.89,9.4,0.51,13,1,44.8,3.9,31.2,1.0,0.00435,0.00432,0.41369,0.50984,0.9675,0.95,0,0.02857,0,0.56099,0,0,0,0
Vadodara,1,89.6,21.2,5.4,8.0,0.786,39,2,91.0,18.6,23.6,0.0,0.29869,0.15123,0.67472,0.78564,0.9025,0.9,0.82002,0.05714,0,0.18042,1,0,0,0
Valsad,0,17.3,8.0,3.41,7.0,0.576,12,2,46.4,21.9,33.3,1.0,0.05754,0.05713,0.48717,0.57598,0.97,0.9,0,0.05714,0.0237,0.66453,0,0,0,0
Dang,0,13.5,8.8,2.95,6.4,0.574,975,27,62.3,2,29.9,0.0,0.04499,0.06261,0.4603,0.57427,0,0,0.24548,0.77143,0,0.49716,0,0,0,0
Rajkot,1,16.4,6.8,4.09,7.2,0.542,134,3,84.0,8.5,25.3,0.0,0.05468,0.04847,0.56822,0.54198,0.665,0.85,0.67939,0.08571,0,0.26662,0,0,0,0
Valsad,0,9.7,2.8,2.55,7.0,0.539,12,2,55.5,9.1,33.1,1.0,0.0325,0.02031,0.36389,0.5392,0.97,0.9,0.10948,0.05714,0,0.65712,0,0,0,0
Jamnagar,0,3.6,0.9,1.83,6.5,0.212,20,2,58.7,4.6,32.0,1.0,0.01187,0.00652,0.28132,0.21246,0.95,0.9,0.17404,0.05714,0,0.60175,0,0,0,0
Ahmedabad,1,46.1,24.2,5.01,8.5,0.738,53,2,67.9,2.7,29.6,0.0,0.15354,0.17298,0.58941,0.73802,0.8675,0.9,0.35717,0.05714,0,0.48132,0,0,0,0
Porbandar,1,49.6,10.5,3.43,6.2,0.8,8,1,82.1,16.4,28.0,1.0,0.1653,0.07525,0.55291,0.79996,0.98,0.95,0.64222,0.02857,0,0.39902,0,0,0,0
Jamnagar,1,30.7,14.0,3.81,6.5,0.719,20,2,84.7,13.1,28.2,1.0,0.10248,0.10013,0.58683,0.71858,0.95,0.9,0.69389,0.05714,0,0.4109,1,0,0,0
Bhavnagar,1,17.0,2.3,3.9,7.4,0.799,24,2,74.8,29.7,26.4,1.0,0.05669,0.01635,0.52638,0.79927,0.94,0.9,0.49524,0.05714,0.12119,0.31766,0,0,0,0
Navsari,1,65.6,12.3,4.27,7.3,0.857,11,1,85.7,14.0,26.0,1.0,0.2185,0.08813,0.58467,0.85666,0.9725,0.95,0.71363,0.02857,0,0.29758,0,0,0,0
Dang,0,10.8,3.6,2.18,6.4,0.56,975,27,59.8,35.8,35.7,0.0,0.03589,0.02573,0.3401,0.56034,0,0,0.19508,0.77143,0.19797,0.78256,0,0,0,0
Bhuj,1,10.8,7.2,2.45,5.8,0.422,110,4,87.0,8.1,28.4,1.0,0.03605,0.05164,0.42221,0.42186,0.725,0.8,0.73954,0.11429,0,0.41849,0,0,0,0
Rajkot,1,11.9,3.9,4.06,7.2,0.616,134,3,73.1,2.9,28.6,0.0,0.03976,0.02781,0.56399,0.61574,0.665,0.85,0.46283,0.08571,0,0.43062,0,0,0,0
Bhuj,1,9.1,1.5,2.04,5.8,0.473,110,4,85.1,4.5,22.9,1.0,0.03021,0.01042,0.35087,0.47289,0.725,0.8,0.70164,0.11429,0,0.14626,0,0,0,0
Porbandar,0,6.6,4.4,2.87,6.2,0.227,8,1,52.9,19.1,32.2,1.0,0.02213,0.03147,0.46339,0.22685,0.98,0.95,0.05864,0.02857,0,0.60958,1,0,0,0
Bhavnagar,0,2.8,1.5,2.53,7.4,0.277,24,2,53.2,8.2,28.6,1.0,0.00944,0.01063,0.34161,0.27706,0.94,0.9,0.06404,0.05714,0,0.43135,1,0,0,0
Ahmedabad,0,3.1,0.6,3.78,8.5,0.497,53,2,59.7,13.1,33.8,0.0,0.0103,0.00448,0.4445,0.49736,0.8675,0.9,0.19341,0.05714,0,0.68826,0,0,0,0
Navsari,1,15.8,9.5,3.68,7.3,0.845,11,1,75.0,12.3,31.5,1.0,0.05261,0.06807,0.5041,0.84468,0.9725,0.95,0.50067,0.02857,0,0.57539,1,0,0,0
Vadodara,1,34.6,25.8,4.22,8.0,0.773,39,2,69.8,15.7,28.4,0.0,0.11536,0.18463,0.52703,0.77283,0.9025,0.9,0.39627,0.05714,0,0.41775,0,0,0,0
Ahmedabad,1,108.5,81.2,6.01,8.5,0.809,53,2,95.2,29.8,27.6,0.0,0.36181,0.57996,0.70744,0.80936,0.8675,0.9,0.90424,0.05714,0.12257,0.38158,1,0,0,0
Rajkot,1,3.4,1.6,3.06,7.2,0.558,134,3,85.6,15.5,24.6,0.0,0.01138,0.01168,0.42536,0.55804,0.665,0.85,0.71192,0.08571,0,0.23226,0,0,0,0
Rajkot,1,13.6,6.5,4.23,7.2,0.611,134,3,71.8,21.4,27.9,0.0,0.04542,0.04619,0.58775,0.61103,0.665,0.85,0.43548,0.08571,0.01701,0.39502,1,0,0,0
Vadodara,1,19.2,6.8,4.62,8.0,0.647,39,2,87.5,16.6,27.6,0.0,0.06397,0.04855,0.5777,0.64698,0.9025,0.9,0.74978,0.05714,0,0.37774,0,0,0,0
Rajkot,1,6.5,3.8,3.45,7.2,0.638,134,3,92.8,2.8,27.0,0.0,0.02162,0.02695,0.47966,0.63815,0.665,0.85,0.85674,0.08571,0,0.34965,0,0,0,0
Ahmedabad,1,25.5,7.7,5.88,8.5,0.898,53,2,83.3,12.5,27.8,0.0,0.08487,0.05503,0.69137,0.89843,0.8675,0.9,0.66623,0.05714,0,0.38875,0,0,0,0
Porbandar,1,97.8,13.1,3.28,6.2,0.651,8,1,90.1,19.7,28.0,1.0,0.32596,0.09368,0.52928,0.65107,0.98,0.95,0.80133,0.02857,0,0.40097,1,0,0,0
Ahmedabad,1,32.3,13.1,4.32,8.5,0.843,53,2,94.4,4.5,27.6,0.0,0.10768,0.09391,0.50803,0.84314,0.8675,0.9,0.8887,0.05714,0,0.38139,0,0,0,1
Valsad,1,10.4,8.0,3.88,7.0,0.802,12,2,88.2,56.1,30.3,1.0,0.03456,0.05714,0.55436,0.80169,0.97,0.9,0.76384,0.05714,0.45098,0.51716,0,0,0,0
Vadodara,0,9.8,2.3,2.4,8.0,0.381,39,2,56.0,7.6,28.7,0.0,0.0325,0.01672,0.29998,0.38078,0.9025,0.9,0.12013,0.05714,0,0.43716,1,0,0,0
Valsad,1,102.7,31.0,4.76,7.0,1.0,12,2,90.6,51.0,22.2,1.0,0.34233,0.22157,0.68055,1.0,0.97,0.9,0.81262,0.05714,0.38743,0.10915,1,0,0,0
Bhuj,1,20.1,8.7,2.38,5.8,0.439,110,4,81.3,18.3,28.0,1.0,0.06701,0.06225,0.41088,0.43932,0.725,0.8,0.62506,0.11429,0,0.40043,0,0,0,0
Jamnagar,1,26.1,10.4,3.15,6.5,0.759,20,2,65.0,11.0,29.1,1.0,0.08709,0.07416,0.48475,0.75891,0.95,0.9,0.29931,0.05714,0,0.45593,0,0,0,0
Patan,0,3.6,0.9,2.06,6.0,0.319,70,1,51.5,7.6,31.3,0.0,0.01195,0.00635,0.34269,0.31935,0.825,0.95,0.03088,0.02857,0,0.56319,0,0,0,0
Bhuj,1,7.2,3.1,1.41,5.8,0.265,110,4,89.2,11.0,26.6,1.0,0.02397,0.02181,0.24293,0.26539,0.725,0.8,0.78455,0.11429,0,0.33163,0,0,0,0
Rajkot,0,6.5,1.6,2.76,7.2,0.228,134,3,41.7,8.0,32.9,0.0,0.02173,0.01109,0.38316,0.22811,0.665,0.85,0,0.08571,0,0.64401,0,0,0,0
Surat,0,6.5,3.8,4.07,9.4,0.584,13,1,52.5,11.4,34.3,1.0,0.02166,0.02747,0.43269,0.58446,0.9675,0.95,0.04921,0.02857,0,0.71498,0,0,0,0
Vadodara,0,11.0,4.5,3.09,8.0,0.474,39,2,44.1,17.3,34.4,0.0,0.03682,0.032,0.38606,0.47382,0.9025,0.9,0,0.05714,0,0.71913,0,0,0,0
Porbandar,1,16.0,7.7,3.31,6.2,0.776,8,1,70.0,12.4,30.2,1.0,0.05341,0.05466,0.5336,0.7764,0.98,0.95,0.4,0.02857,0,0.50957,0,0,0,0
Valsad,0,11.1,1.5,3.1,7.0,0.505,12,2,51.5,32.9,35.2,1.0,0.03691,0.01059,0.44326,0.50516,0.97,0.9,0.03091,0.05714,0.16167,0.76093,0,0,0,0
Bhavnagar,1,20.2,7.5,4.33,7.4,0.716,24,2,94.2,22.2,27.4,1.0,0.06744,0.05338,0.58471,0.71615,0.94,0.9,0.88344,0.05714,0.02706,0.36758,0,0,0,1
Ahmedabad,1,48.3,13.0,5.3,8.5,0.849,53,2,78.9,16.1,27.4,0.0,0.16087,0.09307,0.6238,0.84928,0.8675,0.9,0.57712,0.05714,0,0.37083,0,0,0,0
Ahmedabad,1,37.0,15.1,4.52,8.5,0.798,53,2,73.8,11.4,25.1,0.0,0.12346,0.10759,0.53122,0.79772,0.8675,0.9,0.47601,0.05714,0,0.2556,1,0,0,0
Ahmedabad,1,95.9,61.6,6.4,8.5,0.927,53,2,96.1,15.2,25.4,0.0,0.31953,0.44023,0.75275,0.92692,0.8675,0.9,0.92278,0.05714,0,0.27161,0,0,0,0
Ahmedabad,1,1.7,0.7,3.63,8.5,0.864,53,2,65.6,27.0,29.0,0.0,0.00556,0.0049,0.42658,0.86435,0.8675,0.9,0.31293,0.05714,0.08783,0.44953,0,0,0,0
Porbandar,1,98.9,43.0,3.95,6.2,0.861,8,1,83.9,14.5,26.7,1.0,0.32973,0.30734,0.63676,0.86057,0.98,0.95,0.67808,0.02857,0,0.33576,0,0,0,0
Navsari,0,6.5,2.9,3.64,7.3,0.652,11,1,51.1,28.5,30.4,1.0,0.02161,0.02094,0.49842,0.65245,0.9725,0.95,0.02247,0.02857,0.10656,0.52108,0,0,0,0
Porbandar,1,10.6,0.8,4.07,6.2,0.636,8,1,86.0,3.6,27.2,1.0,0.03517,0.00586,0.6569,0.63579,0.98,0.95,0.71947,0.02857,0,0.35999,1,0,0,0
Bhuj,1,27.8,15.2,2.18,5.8,0.47,110,4,76.8,20.3,27.2,1.0,0.09272,0.1089,0.37527,0.46967,0.725,0.8,0.53669,0.11429,0.00375,0.3602,1,0,0,0
Vadodara,1,65.5,6.9,4.5,8.0,0.749,39,2,90.4,3.8,28.9,0.0,0.21835,0.04942,0.56239,0.74937,0.9025,0.9,0.80898,0.05714,0,0.44573,0,0,0,0
Dang,1,76.3,62.3,4.12,6.4,0.825,975,27,92.9,13.7,25.6,0.0,0.25422,0.4451,0.64449,0.82506,0,0,0.85778,0.77143,0,0.27868,0,1,0,0
Bhavnagar,1,5.7,1.1,2.63,7.4,0.803,24,2,82.4,18.1,31.0,1.0,0.01906,0.00774,0.35601,0.80256,0.94,0.9,0.64825,0.05714,0,0.55052,0,0,0,0
Rajkot,1,25.3,11.0,3.61,7.2,0.605,134,3,76.4,13.2,25.9,0.0,0.08428,0.07827,0.50164,0.60495,0.665,0.85,0.52885,0.08571,0,0.29695,0,0,0,0
Ahmedabad,1,39.8,9.8,5.95,8.5,0.839,53,2,69.4,37.9,28.3,0.0,0.13268,0.06975,0.69967,0.83869,0.8675,0.9,0.38788,0.05714,0.22342,0.41703,1,0,0,0
Dang,1,22.0,14.2,3.96,6.4,0.876,975,27,84.0,2.8,29.3,0.0,0.07319,0.10145,0.61844,0.87614,0,0,0.68089,0.77143,0,0.46279,0,0,0,0
Patan,1,17.2,13.7,2.32,6.0,0.55,70,1,74.8,13.4,29.8,0.0,0.05729,0.09763,0.38731,0.54989,0.825,0.95,0.49515,0.02857,0,0.48948,0,0,0,0
Navsari,1,23.4,10.4,4.45,7.3,0.928,11,1,79.3,3.2,28.2,1.0,0.07798,0.07413,0.6102,0.92848,0.9725,0.95,0.58579,0.02857,0,0.40885,0,0,0,0
Jamnagar,0,2.2,1.4,1.73,6.5,0.218,20,2,60.8,31.6,32.5,1.0,0.0072,0.01011,0.26643,0.21753,0.95,0.9,0.2156,0.05714,0.14458,0.62374,0,0,0,0
Bhavnagar,1,5.1,0.9,3.46,7.4,0.66,24,2,73.6,14.3,25.8,1.0,0.01712,0.00671,0.46819,0.6602,0.94,0.9,0.4725,0.05714,0,0.28955,0,0,0,0
Dang,1,45.9,21.1,4.22,6.4,0.854,975,27,78.7,30.4,27.4,0.0,0.1531,0.15095,0.66001,0.85435,0,0,0.57448,0.77143,0.12982,0.36798,0,0,0,1
Bhavnagar,0,2.9,1.0,2.45,7.4,0.363,24,2,54.4,28.3,34.2,1.0,0.00959,0.00685,0.33128,0.36348,0.94,0.9,0.08822,0.05714,0.10345,0.70868,0,1,0,0
Valsad,0,1.5,0.8,3.27,7.0,0.651,12,2,49.8,8.7,31.0,1.0,0.00512,0.00539,0.46656,0.65069,0.97,0.9,0,0.05714,0,0.55038,1,0,0,0
Valsad,1,52.3,16.0,5.43,7.0,0.848,12,2,94.0,79.0,29.7,1.0,0.17426,0.11431,0.77617,0.84796,0.97,0.9,0.87945,0.05714,0.73786,0.48692,0,0,0,1
Vadodara,1,0.3,0.2,3.49,8.0,0.764,39,2,75.0,27.3,26.4,0.0,0.00096,0.00131,0.43576,0.76372,0.9025,0.9,0.49939,0.05714,0.0913,0.32192,0,0,0,0
Ahmedabad,0,1.5,0.3,3.06,8.5,0.424,53,2,64.9,24.2,34.3,0.0,0.00501,0.00235,0.3595,0.42396,0.8675,0.9,0.29733,0.05714,0.05305,0.7154,0,0,0,0
Porbandar,0,2.2,1.5,1.68,6.2,0.305,8,1,36.4,8.4,33.6,1.0,0.00719,0.01068,0.27027,0.3047,0.98,0.95,0,0.02857,0,0.6812,0,0,0,0
Bhuj,1,30.9,16.9,3.15,5.8,0.552,110,4,67.4,15.5,25.4,1.0,0.10292,0.12062,0.54395,0.55175,0.725,0.8,0.34798,0.11429,0,0.27237,0,0,0,0
Navsari,1,37.0,8.7,5.03,7.3,1.0,11,1,85.5,17.9,25.6,1.0,0.12322,0.06221,0.6896,1.0,0.9725,0.95,0.70906,0.02857,0,0.27895,0,0,0,0
Surat,1,41.1,11.1,4.36,9.4,0.756,13,1,87.2,48.3,23.7,1.0,0.13712,0.07944,0.46356,0.75641,0.9675,0.95,0.7443,0.02857,0.3536,0.1862,0,0,1,1
Navsari,0,10.3,1.9,2.51,7.3,0.617,11,1,46.8,11.3,32.9,1.0,0.03436,0.01331,0.34334,0.61711,0.9725,0.95,0,0.02857,0,0.64298,0,0,0,0
Dang,0,10.1,6.7,2.58,6.4,0.511,975,27,35.3,20.1,31.8,0.0,0.03358,0.04764,0.40331,0.51097,0,0,0,0.77143,0.00096,0.58752,0,0,0,0
Ahmedabad,1,9.9,1.6,4.45,8.5,0.723,53,2,68.5,12.8,28.1,0.0,0.03284,0.01169,0.52404,0.72297,0.8675,0.9,0.37023,0.05714,0,0.40561,0,0,0,0
Dang,1,78.7,49.7,4.88,6.4,1.0,975,27,75.2,4.7,27.1,0.0,0.2623,0.35534,0.76177,1.0,0,0,0.50443,0.77143,0,0.35546,1,0,0,0
Bhavnagar,1,83.8,25.9,4.78,7.4,0.732,24,2,90.9,14.1,25.3,1.0,0.27917,0.1851,0.6455,0.73246,0.94,0.9,0.81718,0.05714,0,0.26288,0,0,0,0
Rajkot,1,9.7,1.7,3.47,7.2,0.583,134,3,81.7,23.2,27.0,0.0,0.03227,0.01228,0.48241,0.58267,0.665,0.85,0.63418,0.08571,0.0396,0.35126,1,0,0,1
Dang,1,11.3,7.3,3.4,6.4,0.894,975,27,67.8,44.3,23.9,0.0,0.03775,0.0523,0.53073,0.89411,0,0,0.35621,0.77143,0.30337,0.19496,0,1,0,0
Surat,0,4.9,0.7,4.31,9.4,0.56,13,1,57.9,36.2,30.4,1.0,0.01619,0.00496,0.45872,0.5597,0.9675,0.95,0.15732,0.02857,0.20232,0.51936,0,0,1,0
Patan,0,8.3,0.6,2.11,6.0,0.24,70,1,53.3,22.3,31.3,0.0,0.02779,0.00413,0.35154,0.24017,0.825,0.95,0.06624,0.02857,0.02853,0.56444,0,0,0,0
Patan,0,2.6,0.8,1.05,6.0,0.049,70,1,55.7,43.6,32.7,0.0,0.00875,0.00554,0.17521,0.04928,0.825,0.95,0.11423,0.02857,0.29556,0.63423,0,0,0,0
Vadodara,1,43.9,32.2,5.09,8.0,0.792,39,2,80.9,16.4,26.4,0.0,0.14638,0.22979,0.63627,0.7917,0.9025,0.9,0.61866,0.05714,0,0.31963,0,0,0,0
Navsari,0,22.1,16.0,3.99,7.3,0.417,11,1,46.8,25.1,34.6,1.0,0.07373,0.11419,0.54659,0.41684,0.9725,0.95,0,0.02857,0.06352,0.73204,0,0,0,0
Vadodara,1,71.9,33.4,4.75,8.0,0.887,39,2,92.8,31.0,23.0,0.0,0.23974,0.23892,0.59374,0.88724,0.9025,0.9,0.85533,0.05714,0.13784,0.15241,0,0,0,0
Patan,1,16.0,1.0,3.84,6.0,0.59,70,1,81.8,7.0,27.9,0.0,0.05338,0.00727,0.64014,0.59019,0.825,0.95,0.63547,0.02857,0,0.3926,0,0,0,0
Dang,0,1.8,1.1,3.82,6.4,0.571,975,27,52.9,13.6,29.9,0.0,0.00598,0.00779,0.59638,0.57079,0,0,0.05791,0.77143,0,0.49569,1,0,0,0
Vadodara,1,66.1,18.4,6.1,8.0,0.779,39,2,85.4,54.6,27.5,0.0,0.22048,0.13137,0.76245,0.77865,0.9025,0.9,0.70728,0.05714,0.43277,0.37295,0,0,0,0
Jamnagar,1,55.7,16.4,4.18,6.5,0.821,20,2,85.6,21.9,26.9,1.0,0.18582,0.11731,0.64266,0.82124,0.95,0.9,0.71176,0.05714,0.02432,0.34319,0,0,0,0
Valsad,1,56.3,28.1,5.22,7.0,0.946,12,2,81.9,5.3,29.1,1.0,0.18771,0.20072,0.74572,0.9459,0.97,0.9,0.63734,0.05714,0,0.45574,0,0,0,1
Patan,1,28.4,13.4,3.89,6.0,0.546,70,1,67.9,10.6,29.5,0.0,0.09469,0.09553,0.64898,0.54615,0.825,0.95,0.359,0.02857,0,0.47647,0,0,0,0
Bhavnagar,1,68.4,7.6,5.2,7.4,0.8,24,2,83.6,81.7,26.5,1.0,0.22798,0.05413,0.70312,0.79968,0.94,0.9,0.67174,0.05714,0.7712,0.32344,0,0,0,0
Dang,1,53.9,2.7,4.68,6.4,1.0,975,27,81.4,8.1,28.2,0.0,0.17953,0.01923,0.73109,1.0,0,0,0.62888,0.77143,0,0.41102,0,1,0,0
Valsad,1,11.9,7.8,3.39,7.0,0.881,12,2,80.9,8.9,24.5,1.0,0.0397,0.05591,0.48464,0.88053,0.97,0.9,0.61765,0.05714,0,0.22641,0,0,1,0
Porbandar,1,53.8,26.6,4.43,6.2,0.836,8,1,76.1,21.1,29.2,1.0,0.17943,0.18995,0.71414,0.83573,0.98,0.95,0.5222,0.02857,0.01364,0.45792,1,0,0,0
Bhuj,0,4.0,3.0,1.76,5.8,0.103,110,4,61.3,31.8,33.4,1.0,0.01337,0.02155,0.30355,0.10326,0.725,0.8,0.22625,0.11429,0.14753,0.66989,0,0,0,0
Navsari,1,40.0,7.2,5.26,7.3,0.943,11,1,73.5,16.5,25.9,1.0,0.13326,0.05117,0.72104,0.94295,0.9725,0.95,0.47001,0.02857,0,0.293,1,0,0,0
Jamnagar,1,26.9,10.6,3.72,6.5,0.686,20,2,78.9,11.5,26.0,1.0,0.08979,0.07599,0.572,0.68647,0.95,0.9,0.57721,0.05714,0,0.30118,0,0,0,1
Jamnagar,1,4.5,3.5,2.8,6.5,0.555,20,2,72.1,13.5,27.9,1.0,0.01486,0.02472,0.43043,0.55492,0.95,0.9,0.4424,0.05714,0,0.39733,0,0,0,0
Bhavnagar,1,23.3,18.0,3.56,7.4,0.701,24,2,75.2,13.2,26.2,1.0,0.07781,0.12855,0.48089,0.70108,0.94,0.9,0.50404,0.05714,0,0.31077,1,0,1,0
Porbandar,1,57.7,36.5,4.11,6.2,0.7,8,1,81.9,36.8,31.4,1.0,0.19247,0.26089,0.66327,0.6995,0.98,0.95,0.63751,0.02857,0.20986,0.57248,0,0,0,0
Navsari,0,1.1,0.9,3.41,7.3,0.535,11,1,54.2,5.0,29.8,1.0,0.00381,0.0065,0.46759,0.53549,0.9725,0.95,0.08347,0.02857,0,0.48771,1,0,0,0
Navsari,0,11.3,5.6,3.86,7.3,0.533,11,1,53.8,17.4,24.9,1.0,0.0376,0.04019,0.52853,0.53251,0.9725,0.95,0.07563,0.02857,0,0.24275,0,0,0,0
Ahmedabad,1,65.9,6.8,5.56,8.5,0.866,53,2,68.9,3.9,25.6,0.0,0.21959,0.04831,0.65397,0.86645,0.8675,0.9,0.37783,0.05714,0,0.27982,0,0,0,1
Bhavnagar,1,68.6,21.5,4.26,7.4,0.832,24,2,79.3,31.0,28.8,1.0,0.22863,0.15368,0.57537,0.83197,0.94,0.9,0.58656,0.05714,0.13737,0.43902,1,0,0,0
Ahmedabad,1,54.2,20.5,5.82,8.5,0.891,53,2,80.2,19.1,25.2,0.0,0.18071,0.14634,0.68481,0.89138,0.8675,0.9,0.60313,0.05714,0,0.2599,1,0,0,0
Rajkot,0,1.4,0.5,2.68,7.2,0.25,134,3,49.1,20.8,30.9,0.0,0.00482,0.00334,0.37262,0.24967,0.665,0.85,0,0.08571,0.01025,0.54546,0,0,0,0
Surat,1,91.7,34.0,6.72,9.4,0.946,13,1,80.8,18.1,25.5,1.0,0.30579,0.24251,0.71529,0.94644,0.9675,0.95,0.61552,0.02857,0,0.27324,0,0,0,0
Bhavnagar,1,39.3,18.0,4.22,7.4,0.787,24,2,81.5,19.8,23.8,1.0,0.13108,0.12884,0.57002,0.78653,0.94,0.9,0.62998,0.05714,0,0.18936,0,0,0,0
Bhuj,1,5.3,3.8,3.01,5.8,0.545,110,4,73.5,2.3,27.9,1.0,0.01764,0.02707,0.51891,0.54496,0.725,0.8,0.47019,0.11429,0,0.3945,0,0,0,0
Navsari,1,28.6,16.6,3.52,7.3,0.847,11,1,83.0,15.4,23.0,1.0,0.09548,0.11867,0.48205,0.8474,0.9725,0.95,0.65942,0.02857,0,0.15132,1,0,0,0
Jamnagar,1,35.9,29.3,3.8,6.5,0.547,20,2,77.1,7.5,28.7,1.0,0.11974,0.20912,0.58449,0.54658,0.95,0.9,0.54166,0.05714,0,0.43675,0,0,0,0
Rajkot,0,7.3,2.1,2.82,7.2,0.36,134,3,53.1,21.3,27.8,0.0,0.02425,0.01471,0.39187,0.35986,0.665,0.85,0.06284,0.08571,0.01678,0.3895,0,0,0,0
Dang,1,56.2,33.5,4.01,6.4,0.907,975,27,68.4,20.1,26.1,0.0,0.18724,0.23913,0.62601,0.90704,0,0,0.36894,0.77143,0.00065,0.30693,0,0,0,0
Ahmedabad,1,58.8,32.3,5.08,8.5,0.712,53,2,76.5,11.2,28.5,0.0,0.19609,0.23041,0.59746,0.71177,0.8675,0.9,0.5303,0.05714,0,0.42576,1,0,0,0
Rajkot,1,11.0,5.3,4.08,7.2,0.63,134,3,64.7,8.6,25.0,0.0,0.03656,0.0376,0.56718,0.62966,0.665,0.85,0.29311,0.08571,0,0.25237,0,0,0,0
Ahmedabad,1,19.2,3.9,4.28,8.5,0.712,53,2,82.3,13.1,27.6,0.0,0.06387,0.02786,0.50348,0.71204,0.8675,0.9,0.64535,0.05714,0,0.37806,1,0,0,0
Vadodara,0,7.8,5.9,3.71,8.0,0.352,39,2,47.1,14.1,36.2,0.0,0.02595,0.04243,0.4632,0.35215,0.9025,0.9,0,0.05714,0,0.81069,0,0,0,0
Jamnagar,0,13.4,2.2,2.24,6.5,0.267,20,2,68.8,10.6,30.6,1.0,0.04478,0.01553,0.34528,0.26698,0.95,0.9,0.37539,0.05714,0,0.52782,0,0,0,0
Valsad,1,28.6,10.0,4.78,7.0,0.965,12,2,83.8,24.3,24.6,1.0,0.09518,0.07163,0.68322,0.96467,0.97,0.9,0.67593,0.05714,0.05351,0.22783,0,0,0,1
Dang,0,5.1,2.6,3.56,6.4,0.716,975,27,45.1,8.7,34.3,0.0,0.01687,0.01824,0.55586,0.71646,0,0,0,0.77143,0,0.71678,0,0,0,0
Bhavnagar,1,21.1,11.8,3.53,7.4,0.577,24,2,82.2,22.9,27.6,1.0,0.07033,0.08402,0.47678,0.57722,0.94,0.9,0.64381,0.05714,0.03632,0.37773,0,0,0,0
Bhuj,1,1.5,0.7,2.66,5.8,0.456,110,4,77.1,15.6,27.3,1.0,0.005,0.00517,0.45863,0.45619,0.725,0.8,0.54141,0.11429,0,0.3629,0,0,0,0
Ahmedabad,1,75.3,5.7,5.94,8.5,0.805,53,2,89.3,13.2,29.7,0.0,0.25116,0.04054,0.69871,0.80475,0.8675,0.9,0.78542,0.05714,0,0.48483,0,0,0,0
Jamnagar,0,1.4,0.6,3.37,6.5,0.353,20,2,61.5,13.3,30.2,1.0,0.00459,0.00406,0.51867,0.35312,0.95,0.9,0.22937,0.05714,0,0.50826,0,0,0,0
Vadodara,0,5.8,5.0,2.88,8.0,0.353,39,2,44.2,47.3,33.2,0.0,0.01943,0.03539,0.36006,0.35322,0.9025,0.9,0,0.05714,0.34157,0.66081,0,0,0,0
Navsari,1,95.0,17.9,5.48,7.3,0.976,11,1,79.2,6.4,24.9,1.0,0.31661,0.12797,0.75068,0.97629,0.9725,0.95,0.58388,0.02857,0,0.24368,0,0,0,0
Valsad,0,10.2,3.1,4.7,7.0,0.64,12,2,58.5,6.6,33.6,1.0,0.03414,0.02242,0.671,0.64007,0.97,0.9,0.16912,0.05714,0,0.67792,0,0,0,0
Ahmedabad,0,13.5,11.5,4.12,8.5,0.469,53,2,58.6,13.9,32.3,0.0,0.0451,0.08215,0.48414,0.46858,0.8675,0.9,0.17251,0.05714,0,0.61647,0,0,0,0
Porbandar,1,4.6,2.9,3.3,6.2,0.586,8,1,70.9,46.9,23.7,1.0,0.01547,0.0209,0.53221,0.58631,0.98,0.95,0.41714,0.02857,0.33604,0.184,1,0,0,0
Ahmedabad,1,18.9,11.7,5.07,8.5,0.763,53,2,78.6,13.0,22.4,0.0,0.06289,0.08393,0.59635,0.76305,0.8675,0.9,0.57183,0.05714,0,0.11857,0,0,0,0
Dang,0,5.3,3.0,1.93,6.4,0.491,975,27,55.8,15.4,30.2,0.0,0.01753,0.0216,0.30175,0.49088,0,0,0.11629,0.77143,0,0.51165,1,0,0,1
Vadodara,0,17.1,11.2,4.07,8.0,0.405,39,2,55.8,27.7,33.7,0.0,0.05709,0.08029,0.50836,0.40501,0.9025,0.9,0.11578,0.05714,0.09616,0.68397,0,0,0,0
Bhavnagar,0,7.9,6.6,3.44,7.4,0.334,24,2,30.2,29.9,30.6,1.0,0.02646,0.04743,0.46434,0.33423,0.94,0.9,0,0.05714,0.12362,0.52976,0,0,1,0
Vadodara,1,91.8,25.0,5.37,8.0,0.788,39,2,93.3,29.3,25.4,0.0,0.30597,0.17831,0.67141,0.78753,0.9025,0.9,0.86638,0.05714,0.11638,0.26845,1,0,0,0
Bhuj,1,4.0,1.5,1.69,5.8,0.527,110,4,71.2,14.6,27.2,1.0,0.01327,0.01045,0.29111,0.52721,0.725,0.8,0.42371,0.11429,0,0.35885,0,0,0,0
Navsari,1,19.3,7.7,4.04,7.3,0.965,11,1,84.4,8.7,26.0,1.0,0.06441,0.05485,0.55306,0.96514,0.9725,0.95,0.68827,0.02857,0,0.30224,1,0,0,1
Valsad,0,6.0,1.2,2.07,7.0,0.522,12,2,59.0,10.5,30.9,1.0,0.01996,0.00853,0.29597,0.52205,0.97,0.9,0.18054,0.05714,0,0.54562,1,0,0,0
Surat,1,6.0,3.9,5.35,9.4,0.811,13,1,76.1,22.5,25.8,1.0,0.02003,0.02757,0.56891,0.81084,0.9675,0.95,0.52145,0.02857,0.03146,0.2891,0,0,0,0
Vadodara,1,120.6,35.2,6.36,8.0,0.861,39,2,70.0,31.4,23.5,0.0,0.40202,0.25115,0.79509,0.86148,0.9025,0.9,0.3995,0.05714,0.14295,0.17566,1,0,0,1
Valsad,1,28.8,6.6,4.25,7.0,0.871,12,2,85.9,17.7,25.6,1.0,0.09595,0.04737,0.60705,0.87082,0.97,0.9,0.71754,0.05714,0,0.28177,0,0,0,0
Ahmedabad,1,12.9,7.3,5.16,8.5,0.628,53,2,73.0,8.5,28.5,0.0,0.04294,0.05198,0.60679,0.62847,0.8675,0.9,0.46049,0.05714,0,0.42474,0,0,0,0
Bhavnagar,1,26.5,17.6,3.2,7.4,0.591,24,2,82.8,19.2,29.5,1.0,0.08836,0.12565,0.43177,0.59131,0.94,0.9,0.65553,0.05714,0,0.47269,0,0,0,1
Dang,0,17.5,3.2,4.05,6.4,0.545,975,27,57.1,27.7,32.0,0.0,0.05844,0.02273,0.6334,0.54457,0,0,0.14288,0.77143,0.09668,0.59767,0,0,0,0
Rajkot,0,6.1,2.3,2.53,7.2,0.214,134,3,58.5,21.9,30.1,0.0,0.02027,0.01676,0.35169,0.21386,0.665,0.85,0.16995,0.08571,0.02394,0.50285,0,0,0,0
Rajkot,1,38.3,11.0,3.9,7.2,0.683,134,3,87.0,23.7,26.4,0.0,0.1276,0.07823,0.54104,0.68289,0.665,0.85,0.73963,0.08571,0.04602,0.32022,0,0,0,0
Navsari,1,116.5,50.8,5.68,7.3,0.908,11,1,93.0,9.5,26.6,1.0,0.38819,0.36296,0.77861,0.90825,0.9725,0.95,0.85907,0.02857,0,0.33086,1,0,1,0
Dang,1,67.5,26.0,4.25,6.4,0.944,975,27,87.4,17.9,26.8,0.0,0.22505,0.18556,0.66381,0.94435,0,0,0.74707,0.77143,0,0.3396,0,1,0,0
Rajkot,1,16.4,6.3,3.02,7.2,0.55,134,3,87.0,24.5,24.9,0.0,0.05461,0.04514,0.41982,0.55001,0.665,0.85,0.74052,0.08571,0.05568,0.24286,0,0,0,0
Ahmedabad,0,1.7,0.7,3.65,8.5,0.542,53,2,58.2,4.2,31.8,0.0,0.00557,0.00517,0.42922,0.54198,0.8675,0.9,0.16469,0.05714,0,0.58843,0,0,0,0
Bhavnagar,0,1.6,1.0,3.31,7.4,0.364,24,2,51.8,2.3,31.7,1.0,0.00531,0.0071,0.44721,0.3636,0.94,0.9,0.03523,0.05714,0,0.58677,0,0,0,1
Vadodara,0,1.3,0.4,3.18,8.0,0.506,39,2,48.5,7.4,31.5,0.0,0.00426,0.00259,0.39799,0.50568,0.9025,0.9,0,0.05714,0,0.57558,0,0,0,0
Valsad,0,9.2,2.8,3.05,7.0,0.513,12,2,65.6,31.0,34.3,1.0,0.03076,0.01983,0.4362,0.51305,0.97,0.9,0.31246,0.05714,0.13763,0.71429,0,0,0,0
Patan,0,3.5,2.1,3.06,6.0,0.308,70,1,41.7,24.8,31.5,0.0,0.01154,0.01515,0.50989,0.30845,0.825,0.95,0,0.02857,0.06039,0.57549,0,0,0,0
Jamnagar,1,35.9,9.9,3.81,6.5,0.702,20,2,87.1,3.5,27.6,1.0,0.11976,0.07093,0.58651,0.70221,0.95,0.9,0.74136,0.05714,0,0.37948,0,0,0,0
Vadodara,1,15.9,5.0,3.45,8.0,0.729,39,2,78.2,24.9,26.7,0.0,0.05288,0.03549,0.43096,0.72927,0.9025,0.9,0.56407,0.05714,0.06173,0.33713,1,0,0,0
Rajkot,0,0.7,0.3,2.94,7.2,0.335,134,3,56.2,2.7,32.1,0.0,0.00222,0.00234,0.40842,0.33526,0.665,0.85,0.12406,0.08571,0,0.60278,1,0,0,0
Rajkot,0,4.8,0.5,1.63,7.2,0.225,134,3,58.1,20.1,30.5,0.0,0.01612,0.00374,0.22659,0.22523,0.665,0.85,0.16207,0.08571,0.00152,0.52342,0,0,0,0
Vadodara,1,12.5,5.3,4.83,8.0,0.68,39,2,74.1,20.2,28.3,0.0,0.04153,0.03779,0.60431,0.67996,0.9025,0.9,0.48259,0.05714,0.00255,0.41373,0,0,0,0
Vadodara,1,45.2,19.6,5.72,8.0,0.805,39,2,95.9,12.2,23.8,0.0,0.15059,0.13996,0.71506,0.80513,0.9025,0.9,0.91727,0.05714,0,0.18862,1,0,0,0
Bhavnagar,1,26.0,13.1,3.21,7.4,0.698,24,2,70.6,10.4,26.3,1.0,0.08656,0.09392,0.43313,0.69827,0.94,0.9,0.4111,0.05714,0,0.3144,1,0,0,0
Surat,1,33.2,7.7,5.41,9.4,0.819,13,1,72.9,3.9,25.6,1.0,0.11062,0.05476,0.57516,0.81873,0.9675,0.95,0.45726,0.02857,0,0.27951,0,0,0,0
Dang,1,8.1,1.3,3.32,6.4,1.0,975,27,69.7,12.5,24.0,0.0,0.02695,0.00916,0.51797,1.0,0,0,0.39328,0.77143,0,0.19783,0,0,0,0
Porbandar,0,3.2,1.5,2.59,6.2,0.415,8,1,49.9,24.7,29.7,1.0,0.01053,0.01096,0.41803,0.41539,0.98,0.95,0,0.02857,0.0585,0.48576,0,0,0,0
Surat,1,14.8,6.5,4.97,9.4,0.839,13,1,82.5,5.9,25.5,1.0,0.04946,0.04608,0.5283,0.8394,0.9675,0.95,0.6502,0.02857,0,0.27448,1,0,0,0
Rajkot,1,10.4,2.4,3.82,7.2,0.471,134,3,84.9,5.0,30.4,0.0,0.03468,0.01746,0.53021,0.47054,0.665,0.85,0.69768,0.08571,0,0.52041,0,0,0,0
Rajkot,1,6.9,2.8,3.31,7.2,0.545,134,3,81.1,19.1,24.6,0.0,0.02311,0.01996,0.46,0.5452,0.665,0.85,0.62129,0.08571,0,0.22949,1,0,0,0
Rajkot,0,7.5,2.5,3.04,7.2,0.183,134,3,64.9,5.4,32.7,0.0,0.02498,0.01807,0.42251,0.18261,0.665,0.85,0.29804,0.08571,0,0.63306,0,0,0,0
Dang,1,108.4,23.2,4.95,6.4,1.0,975,27,88.9,8.8,24.1,0.0,0.36139,0.16539,0.77373,1.0,0,0,0.77796,0.77143,0,0.20409,0,1,0,0
Surat,1,5.3,2.6,5.36,9.4,0.955,13,1,79.3,14.1,24.1,1.0,0.01759,0.01892,0.57072,0.95489,0.9675,0.95,0.58588,0.02857,0,0.20529,0,0,0,0
Dang,1,57.4,10.7,3.62,6.4,0.844,975,27,94.6,23.1,29.4,0.0,0.19134,0.07659,0.56519,0.84432,0,0,0.89259,0.77143,0.03879,0.47133,0,1,0,0
Porbandar,0,19.3,1.4,2.68,6.2,0.351,8,1,41.0,13.2,31.4,1.0,0.06423,0.01025,0.43159,0.35056,0.98,0.95,0,0.02857,0,0.56975,0,0,1,1
Ahmedabad,1,17.7,9.8,4.83,8.5,0.749,53,2,81.5,2,27.7,0.0,0.05889,0.0699,0.56875,0.74889,0.8675,0.9,0.63058,0.05714,0,0.38745,0,0,0,0
Navsari,1,61.8,13.8,4.24,7.3,0.945,11,1,77.3,10.5,28.8,1.0,0.20583,0.09869,0.5808,0.9453,0.9725,0.95,0.54609,0.02857,0,0.44215,0,0,0,0
Navsari,1,50.3,23.5,5.28,7.3,0.953,11,1,73.6,19.4,31.1,1.0,0.16755,0.16808,0.72345,0.95251,0.9725,0.95,0.47216,0.02857,0,0.55603,1,0,0,0
Porbandar,1,48.9,10.2,3.62,6.2,0.691,8,1,85.2,23.3,24.6,1.0,0.16296,0.07288,0.58385,0.69144,0.98,0.95,0.70467,0.02857,0.04167,0.23016,1,0,0,0
Bhuj,0,2.7,0.9,1.88,5.8,0.051,110,4,49.5,18.7,29.6,1.0,0.009,0.00678,0.32378,0.05077,0.725,0.8,0,0.11429,0,0.47999,0,0,0,0
Patan,1,20.9,7.5,3.16,6.0,0.639,70,1,86.1,46.5,27.4,0.0,0.06975,0.05373,0.52625,0.63936,0.825,0.95,0.72283,0.02857,0.33173,0.36754,0,0,0,0
Surat,1,97.4,30.9,8.26,9.4,1.0,13,1,91.8,5.8,24.6,1.0,0.3248,0.22046,0.87851,1.0,0.9675,0.95,0.83603,0.02857,0,0.23142,0,0,0,1
Porbandar,1,33.7,15.2,2.56,6.2,0.708,8,1,83.7,63.7,26.6,1.0,0.11223,0.10866,0.41306,0.70847,0.98,0.95,0.67444,0.02857,0.54661,0.33119,1,0,1,0
Bhuj,0,3.0,2.4,2.5,5.8,0.03,110,4,43.6,3.4,35.2,1.0,0.00984,0.01692,0.43029,0.02975,0.725,0.8,0,0.11429,0,0.75841,0,0,0,0
Jamnagar,1,13.1,6.9,3.56,6.5,0.701,20,2,85.6,2.6,29.7,1.0,0.04358,0.04928,0.54778,0.7011,0.95,0.9,0.71172,0.05714,0,0.48523,0,0,0,1
Surat,0,3.9,1.6,4.27,9.4,0.488,13,1,51.4,24.2,31.6,1.0,0.0131,0.01159,0.4542,0.48807,0.9675,0.95,0.02788,0.02857,0.05218,0.57758,0,0,0,0
Dang,1,88.5,49.2,4.84,6.4,0.971,975,27,85.5,18.4,25.9,0.0,0.29499,0.35132,0.75601,0.97095,0,0,0.711,0.77143,0,0.29658,0,0,0,0
Rajkot,0,2.2,0.7,1.44,7.2,0.073,134,3,51.2,18.0,30.9,0.0,0.00724,0.00474,0.20016,0.07266,0.665,0.85,0.02423,0.08571,0,0.54443,0,0,0,0
Patan,1,5.7,2.6,1.36,6.0,0.536,70,1,72.8,23.2,27.0,0.0,0.01901,0.01862,0.22627,0.53559,0.825,0.95,0.45515,0.02857,0.04039,0.34868,0,0,0,0
Surat,1,11.9,3.2,6.32,9.4,0.878,13,1,58.1,5.3,26.2,1.0,0.03979,0.02281,0.67226,0.87798,0.9675,0.95,0.16201,0.02857,0,0.30771,1,0,0,0
Porbandar,1,42.7,7.2,4.41,6.2,0.706,8,1,80.5,18.6,27.4,1.0,0.1425,0.05153,0.71086,0.70562,0.98,0.95,0.61091,0.02857,0,0.37174,1,0,0,0
Rajkot,1,38.6,15.7,3.75,7.2,0.527,134,3,85.7,9.4,27.5,0.0,0.12852,0.11227,0.52116,0.52705,0.665,0.85,0.71414,0.08571,0,0.37282,0,0,0,0
Patan,0,0.4,0.1,2.21,6.0,0.397,70,1,48.4,7.1,32.5,0.0,0.00119,0.00091,0.36839,0.39671,0.825,0.95,0,0.02857,0,0.62454,0,0,0,0
Dang,0,5.1,3.2,3.25,6.4,0.612,975,27,42.1,8.2,34.4,0.0,0.01711,0.02285,0.50849,0.61177,0,0,0,0.77143,0,0.71797,0,0,0,0
Surat,1,20.4,10.7,6.1,9.4,0.879,13,1,73.8,16.2,28.9,1.0,0.06812,0.07608,0.64928,0.87916,0.9675,0.95,0.47621,0.02857,0,0.44319,0,0,0,0
Navsari,0,21.2,6.1,3.61,7.3,0.637,11,1,44.2,6.9,34.0,1.0,0.07059,0.0433,0.49415,0.63719,0.9725,0.95,0,0.02857,0,0.70061,0,0,0,0
Surat,1,32.9,11.6,5.94,9.4,0.816,13,1,82.6,27.5,26.5,1.0,0.10979,0.08317,0.63224,0.81554,0.9675,0.95,0.65101,0.02857,0.09419,0.32363,1,1,0,1
Rajkot,1,20.3,6.7,3.57,7.2,0.533,134,3,78.3,35.9,27.3,0.0,0.06753,0.04771,0.49591,0.53302,0.665,0.85,0.56508,0.08571,0.19848,0.36403,0,0,0,0
Rajkot,0,2.0,0.3,3.68,7.2,0.207,134,3,58.8,10.8,33.1,0.0,0.00651,0.00213,0.51085,0.20734,0.665,0.85,0.17594,0.08571,0,0.6551,0,0,0,0
Vadodara,0,11.7,5.6,3.82,8.0,0.378,39,2,41.5,36.3,33.5,0.0,0.03904,0.04029,0.47753,0.37776,0.9025,0.9,0,0.05714,0.20381,0.67402,0,0,0,0
Porbandar,1,124.5,55.3,5.01,6.2,0.827,8,1,93.0,5.4,28.1,1.0,0.41515,0.39509,0.80854,0.82693,0.98,0.95,0.85971,0.02857,0,0.40673,1,0,0,0
Rajkot,1,17.0,3.6,2.75,7.2,0.504,134,3,73.4,5.3,29.3,0.0,0.05661,0.026,0.38249,0.50447,0.665,0.85,0.46853,0.08571,0,0.46546,0,0,0,0
Bhuj,1,27.3,8.9,2.84,5.8,0.455,110,4,71.4,22.5,30.1,1.0,0.09086,0.0637,0.49043,0.45478,0.725,0.8,0.42736,0.11429,0.03069,0.50655,0,0,0,0
Bhavnagar,1,35.4,9.6,4.14,7.4,0.794,24,2,85.3,24.5,26.9,1.0,0.11814,0.06861,0.55971,0.79412,0.94,0.9,0.70572,0.05714,0.05647,0.34576,0,0,1,0
Dang,1,2.0,0.5,3.54,6.4,0.909,975,27,77.5,11.1,29.1,0.0,0.00661,0.00383,0.55352,0.90913,0,0,0.54976,0.77143,0,0.45744,0,0,0,0
Dang,1,70.5,48.0,4.96,6.4,0.969,975,27,88.3,7.7,25.8,0.0,0.23496,0.34265,0.77456,0.96926,0,0,0.76565,0.77143,0,0.29034,0,1,0,0
Bhuj,1,31.5,7.3,3.23,5.8,0.472,110,4,89.6,6.4,25.5,1.0,0.10487,0.05238,0.55698,0.47201,0.725,0.8,0.79135,0.11429,0,0.27328,0,0,0,1
Jamnagar,1,109.6,38.9,5.08,6.5,0.673,20,2,82.5,10.2,28.6,1.0,0.36548,0.27806,0.78205,0.67345,0.95,0.9,0.6493,0.05714,0,0.42936,1,0,1,0
Jamnagar,0,1.3,0.7,2.66,6.5,0.408,20,2,61.9,31.1,34.0,1.0,0.00442,0.00534,0.40947,0.40832,0.95,0.9,0.23829,0.05714,0.13854,0.70183,0,0,0,0
Porbandar,1,26.8,10.1,4.71,6.2,0.775,8,1,79.2,16.4,29.2,1.0,0.08947,0.07187,0.75899,0.77498,0.98,0.95,0.58492,0.02857,0,0.45787,0,0,0,0
Rajkot,1,17.6,10.9,3.77,7.2,0.653,134,3,69.5,12.4,27.8,0.0,0.0587,0.07758,0.52307,0.65313,0.665,0.85,0.38983,0.08571,0,0.3919,0,0,1,0
Valsad,1,3.7,2.3,3.77,7.0,0.826,12,2,76.6,8.0,26.9,1.0,0.01236,0.01624,0.53875,0.82565,0.97,0.9,0.53265,0.05714,0,0.34539,0,0,0,0
Bhuj,1,0.7,0.4,1.56,5.8,0.382,110,4,86.2,27.3,30.0,1.0,0.00229,0.00301,0.26817,0.38228,0.725,0.8,0.72453,0.11429,0.09121,0.50136,0,0,0,1
Vadodara,1,41.4,4.3,5.21,8.0,0.822,39,2,80.6,2,26.9,0.0,0.13814,0.03098,0.65086,0.8224,0.9025,0.9,0.61144,0.05714,0,0.34599,0,0,0,1
Patan,1,36.2,8.8,2.7,6.0,0.54,70,1,87.3,17.5,26.4,0.0,0.12073,0.06309,0.44948,0.54021,0.825,0.95,0.74646,0.02857,0,0.32107,0,0,0,0
Bhavnagar,1,18.0,3.5,4.06,7.4,0.607,24,2,73.2,9.4,26.1,1.0,0.06001,0.02509,0.5484,0.60746,0.94,0.9,0.46488,0.05714,0,0.30557,0,0,0,0
Rajkot,1,50.8,14.1,4.47,7.2,0.814,134,3,83.8,19.2,26.2,0.0,0.16945,0.10064,0.62087,0.8144,0.665,0.85,0.67613,0.08571,0,0.30874,0,0,1,0
Bhavnagar,1,43.3,28.3,5.17,7.4,0.714,24,2,92.6,5.4,27.2,1.0,0.14421,0.20233,0.69802,0.71433,0.94,0.9,0.85152,0.05714,0,0.35884,1,0,0,0
Surat,0,5.3,0.3,4.08,9.4,0.512,13,1,57.9,8.4,32.7,1.0,0.01767,0.00189,0.4343,0.51204,0.9675,0.95,0.15846,0.02857,0,0.63449,0,0,0,0
Surat,1,14.2,4.0,5.95,9.4,0.788,13,1,77.5,2.7,26.7,1.0,0.04723,0.02833,0.63289,0.78794,0.9675,0.95,0.55058,0.02857,0,0.33427,0,0,0,0
Ahmedabad,0,2.3,0.7,2.76,8.5,0.376,53,2,48.8,22.4,31.9,0.0,0.00766,0.005,0.32521,0.37592,0.8675,0.9,0,0.05714,0.0304,0.59488,0,0,0,0
Valsad,1,4.9,2.0,3.38,7.0,0.873,12,2,91.1,12.7,27.9,1.0,0.01636,0.01453,0.48249,0.87275,0.97,0.9,0.82283,0.05714,0,0.39697,1,0,0,0
Surat,0,27.3,12.4,5.05,9.4,0.598,13,1,55.8,22.3,28.6,1.0,0.09105,0.08885,0.53677,0.59776,0.9675,0.95,0.1152,0.02857,0.02839,0.43067,0,0,0,0
Ahmedabad,1,38.0,21.3,4.79,8.5,0.917,53,2,80.6,13.2,28.4,0.0,0.12652,0.15184,0.56368,0.91709,0.8675,0.9,0.61299,0.05714,0,0.42005,0,0,0,0
Ahmedabad,1,83.7,54.3,6.17,8.5,0.871,53,2,78.7,19.4,22.9,0.0,0.27916,0.38774,0.72595,0.87098,0.8675,0.9,0.57372,0.05714,0,0.14275,0,0,0,1
Navsari,0,6.4,1.9,3.2,7.3,0.56,11,1,49.4,38.3,34.8,1.0,0.0213,0.01322,0.43886,0.56014,0.9725,0.95,0,0.02857,0.22921,0.73843,0,0,0,0
Valsad,1,31.4,11.4,4.8,7.0,0.944,12,2,80.5,22.2,26.8,1.0,0.10458,0.08134,0.68611,0.94389,0.97,0.9,0.60944,0.05714,0.02807,0.33822,0,0,0,0
Surat,1,35.9,22.0,6.4,9.4,0.879,13,1,78.2,30.1,27.1,1.0,0.11959,0.15684,0.68121,0.87947,0.9675,0.95,0.56424,0.02857,0.12606,0.35527,1,0,0,0
Patan,1,19.3,10.2,2.49,6.0,0.436,70,1,83.6,9.6,25.1,0.0,0.0642,0.07307,0.41575,0.43561,0.825,0.95,0.67263,0.02857,0,0.25646,0,0,0,0
Rajkot,1,36.7,14.5,4.11,7.2,0.63,134,3,82.9,16.7,26.3,0.0,0.12242,0.10356,0.57094,0.63036,0.665,0.85,0.6575,0.08571,0,0.31704,0,0,0,0
Bhuj,1,6.7,1.6,2.39,5.8,0.43,110,4,73.2,9.0,28.7,1.0,0.02232,0.01138,0.41127,0.42982,0.725,0.8,0.46408,0.11429,0,0.43261,0,0,0,0
Vadodara,0,9.5,2.6,3.51,8.0,0.372,39,2,54.1,4.4,31.2,0.0,0.03156,0.01826,0.43831,0.37186,0.9025,0.9,0.08136,0.05714,0,0.56081,0,0,0,0
Bhuj,1,1.5,0.5,2.67,5.8,0.451,110,4,76.7,18.4,29.3,1.0,0.00505,0.00349,0.46053,0.45052,0.725,0.8,0.53376,0.11429,0,0.46474,0,0,0,0
Surat,1,7.5,2.5,5.73,9.4,0.892,13,1,80.5,14.3,30.8,1.0,0.02489,0.01785,0.60909,0.89243,0.9675,0.95,0.6101,0.02857,0,0.53959,1,0,0,0
Porbandar,1,2.9,0.8,2.95,6.2,0.727,8,1,80.6,10.5,30.2,1.0,0.00971,0.00559,0.47561,0.72747,0.98,0.95,0.61131,0.02857,0,0.51185,0,0,0,0
Patan,0,0.7,0.4,0.51,6.0,0.119,70,1,48.5,9.2,26.5,0.0,0.00241,0.00269,0.08507,0.11941,0.825,0.95,0,0.02857,0,0.32443,0,0,0,0
Bhavnagar,0,2.4,1.4,3.26,7.4,0.446,24,2,57.9,36.8,34.3,1.0,0.00814,0.00968,0.43995,0.44629,0.94,0.9,0.15776,0.05714,0.20963,0.71597,0,0,0,0
Surat,1,10.1,8.6,5.36,9.4,0.835,13,1,87.9,47.1,27.9,1.0,0.03353,0.06108,0.57005,0.83523,0.9675,0.95,0.75756,0.02857,0.33867,0.3947,0,0,0,0
Valsad,1,79.9,19.6,5.04,7.0,0.881,12,2,79.0,16.4,27.1,1.0,0.26641,0.13996,0.71975,0.8806,0.97,0.9,0.57923,0.05714,0,0.35555,1,0,0,0
Vadodara,1,12.4,8.5,4.81,8.0,0.91,39,2,90.8,41.5,24.4,0.0,0.0413,0.06089,0.60131,0.91014,0.9025,0.9,0.81552,0.05714,0.26925,0.22036,0,0,0,0
Vadodara,0,14.9,8.7,4.11,8.0,0.378,39,2,57.3,8.2,31.2,0.0,0.04952,0.06222,0.51352,0.3775,0.9025,0.9,0.14643,0.05714,0,0.55938,0,0,0,0
Jamnagar,0,1.4,0.9,2.56,6.5,0.261,20,2,53.2,2,31.4,1.0,0.0048,0.00635,0.39336,0.26123,0.95,0.9,0.06375,0.05714,0,0.5683,0,0,0,0
Patan,1,12.7,6.5,2.41,6.0,0.531,70,1,79.3,31.6,26.5,0.0,0.04229,0.04661,0.40199,0.53134,0.825,0.95,0.58699,0.02857,0.14524,0.32507,0,0,0,0
Jamnagar,1,84.8,56.6,3.85,6.5,0.695,20,2,73.5,24.9,27.0,1.0,0.28261,0.40453,0.59194,0.69456,0.95,0.9,0.46973,0.05714,0.06152,0.34998,1,0,0,0
Bhavnagar,1,25.9,16.7,4.35,7.4,0.646,24,2,99.7,12.9,24.9,1.0,0.08629,0.11911,0.58824,0.6459,0.94,0.9,0.99369,0.05714,0,0.24624,0,0,0,0
Vadodara,0,4.3,2.3,3.06,8.0,0.444,39,2,51.8,34.5,35.6,0.0,0.01448,0.01658,0.383,0.44387,0.9025,0.9,0.03555,0.05714,0.18173,0.77862,0,0,0,0
Surat,0,8.5,5.1,4.55,9.4,0.514,13,1,51.9,25.5,29.7,1.0,0.0284,0.03662,0.48428,0.51407,0.9675,0.95,0.03828,0.02857,0.06921,0.48593,0,0,0,0
Porbandar,1,43.1,6.3,3.27,6.2,0.587,8,1,84.1,6.5,22.1,1.0,0.14378,0.04502,0.52681,0.58663,0.98,0.95,0.6815,0.02857,0,0.104,1,0,0,0
Jamnagar,1,29.2,13.3,3.01,6.5,0.49,20,2,73.2,13.1,28.8,1.0,0.09744,0.09519,0.46349,0.4897,0.95,0.9,0.46463,0.05714,0,0.44215,0,0,0,0
Porbandar,1,4.7,2.8,3.03,6.2,0.73,8,1,73.1,32.8,26.4,1.0,0.0158,0.02016,0.48934,0.73039,0.98,0.95,0.46155,0.02857,0.1594,0.31823,0,0,0,0
Surat,1,54.0,24.0,6.36,9.4,1.0,13,1,89.4,22.3,28.7,1.0,0.1799,0.17128,0.67607,1.0,0.9675,0.95,0.78829,0.02857,0.02905,0.43296,1,0,0,0
Patan,0,7.7,6.5,2.36,6.0,0.241,70,1,54.1,8.5,34.6,0.0,0.02562,0.04667,0.39381,0.24079,0.825,0.95,0.08182,0.02857,0,0.72813,0,0,0,0
Navsari,0,14.7,2.5,3.29,7.3,0.464,11,1,47.8,17.5,32.8,1.0,0.04897,0.01767,0.45096,0.46368,0.9725,0.95,0,0.02857,0,0.63791,0,0,0,0
Bhavnagar,0,1.3,1.1,3.37,7.4,0.467,24,2,46.5,24.7,27.7,1.0,0.00447,0.00814,0.4557,0.46655,0.94,0.9,0,0.05714,0.05917,0.38355,0,0,0,0
Bhavnagar,0,8.1,4.3,3.67,7.4,0.401,24,2,58.4,24.7,28.2,1.0,0.0269,0.03061,0.49613,0.40087,0.94,0.9,0.16857,0.05714,0.05914,0.4088,0,0,0,0
Patan,0,2.0,0.6,2.21,6.0,0.322,70,1,43.3,19.7,33.0,0.0,0.00662,0.00413,0.36756,0.32211,0.825,0.95,0,0.02857,0,0.6498,0,0,0,0
Bhuj,1,22.6,11.3,2.78,5.8,0.459,110,4,88.7,22.3,26.1,1.0,0.07541,0.08057,0.47992,0.45912,0.725,0.8,0.7734,0.11429,0.02819,0.30457,1,0,0,0
Navsari,0,23.6,11.5,3.5,7.3,0.553,11,1,64.5,13.5,32.0,1.0,0.07877,0.08195,0.47941,0.5531,0.9725,0.95,0.28941,0.02857,0,0.60231,0,0,0,0
Dang,1,24.5,5.3,4.38,6.4,0.87,975,27,71.5,7.5,30.1,0.0,0.08165,0.03753,0.68497,0.86967,0,0,0.42941,0.77143,0,0.5044,0,0,0,0
Vadodara,1,24.1,13.6,4.73,8.0,0.66,39,2,79.9,29.8,29.2,0.0,0.08047,0.09706,0.59073,0.66005,0.9025,0.9,0.59883,0.05714,0.1231,0.45781,0,0,0,0
Ahmedabad,1,31.6,6.6,4.63,8.5,0.747,53,2,84.1,20.7,24.5,0.0,0.10548,0.04686,0.54509,0.74662,0.8675,0.9,0.68132,0.05714,0.0088,0.22344,0,0,0,0
Surat,0,7.0,4.3,4.32,9.4,0.537,13,1,53.0,15.3,30.8,1.0,0.02326,0.03053,0.45993,0.53671,0.9675,0.95,0.05973,0.02857,0,0.53761,0,0,0,0
Bhavnagar,0,4.2,0.2,3.05,7.4,0.386,24,2,50.8,12.3,33.6,1.0,0.01412,0.00151,0.41185,0.3856,0.94,0.9,0.01624,0.05714,0,0.67969,0,0,0,0
Navsari,0,5.0,1.6,3.12,7.3,0.511,11,1,56.8,20.1,31.7,1.0,0.01668,0.01175,0.42735,0.51148,0.9725,0.95,0.13525,0.02857,0.00076,0.58457,0,0,0,0
Surat,1,21.6,13.8,4.5,9.4,0.844,13,1,86.3,11.4,26.2,1.0,0.07207,0.09838,0.47855,0.84407,0.9675,0.95,0.72698,0.02857,0,0.31023,0,0,1,0
Vadodara,1,20.6,13.2,4.39,8.0,0.733,39,2,100,24.5,24.3,0.0,0.0687,0.09426,0.54904,0.73263,0.9025,0.9,1,0.05714,0.05579,0.21721,1,0,0,0
Vadodara,1,69.2,55.2,5.41,8.0,0.795,39,2,86.1,18.9,23.6,0.0,0.23074,0.39437,0.67629,0.79526,0.9025,0.9,0.72202,0.05714,0,0.18191,0,0,0,0
Valsad,1,33.9,18.6,4.46,7.0,0.965,12,2,80.4,25.3,26.2,1.0,0.11302,0.1331,0.63674,0.96501,0.97,0.9,0.60725,0.05714,0.06578,0.30881,1,0,0,0
Patan,0,7.6,2.8,3.39,6.0,0.171,70,1,58.4,5.0,31.8,0.0,0.0252,0.01991,0.56554,0.17054,0.825,0.95,0.16872,0.02857,0,0.58771,0,0,0,0
Porbandar,0,13.5,3.9,2.61,6.2,0.326,8,1,42.2,14.4,32.5,1.0,0.0449,0.02793,0.42047,0.32626,0.98,0.95,0,0.02857,0,0.6273,0,0,0,0
Navsari,0,10.6,8.7,3.92,7.3,0.513,11,1,47.0,10.8,28.4,1.0,0.03533,0.06188,0.53763,0.51307,0.9725,0.95,0,0.02857,0,0.42175,0,0,0,0
Jamnagar,0,4.6,2.2,3.15,6.5,0.306,20,2,55.0,35.8,34.4,1.0,0.01548,0.01561,0.48513,0.30597,0.95,0.9,0.10072,0.05714,0.19748,0.72068,0,0,1,0
Bhavnagar,0,4.8,3.4,3.06,7.4,0.247,24,2,59.0,2.9,30.0,1.0,0.01593,0.02418,0.41364,0.24674,0.94,0.9,0.18047,0.05714,0,0.49886,0,0,0,0
Bhuj,1,39.6,17.4,3.14,5.8,0.293,110,4,85.1,21.2,28.3,1.0,0.13194,0.12447,0.54067,0.29306,0.725,0.8,0.70252,0.11429,0.01533,0.41333,0,0,0,0
Bhuj,0,1.5,0.5,0.24,5.8,0.025,110,4,43.4,33.9,30.8,1.0,0.00498,0.00359,0.04171,0.02489,0.725,0.8,0,0.11429,0.17372,0.53781,0,0,0,1
Rajkot,1,39.0,29.3,3.75,7.2,0.669,134,3,81.0,6.4,27.1,0.0,0.12984,0.20913,0.52024,0.66886,0.665,0.85,0.61923,0.08571,0,0.35595,0,0,0,0
Valsad,0,13.7,8.8,2.54,7.0,0.571,12,2,46.9,17.5,30.4,1.0,0.04575,0.06299,0.36234,0.57115,0.97,0.9,0,0.05714,0,0.52179,0,0,1,0
Dang,1,56.4,37.2,3.99,6.4,0.922,975,27,84.0,3.9,26.9,0.0,0.18807,0.26577,0.62387,0.92211,0,0,0.68096,0.77143,0,0.34464,0,0,0,0
Surat,1,48.1,30.2,5.77,9.4,0.892,13,1,80.2,54.3,28.6,1.0,0.16045,0.21539,0.61403,0.89238,0.9675,0.95,0.60331,0.02857,0.42931,0.42849,1,0,1,0
Ahmedabad,1,13.7,8.8,4.97,8.5,0.763,53,2,84.8,10.3,25.4,0.0,0.04555,0.0628,0.58461,0.76306,0.8675,0.9,0.69698,0.05714,0,0.27003,1,0,0,1
Ahmedabad,1,45.0,7.3,5.5,8.5,0.852,53,2,72.1,15.8,25.8,0.0,0.14987,0.05188,0.64727,0.85161,0.8675,0.9,0.44207,0.05714,0,0.29101,0,0,0,0
Jamnagar,1,6.6,1.3,3.28,6.5,0.766,20,2,81.4,36.9,29.6,1.0,0.02192,0.00962,0.50525,0.76625,0.95,0.9,0.62772,0.05714,0.21128,0.48002,1,0,0,0
Jamnagar,0,0.5,0.3,2.33,6.5,0.315,20,2,52.8,7.9,34.6,1.0,0.0018,0.00218,0.35817,0.31513,0.95,0.9,0.05591,0.05714,0,0.72951,0,0,0,0
Surat,1,81.1,19.7,6.18,9.4,0.917,13,1,61.2,23.0,26.3,1.0,0.27021,0.14071,0.65697,0.91717,0.9675,0.95,0.22369,0.02857,0.03756,0.3155,0,0,0,0
Vadodara,0,5.6,0.5,3.19,8.0,0.421,39,2,65.3,3.1,31.8,0.0,0.01859,0.00327,0.3982,0.42132,0.9025,0.9,0.3069,0.05714,0,0.59093,0,0,0,0
Patan,0,2.5,1.2,1.91,6.0,0.159,70,1,40.9,25.5,36.4,0.0,0.0082,0.0087,0.3188,0.15851,0.825,0.95,0,0.02857,0.06936,0.82136,0,0,0,0
Valsad,1,183.0,12.1,6.42,7.0,1.0,12,2,88.9,5.1,24.4,1.0,0.61015,0.08666,0.9168,1.0,0.97,0.9,0.77851,0.05714,0,0.22102,1,0,0,1
Rajkot,1,73.7,40.7,4.09,7.2,0.643,134,3,89.8,22.1,26.0,0.0,0.24564,0.29052,0.56823,0.64281,0.665,0.85,0.79552,0.08571,0.02617,0.2995,1,0,0,0
Valsad,0,15.9,9.7,2.87,7.0,0.478,12,2,42.2,34.8,34.3,1.0,0.05304,0.0692,0.41028,0.47813,0.97,0.9,0,0.05714,0.18443,0.71427,0,0,0,0
Dang,1,87.7,52.7,4.57,6.4,0.969,975,27,84.1,2.7,24.7,0.0,0.29236,0.3762,0.71454,0.96933,0,0,0.6825,0.77143,0,0.23749,0,0,0,1
Patan,1,52.2,27.0,3.32,6.0,0.512,70,1,84.3,11.2,25.5,0.0,0.17412,0.19276,0.55277,0.51164,0.825,0.95,0.68661,0.02857,0,0.27734,0,0,0,0
Patan,1,12.2,1.1,2.46,6.0,0.486,70,1,69.9,12.7,27.4,0.0,0.04051,0.00764,0.41051,0.48643,0.825,0.95,0.3978,0.02857,0,0.36975,1,0,0,0
Vadodara,0,4.6,2.4,4.5,8.0,0.473,39,2,51.6,4.2,30.4,0.0,0.01538,0.01722,0.56255,0.47311,0.9025,0.9,0.03112,0.05714,0,0.51781,0,0,0,0
Rajkot,0,6.5,2.4,1.79,7.2,0.208,134,3,40.4,20.7,33.1,0.0,0.02161,0.01727,0.24872,0.20812,0.665,0.85,0,0.08571,0.00851,0.65654,0,0,0,0
Ahmedabad,1,15.8,6.1,4.56,8.5,0.819,53,2,77.4,11.9,30.6,0.0,0.05273,0.04389,0.53622,0.81926,0.8675,0.9,0.54843,0.05714,0,0.53012,0,0,0,0
Bhuj,1,12.0,5.9,3.09,5.8,0.408,110,4,68.1,111.3,25.0,1.0,0.04015,0.04188,0.5324,0.4081,0.725,0.8,0.36295,0.11429,1,0.24946,1,0,1,0
Dang,0,31.8,7.4,4.03,6.4,0.623,975,27,50.6,7.4,32.8,0.0,0.1061,0.05296,0.63007,0.62295,0,0,0.0114,0.77143,0,0.63848,0,0,0,0
Rajkot,1,54.0,25.8,4.49,7.2,0.768,134,3,83.5,9.4,28.0,0.0,0.18011,0.18448,0.62373,0.76764,0.665,0.85,0.67058,0.08571,0,0.39775,0,0,0,0
Dang,1,68.8,11.8,3.44,6.4,0.994,975,27,80.2,6.5,28.0,0.0,0.22945,0.08458,0.53727,0.99373,0,0,0.60494,0.77143,0,0.40214,0,1,0,0
Rajkot,0,1.8,1.0,3.64,7.2,0.322,134,3,62.6,6.8,33.3,0.0,0.00588,0.00725,0.50607,0.32159,0.665,0.85,0.2514,0.08571,0,0.66391,0,0,0,0
Rajkot,1,9.2,3.2,3.37,7.2,0.743,134,3,87.5,22.7,25.9,0.0,0.03075,0.02285,0.46769,0.7429,0.665,0.85,0.74997,0.08571,0.03313,0.29317,0,0,0,0
Navsari,0,3.6,2.7,3.45,7.3,0.5,11,1,48.9,6.5,34.1,1.0,0.0119,0.019,0.47206,0.50002,0.9725,0.95,0,0.02857,0,0.70389,0,0,0,0
Porbandar,1,16.0,3.5,4.15,6.2,0.72,8,1,89.0,12.8,27.4,1.0,0.05341,0.02478,0.66952,0.72008,0.98,0.95,0.78077,0.02857,0,0.36752,0,0,0,0
Bhavnagar,0,1.5,0.5,3.09,7.4,0.456,24,2,49.4,24.2,35.5,1.0,0.00488,0.00355,0.41715,0.45613,0.94,0.9,0,0.05714,0.05234,0.77355,0,0,0,0
Rajkot,1,38.5,21.1,4.46,7.2,0.717,134,3,80.8,6.2,25.6,0.0,0.1283,0.15104,0.61887,0.71739,0.665,0.85,0.61658,0.08571,0,0.28124,0,0,0,0
Surat,1,27.4,7.7,5.75,9.4,0.871,13,1,88.5,19.7,28.6,1.0,0.09146,0.05495,0.61148,0.87052,0.9675,0.95,0.77019,0.02857,0,0.43167,0,0,0,0
Valsad,1,37.6,19.0,4.4,7.0,0.941,12,2,89.3,68.3,22.8,1.0,0.12527,0.13564,0.62906,0.94122,0.97,0.9,0.7866,0.05714,0.60406,0.13967,0,0,1,0
Navsari,1,26.7,14.7,4.3,7.3,0.738,11,1,83.6,11.0,26.0,1.0,0.08893,0.10464,0.58861,0.73752,0.9725,0.95,0.67266,0.02857,0,0.30113,1,1,0,0
Surat,1,47.9,13.3,7.05,9.4,0.844,13,1,86.7,18.8,22.4,1.0,0.1595,0.09515,0.74996,0.84363,0.9675,0.95,0.73302,0.02857,0,0.12078,0,0,0,0
Bhavnagar,1,48.3,12.4,4.86,7.4,0.759,24,2,77.6,9.5,28.0,1.0,0.16091,0.08891,0.65732,0.75897,0.94,0.9,0.55252,0.05714,0,0.39947,0,0,1,1
Jamnagar,0,7.4,3.8,2.33,6.5,0.307,20,2,55.8,147.4,33.6,1.0,0.02477,0.02729,0.35886,0.30662,0.95,0.9,0.11602,0.05714,1,0.68028,0,0,1,0
Surat,1,34.9,17.3,5.51,9.4,0.89,13,1,75.6,32.5,28.8,1.0,0.11641,0.12323,0.58587,0.88958,0.9675,0.95,0.51168,0.02857,0.15656,0.44216,0,0,0,0
Valsad,1,42.4,18.7,4.51,7.0,0.818,12,2,92.6,13.7,29.9,1.0,0.1414,0.13356,0.64384,0.81785,0.97,0.9,0.85294,0.05714,0,0.49698,0,0,0,0
Navsari,1,64.0,29.2,5.17,7.3,1.0,11,1,88.1,21.1,22.4,1.0,0.21336,0.20858,0.70832,1.0,0.9725,0.95,0.76177,0.02857,0.0133,0.12162,1,0,0,0
Patan,1,28.1,9.1,3.98,6.0,0.67,70,1,89.4,29.6,28.3,0.0,0.09353,0.06504,0.66309,0.66965,0.825,0.95,0.78809,0.02857,0.12038,0.41501,1,0,0,0
Surat,1,22.1,10.4,5.39,9.4,0.901,13,1,81.4,4.4,25.6,1.0,0.07368,0.07444,0.57315,0.90137,0.9675,0.95,0.62887,0.02857,0,0.27754,1,0,0,0
Bhavnagar,0,1.5,1.2,1.95,7.4,0.32,24,2,62.4,14.9,36.0,1.0,0.00499,0.00871,0.26396,0.31962,0.94,0.9,0.24839,0.05714,0,0.80104,0,0,0,0
Bhuj,1,12.9,8.4,1.95,5.8,0.303,110,4,88.7,24.2,24.0,1.0,0.04306,0.06026,0.33652,0.30294,0.725,0.8,0.77374,0.11429,0.0522,0.20169,0,0,0,0
Jamnagar,1,62.1,18.8,5.16,6.5,0.682,20,2,95.2,3.5,27.8,1.0,0.20715,0.13433,0.79385,0.68172,0.95,0.9,0.90447,0.05714,0,0.3914,0,0,0,0
Patan,0,8.3,1.9,1.48,6.0,0.233,70,1,53.1,2,34.9,0.0,0.02777,0.01324,0.24734,0.2331,0.825,0.95,0.06245,0.02857,0,0.7466,0,0,0,0
Valsad,1,67.1,19.3,4.87,7.0,1.0,12,2,78.4,27.2,24.9,1.0,0.22377,0.13751,0.69587,1.0,0.97,0.9,0.56761,0.05714,0.08939,0.24285,0,0,0,0
Bhuj,1,22.3,7.4,3.99,5.8,0.639,110,4,70.9,42.9,25.7,1.0,0.07447,0.05297,0.68782,0.6393,0.725,0.8,0.41728,0.11429,0.28577,0.28404,0,0,1,0
Bhuj,1,21.0,9.5,3.17,5.8,0.589,110,4,70.3,9.4,23.8,1.0,0.0701,0.06753,0.54592,0.58896,0.725,0.8,0.40566,0.11429,0,0.19244,0,0,0,0
Rajkot,1,14.8,9.4,3.42,7.2,0.562,134,3,79.4,26.8,29.4,0.0,0.04947,0.06699,0.47525,0.56188,0.665,0.85,0.58738,0.08571,0.08509,0.46799,0,0,0,0
Navsari,1,74.4,36.3,4.93,7.3,0.846,11,1,84.2,32.8,26.1,1.0,0.24797,0.25925,0.67491,0.84562,0.9725,0.95,0.68388,0.02857,0.15966,0.30534,0,0,0,0
Valsad,1,38.2,32.4,4.21,7.0,0.862,12,2,81.9,14.4,23.8,1.0,0.12722,0.23171,0.60181,0.86184,0.97,0.9,0.63885,0.05714,0,0.19015,0,0,0,0
Valsad,1,10.9,0.6,3.99,7.0,0.921,12,2,81.1,60.9,25.2,1.0,0.03623,0.00458,0.56939,0.92106,0.97,0.9,0.62284,0.05714,0.51085,0.25777,0,0,0,1
Rajkot,1,5.2,1.0,3.18,7.2,0.566,134,3,81.4,4.4,26.1,0.0,0.01745,0.00732,0.44194,0.5659,0.665,0.85,0.62865,0.08571,0,0.30447,0,0,1,0
Bhavnagar,1,4.4,2.0,3.15,7.4,0.614,24,2,80.1,14.9,24.5,1.0,0.01473,0.01461,0.42553,0.61436,0.94,0.9,0.60156,0.05714,0,0.22586,0,0,0,0
Patan,1,10.8,2.5,3.13,6.0,0.498,70,1,82.3,22.4,29.5,0.0,0.03609,0.01765,0.52186,0.49786,0.825,0.95,0.64677,0.02857,0.02959,0.47678,0,0,0,1
Patan,0,1.8,0.8,1.63,6.0,0.225,70,1,61.1,9.2,31.2,0.0,0.00608,0.00539,0.27136,0.22453,0.825,0.95,0.22211,0.02857,0,0.55821,0,0,0,0
Vadodara,1,12.9,5.8,5.62,8.0,0.788,39,2,83.2,11.8,26.5,0.0,0.04293,0.0417,0.70311,0.78817,0.9025,0.9,0.66409,0.05714,0,0.32737,0,0,0,0
Bhavnagar,1,0.8,0.2,3.62,7.4,0.635,24,2,89.9,20.7,27.0,1.0,0.00259,0.00118,0.4889,0.63513,0.94,0.9,0.79712,0.05714,0.00839,0.35231,0,0,0,0
Patan,0,1.0,0.5,2.68,6.0,0.102,70,1,47.7,7.6,31.7,0.0,0.00346,0.00385,0.44739,0.10155,0.825,0.95,0,0.02857,0,0.58254,1,0,0,0
Valsad,0,2.9,1.9,2.63,7.0,0.511,12,2,47.4,23.9,32.5,1.0,0.00973,0.01354,0.37613,0.51066,0.97,0.9,0,0.05714,0.04836,0.62368,0,0,0,0
Navsari,0,4.5,3.1,2.96,7.3,0.514,11,1,61.4,49.9,29.9,1.0,0.01515,0.02221,0.40494,0.51395,0.9725,0.95,0.22741,0.02857,0.37407,0.49463,0,0,0,0
Rajkot,1,31.9,20.5,3.8,7.2,0.588,134,3,89.2,17.4,30.8,0.0,0.10627,0.14642,0.52837,0.58836,0.665,0.85,0.78324,0.08571,0,0.53933,0,0,0,0
Rajkot,1,2.0,0.6,3.36,7.2,0.566,134,3,71.6,11.4,26.3,0.0,0.00677,0.00463,0.46669,0.56597,0.665,0.85,0.43181,0.08571,0,0.31587,0,0,0,0
Valsad,0,26.4,14.8,3.02,7.0,0.495,12,2,55.5,23.1,30.2,1.0,0.08815,0.10544,0.43187,0.49534,0.97,0.9,0.11024,0.05714,0.03932,0.51082,1,0,0,0
Jamnagar,1,0.7,0.5,3.61,6.5,0.7,20,2,91.6,71.1,27.6,1.0,0.00232,0.00347,0.55543,0.70023,0.95,0.9,0.83147,0.05714,0.63833,0.37876,0,0,0,0
Ahmedabad,1,97.9,58.6,6.4,8.5,0.859,53,2,84.2,23.9,25.2,0.0,0.32638,0.41841,0.75333,0.85914,0.8675,0.9,0.68312,0.05714,0.04816,0.25844,0,0,0,1
Bhuj,0,1.9,0.3,1.76,5.8,0.02,110,4,46.4,11.2,31.4,1.0,0.00619,0.0022,0.30315,0.02,0.725,0.8,0,0.11429,0,0.56993,0,0,1,0
Dang,0,12.3,5.9,4.07,6.4,0.581,975,27,59.1,7.1,33.9,0.0,0.04089,0.04218,0.63668,0.5815,0,0,0.18254,0.77143,0,0.69424,0,0,0,0
Bhavnagar,1,1.7,0.8,3.78,7.4,0.637,24,2,78.4,28.2,28.0,1.0,0.00564,0.00601,0.51102,0.63692,0.94,0.9,0.56703,0.05714,0.10206,0.39876,0,0,0,0
Porbandar,1,18.1,5.3,3.21,6.2,0.714,8,1,90.4,16.8,29.9,1.0,0.06047,0.0381,0.51735,0.71385,0.98,0.95,0.80818,0.02857,0,0.4956,0,0,0,1
Bhuj,1,15.6,10.4,1.93,5.8,0.297,110,4,61.2,29.9,26.7,1.0,0.05204,0.07427,0.33296,0.29731,0.725,0.8,0.22452,0.11429,0.12335,0.33526,0,0,0,0
Ahmedabad,1,34.5,10.3,4.58,8.5,0.804,53,2,90.7,36.3,27.5,0.0,0.11491,0.07328,0.53846,0.80447,0.8675,0.9,0.81451,0.05714,0.20393,0.37428,0,0,0,0
Porbandar,0,6.9,1.6,2.7,6.2,0.423,8,1,51.8,22.4,32.2,1.0,0.0229,0.01123,0.4348,0.42273,0.98,0.95,0.03651,0.02857,0.0298,0.61233,0,0,0,0
Ahmedabad,1,18.9,3.6,3.65,8.5,0.835,53,2,84.0,17.2,26.7,0.0,0.06301,0.02536,0.42954,0.83467,0.8675,0.9,0.68011,0.05714,0,0.33381,0,0,0,0
Patan,1,11.6,6.7,3.57,6.0,0.556,70,1,80.0,38.1,25.2,0.0,0.03866,0.04788,0.59471,0.55582,0.825,0.95,0.59963,0.02857,0.22567,0.25971,0,0,0,0
Jamnagar,1,22.4,7.0,3.73,6.5,0.557,20,2,73.7,36.7,26.1,1.0,0.07458,0.04994,0.57444,0.55723,0.95,0.9,0.47318,0.05714,0.20834,0.30579,0,0,0,0
Bhuj,1,11.1,7.4,1.6,5.8,0.642,110,4,86.3,26.6,28.5,1.0,0.03695,0.05253,0.27555,0.64174,0.725,0.8,0.72669,0.11429,0.08205,0.42582,0,0,0,0
Rajkot,1,23.7,6.1,4.61,7.2,0.658,134,3,84.9,34.1,27.3,0.0,0.07885,0.04326,0.6403,0.65777,0.665,0.85,0.69842,0.08571,0.17569,0.36693,1,0,0,0
Valsad,0,16.5,7.8,2.69,7.0,0.686,12,2,47.3,16.3,31.4,1.0,0.05504,0.05598,0.38474,0.68618,0.97,0.9,0,0.05714,0,0.56958,0,0,0,0
Jamnagar,1,35.6,18.6,4.12,6.5,0.74,20,2,86.0,30.8,24.7,1.0,0.11883,0.13304,0.63442,0.73966,0.95,0.9,0.72014,0.05714,0.13542,0.23563,0,0,0,1
Rajkot,1,4.4,0.7,2.08,7.2,0.592,134,3,67.0,4.4,29.0,0.0,0.01467,0.00498,0.28854,0.59179,0.665,0.85,0.34029,0.08571,0,0.44951,0,0,0,0
Valsad,1,6.2,1.4,4.25,7.0,0.873,12,2,77.3,10.7,26.2,1.0,0.02052,0.01025,0.60769,0.87299,0.97,0.9,0.54547,0.05714,0,0.31052,0,0,0,0
Vadodara,1,20.5,7.9,4.18,8.0,0.766,39,2,74.0,34.3,27.3,0.0,0.06828,0.05627,0.52293,0.76607,0.9025,0.9,0.48056,0.05714,0.17875,0.36539,1,0,0,0
Surat,0,12.3,4.6,4.44,9.4,0.461,13,1,42.5,25.9,28.0,1.0,0.04086,0.03262,0.47212,0.46074,0.9675,0.95,0,0.02857,0.0737,0.40219,0,0,0,0
Porbandar,1,4.8,2.9,3.02,6.2,0.68,8,1,69.9,76.7,27.0,1.0,0.01586,0.021,0.48706,0.68011,0.98,0.95,0.39747,0.02857,0.70867,0.35174,1,0,0,0
Ahmedabad,0,5.8,1.7,3.5,8.5,0.52,53,2,47.0,32.1,33.0,0.0,0.01941,0.01212,0.41144,0.51962,0.8675,0.9,0,0.05714,0.15113,0.65137,0,0,0,0
Jamnagar,1,9.4,8.0,3.72,6.5,0.694,20,2,75.0,20.6,27.2,1.0,0.03132,0.05705,0.57248,0.69391,0.95,0.9,0.49983,0.05714,0.0081,0.35881,0,0,0,0
Surat,1,44.3,20.9,6.6,9.4,0.864,13,1,99.6,46.4,27.3,1.0,0.14752,0.14941,0.70175,0.86368,0.9675,0.95,0.99202,0.02857,0.33013,0.36479,1,0,0,0
Rajkot,1,12.9,4.5,2.57,7.2,0.621,134,3,88.1,39.4,23.6,0.0,0.04303,0.03244,0.35667,0.62102,0.665,0.85,0.76182,0.08571,0.24204,0.17976,0,0,0,0
Dang,1,83.4,23.5,4.07,6.4,0.957,975,27,90.0,8.8,26.0,0.0,0.278,0.16758,0.6363,0.95677,0,0,0.80068,0.77143,0,0.29844,0,0,0,0
Porbandar,1,2.4,1.2,2.98,6.2,0.837,8,1,77.0,36.4,29.4,1.0,0.00788,0.00847,0.4801,0.83654,0.98,0.95,0.54014,0.02857,0.20541,0.47192,0,0,0,0
Surat,0,11.2,1.8,4.57,9.4,0.618,13,1,48.6,45.1,34.7,1.0,0.03742,0.01263,0.48631,0.61777,0.9675,0.95,0,0.02857,0.31381,0.73347,1,0,0,0
Dang,0,5.2,2.9,2.18,6.4,0.495,975,27,49.3,5.8,32.1,0.0,0.01721,0.02087,0.34007,0.49511,0,0,0,0.77143,0,0.60705,0,0,0,0
Bhuj,0,1.3,0.9,2.51,5.8,0.097,110,4,59.5,19.1,32.7,1.0,0.00424,0.00666,0.43209,0.09661,0.725,0.8,0.19,0.11429,0,0.63716,0,0,0,0
Dang,0,14.7,4.7,2.92,6.4,0.422,975,27,54.0,13.7,35.6,0.0,0.04893,0.03339,0.4558,0.42213,0,0,0.07939,0.77143,0,0.78234,0,0,0,0
Ahmedabad,1,43.3,4.6,4.73,8.5,0.804,53,2,90.2,3.9,23.7,0.0,0.14441,0.03303,0.55592,0.8038,0.8675,0.9,0.80346,0.05714,0,0.18718,0,0,0,0
Navsari,1,58.6,21.9,4.98,7.3,0.973,11,1,78.8,11.5,29.4,1.0,0.19548,0.15615,0.68218,0.97329,0.9725,0.95,0.57528,0.02857,0,0.46976,0,0,0,0
Patan,0,4.0,2.8,1.98,6.0,0.2,70,1,48.2,18.5,32.4,0.0,0.0134,0.02018,0.3307,0.19971,0.825,0.95,0,0.02857,0,0.62076,0,0,0,0
Jamnagar,0,1.3,0.3,2.49,6.5,0.232,20,2,43.8,10.8,35.3,1.0,0.00424,0.00243,0.38274,0.23219,0.95,0.9,0,0.05714,0,0.76255,0,0,0,0
Jamnagar,0,3.3,2.6,1.32,6.5,0.228,20,2,46.0,5.6,33.0,1.0,0.01099,0.0188,0.20327,0.22829,0.95,0.9,0,0.05714,0,0.64865,0,0,0,0
Dang,0,14.6,10.0,2.61,6.4,0.599,975,27,62.3,9.8,29.5,0.0,0.0487,0.07115,0.40855,0.59939,0,0,0.24628,0.77143,0,0.4769,0,0,0,0
Dang,1,112.8,77.2,4.76,6.4,1.0,975,27,80.8,32.6,27.9,0.0,0.37601,0.55123,0.74351,1.0,0,0,0.61507,0.77143,0.15758,0.39491,0,0,0,0
Vadodara,1,100.3,17.6,5.71,8.0,0.779,39,2,85.6,23.9,26.2,0.0,0.33442,0.12554,0.7143,0.77927,0.9025,0.9,0.71174,0.05714,0.04859,0.31214,1,0,0,1
Porbandar,0,1.1,0.1,1.83,6.2,0.35,8,1,44.5,3.3,31.9,1.0,0.00366,0.00092,0.29545,0.3496,0.98,0.95,0,0.02857,0,0.59279,0,0,0,0
Vadodara,0,0.3,0.2,3.24,8.0,0.478,39,2,52.9,26.6,34.4,0.0,0.0011,0.00165,0.40464,0.47812,0.9025,0.9,0.05842,0.05714,0.08286,0.7193,0,0,0,0
Valsad,1,45.5,13.3,3.9,7.0,0.934,12,2,88.8,3.3,26.4,1.0,0.15163,0.09535,0.55706,0.93449,0.97,0.9,0.77506,0.05714,0,0.31889,0,0,0,0
Dang,1,128.4,77.2,5.78,6.4,0.984,975,27,100,9.2,20.6,0.0,0.42793,0.55141,0.90332,0.98378,0,0,1,0.77143,0,0.03086,0,0,0,0
Bhuj,1,48.3,31.6,4.15,5.8,0.499,110,4,76.0,19.9,25.2,1.0,0.16111,0.22549,0.71549,0.49892,0.725,0.8,0.51904,0.11429,0,0.26125,0,0,0,0
Dang,1,62.1,35.4,4.5,6.4,1.0,975,27,75.0,6.8,27.1,0.0,0.20712,0.25295,0.70345,1.0,0,0,0.49907,0.77143,0,0.3526,0,0,0,0
Bhuj,1,38.0,18.4,1.68,5.8,0.528,110,4,85.8,76.9,28.0,1.0,0.12654,0.13119,0.29025,0.52764,0.725,0.8,0.717,0.11429,0.71071,0.39935,0,0,0,0
Patan,0,6.2,4.0,1.31,6.0,0.179,70,1,47.7,5.5,31.2,0.0,0.02072,0.02855,0.21853,0.17909,0.825,0.95,0,0.02857,0,0.55761,0,0,0,0
Surat,1,13.9,9.0,6.04,9.4,0.914,13,1,80.2,13.6,25.7,1.0,0.04647,0.06417,0.64267,0.91375,0.9675,0.95,0.60335,0.02857,0,0.28401,1,0,0,0
Vadodara,1,22.9,5.9,4.01,8.0,0.835,39,2,74.1,21.6,28.5,0.0,0.07638,0.04237,0.50146,0.83472,0.9025,0.9,0.4813,0.05714,0.01981,0.42538,1,0,0,0
Rajkot,1,9.0,2.6,3.88,7.2,0.713,134,3,84.0,14.9,26.2,0.0,0.02996,0.01864,0.53829,0.7135,0.665,0.85,0.68021,0.08571,0,0.30789,0,0,0,0
Vadodara,0,3.6,1.9,3.44,8.0,0.406,39,2,57.4,34.1,31.7,0.0,0.01201,0.01327,0.42973,0.40624,0.9025,0.9,0.14857,0.05714,0.17686,0.58599,0,0,0,0
Ahmedabad,0,5.0,3.3,3.32,8.5,0.352,53,2,39.6,23.8,32.6,0.0,0.01681,0.02353,0.39049,0.35232,0.8675,0.9,0,0.05714,0.04708,0.62907,0,0,0,0
Jamnagar,1,40.2,2.0,4.05,6.5,0.656,20,2,83.0,5.6,27.7,1.0,0.13399,0.01436,0.62295,0.65622,0.95,0.9,0.66098,0.05714,0,0.38635,0,0,0,0
Bhavnagar,1,80.0,30.4,4.24,7.4,0.761,24,2,81.7,23.4,29.1,1.0,0.26667,0.21694,0.57316,0.76106,0.94,0.9,0.63429,0.05714,0.04253,0.45568,1,0,0,0
Vadodara,1,18.0,9.6,3.86,8.0,0.806,39,2,75.6,6.2,24.5,0.0,0.05986,0.06878,0.48256,0.80639,0.9025,0.9,0.51205,0.05714,0,0.22535,0,0,0,0
Rajkot,0,1.1,0.6,2.9,7.2,0.175,134,3,51.9,7.6,33.5,0.0,0.00378,0.00417,0.4034,0.17497,0.665,0.85,0.03896,0.08571,0,0.67493,0,0,0,0
Dang,0,16.6,7.1,3.42,6.4,0.596,975,27,43.2,25.5,30.2,0.0,0.0554,0.05052,0.53491,0.5958,0,0,0,0.77143,0.06814,0.5099,0,0,0,0
Patan,0,1.6,0.6,2.22,6.0,0.199,70,1,37.7,22.5,35.3,0.0,0.00545,0.00451,0.36935,0.19916,0.825,0.95,0,0.02857,0.03168,0.76605,0,0,0,0
Surat,1,31.6,15.7,5.66,9.4,0.888,13,1,81.3,12.4,27.5,1.0,0.10523,0.1121,0.60187,0.88812,0.9675,0.95,0.62691,0.02857,0,0.37481,1,0,0,0
Bhuj,1,6.2,3.1,1.69,5.8,0.568,110,4,79.3,2,25.8,1.0,0.0205,0.02183,0.2917,0.56765,0.725,0.8,0.58568,0.11429,0,0.28811,0,0,0,0
Vadodara,1,51.3,18.6,5.16,8.0,0.747,39,2,89.7,34.3,25.2,0.0,0.17106,0.13306,0.64503,0.74672,0.9025,0.9,0.79333,0.05714,0.17824,0.26225,1,0,0,0
Bhuj,1,7.6,4.8,2.18,5.8,0.485,110,4,83.8,5.5,26.1,1.0,0.0253,0.03425,0.37635,0.48541,0.725,0.8,0.67513,0.11429,0,0.30669,0,0,0,0
Vadodara,1,47.5,26.7,5.2,8.0,0.826,39,2,76.8,4.2,25.5,0.0,0.15817,0.19038,0.6498,0.82567,0.9025,0.9,0.53589,0.05714,0,0.27699,1,0,0,0
Dang,1,26.6,16.9,3.69,6.4,0.932,975,27,72.2,26.6,26.4,0.0,0.08878,0.12085,0.57673,0.9319,0,0,0.44346,0.77143,0.0827,0.32009,1,1,0,0
Porbandar,0,1.5,0.1,1.81,6.2,0.233,8,1,47.2,24.2,32.5,1.0,0.00496,0.00064,0.29251,0.23314,0.98,0.95,0,0.02857,0.05281,0.62261,0,0,0,0
Ahmedabad,1,29.3,5.8,3.85,8.5,0.794,53,2,72.4,41.2,29.4,0.0,0.09752,0.04138,0.4532,0.79365,0.8675,0.9,0.44712,0.05714,0.26558,0.47162,0,0,0,0
Porbandar,1,34.1,17.7,3.18,6.2,0.792,8,1,90.1,20.9,27.6,1.0,0.1137,0.12667,0.51356,0.79245,0.98,0.95,0.80272,0.02857,0.01071,0.37917,0,0,0,0
Vadodara,0,10.3,6.3,1.89,8.0,0.365,39,2,50.6,56.1,31.8,0.0,0.03435,0.04494,0.2361,0.36525,0.9025,0.9,0.01287,0.05714,0.45129,0.59183,0,0,0,0
Jamnagar,0,6.3,0.9,2.24,6.5,0.384,20,2,40.4,18.2,33.9,1.0,0.02104,0.00633,0.3445,0.38376,0.95,0.9,0,0.05714,0,0.69453,0,0,0,0
Porbandar,1,82.4,33.4,4.0,6.2,0.698,8,1,90.9,5.2,27.5,1.0,0.27461,0.23864,0.64446,0.69821,0.98,0.95,0.81816,0.02857,0,0.37587,1,0,0,0
Navsari,1,93.9,61.3,6.49,7.3,0.946,11,1,87.1,15.9,27.8,1.0,0.31307,0.43751,0.88946,0.94558,0.9725,0.95,0.74123,0.02857,0,0.39117,0,0,0,0
Ahmedabad,0,8.5,4.1,3.29,8.5,0.366,53,2,62.8,38.8,30.9,0.0,0.02821,0.02958,0.38753,0.36604,0.8675,0.9,0.25577,0.05714,0.23541,0.54465,0,0,0,0
Vadodara,0,4.2,2.0,1.92,8.0,0.364,39,2,51.0,5.6,26.8,0.0,0.01409,0.01463,0.23946,0.36398,0.9025,0.9,0.02071,0.05714,0,0.34218,0,0,0,0
Bhuj,0,3.2,1.0,1.49,5.8,0.062,110,4,62.9,68.6,35.5,1.0,0.01058,0.00692,0.25693,0.06221,0.725,0.8,0.25891,0.11429,0.6079,0.77389,0,0,1,0
Jamnagar,1,23.8,20.3,3.51,6.5,0.736,20,2,73.2,23.0,29.2,1.0,0.07947,0.14475,0.53954,0.73619,0.95,0.9,0.46457,0.05714,0.03713,0.46161,0,0,0,0
Rajkot,0,3.8,1.1,3.54,7.2,0.19,134,3,55.4,2.9,36.2,0.0,0.0128,0.0078,0.49169,0.1901,0.665,0.85,0.10754,0.08571,0,0.80953,0,0,0,0
Ahmedabad,0,5.5,0.5,3.19,8.5,0.419,53,2,48.6,10.4,33.6,0.0,0.01832,0.00387,0.37536,0.41924,0.8675,0.9,0,0.05714,0,0.67884,0,0,0,0
Bhavnagar,1,6.2,2.8,3.39,7.4,0.633,24,2,87.1,32.5,28.7,1.0,0.0207,0.01986,0.45808,0.63344,0.94,0.9,0.74297,0.05714,0.15573,0.43732,0,0,0,0
Jamnagar,1,18.6,8.2,2.72,6.5,0.768,20,2,87.8,3.6,25.1,1.0,0.06206,0.05862,0.41784,0.76787,0.95,0.9,0.75652,0.05714,0,0.25661,0,0,0,0
Porbandar,1,21.5,10.0,4.2,6.2,0.689,8,1,72.8,34.3,23.5,1.0,0.07157,0.07169,0.67789,0.68921,0.98,0.95,0.4561,0.02857,0.17877,0.17306,0,0,1,0
Vadodara,0,6.9,4.8,3.78,8.0,0.438,39,2,46.3,35.5,33.8,0.0,0.02292,0.0343,0.47231,0.43838,0.9025,0.9,0,0.05714,0.19321,0.69214,0,0,0,0
Surat,1,45.9,19.3,5.05,9.4,0.859,13,1,76.5,12.9,28.3,1.0,0.15313,0.13765,0.53682,0.85893,0.9675,0.95,0.52915,0.02857,0,0.41409,1,0,0,1
Bhavnagar,0,2.9,0.6,2.94,7.4,0.38,24,2,46.4,34.9,33.4,1.0,0.00977,0.00452,0.3977,0.38,0.94,0.9,0,0.05714,0.18626,0.66995,0,0,0,0
Vadodara,1,12.7,3.8,4.31,8.0,0.703,39,2,70.1,9.0,27.9,0.0,0.04234,0.02714,0.53854,0.70318,0.9025,0.9,0.40171,0.05714,0,0.39279,0,0,0,0
Bhuj,1,21.9,13.8,2.76,5.8,0.488,110,4,65.5,37.6,27.3,1.0,0.07305,0.09888,0.47557,0.48795,0.725,0.8,0.30934,0.11429,0.22041,0.36338,0,0,0,0
Ahmedabad,1,1.8,0.8,5.09,8.5,0.708,53,2,72.2,4.7,24.9,0.0,0.00595,0.00552,0.59845,0.70791,0.8675,0.9,0.445,0.05714,0,0.2448,0,0,0,0
Bhavnagar,1,18.3,5.7,3.94,7.4,0.752,24,2,85.8,22.1,28.2,1.0,0.0609,0.04066,0.53301,0.75151,0.94,0.9,0.71608,0.05714,0.02644,0.4111,1,0,1,0
Jamnagar,0,4.7,3.6,2.64,6.5,0.344,20,2,70.6,29.2,36.9,1.0,0.01568,0.02557,0.40542,0.34369,0.95,0.9,0.41145,0.05714,0.11486,0.84338,0,0,0,0
Porbandar,1,37.3,17.6,2.84,6.2,0.623,8,1,73.1,16.9,26.0,1.0,0.12422,0.12568,0.45877,0.62328,0.98,0.95,0.46157,0.02857,0,0.29827,0,0,0,0
Porbandar,0,10.2,2.7,3.56,6.2,0.366,8,1,58.8,21.7,26.1,1.0,0.03403,0.01929,0.57426,0.36586,0.98,0.95,0.17548,0.02857,0.02132,0.30674,0,0,0,0
Ahmedabad,0,14.3,7.0,4.2,8.5,0.465,53,2,55.2,7.2,31.0,0.0,0.04768,0.04982,0.49357,0.46511,0.8675,0.9,0.10347,0.05714,0,0.5518,1,0,0,0
Valsad,1,65.6,19.8,5.26,7.0,1.0,12,2,85.7,24.6,26.3,1.0,0.21871,0.1416,0.75122,1.0,0.97,0.9,0.71447,0.05714,0.05787,0.3152,1,0,0,0
Rajkot,0,2.1,0.9,3.06,7.2,0.333,134,3,45.2,18.8,32.3,0.0,0.00683,0.00632,0.42495,0.33311,0.665,0.85,0,0.08571,0,0.617,0,0,0,0
Navsari,0,6.8,2.0,3.1,7.3,0.549,11,1,56.5,12.5,28.9,1.0,0.02269,0.01462,0.42417,0.54903,0.9725,0.95,0.12912,0.02857,0,0.44646,0,0,0,0
Jamnagar,1,23.7,1.4,4.25,6.5,0.724,20,2,78.3,10.4,28.3,1.0,0.07908,0.0098,0.65415,0.72428,0.95,0.9,0.56552,0.05714,0,0.41474,0,0,0,0
Rajkot,1,12.1,4.3,3.99,7.2,0.581,134,3,81.0,9.4,28.3,0.0,0.04029,0.03055,0.55449,0.58134,0.665,0.85,0.62034,0.08571,0,0.41715,0,0,0,0
Bhuj,1,4.6,1.7,3.51,5.8,0.582,110,4,80.0,11.7,30.5,1.0,0.01526,0.01208,0.60497,0.58193,0.725,0.8,0.59974,0.11429,0,0.52639,0,0,0,0
Rajkot,0,0.3,0.2,3.41,7.2,0.244,134,3,53.0,12.0,30.4,0.0,0.00105,0.0014,0.47412,0.24398,0.665,0.85,0.06024,0.08571,0,0.51884,0,0,0,0
Ahmedabad,1,10.4,1.1,5.15,8.5,0.789,53,2,85.8,29.9,23.9,0.0,0.03451,0.00809,0.60593,0.78933,0.8675,0.9,0.71585,0.05714,0.12392,0.19275,0,1,0,0
Vadodara,0,26.3,12.2,4.19,8.0,0.363,39,2,43.2,21.9,30.1,0.0,0.08767,0.08697,0.52329,0.36316,0.9025,0.9,0,0.05714,0.02391,0.50715,0,0,0,0
Patan,1,13.1,7.7,3.22,6.0,0.508,70,1,64.9,21.3,27.4,0.0,0.04355,0.05517,0.53661,0.50797,0.825,0.95,0.29801,0.02857,0.01609,0.37181,0,0,0,0
Porbandar,1,19.6,5.6,2.71,6.2,0.654,8,1,76.6,10.3,23.4,1.0,0.06542,0.03978,0.43669,0.65427,0.98,0.95,0.53103,0.02857,0,0.17217,0,0,0,0
Valsad,1,66.5,41.4,4.81,7.0,0.878,12,2,97.5,33.4,26.2,1.0,0.2218,0.29584,0.6873,0.87756,0.97,0.9,0.95074,0.05714,0.16698,0.308,0,0,1,0
Valsad,1,83.9,35.7,4.54,7.0,0.95,12,2,89.4,35.2,23.8,1.0,0.27977,0.25494,0.64821,0.9498,0.97,0.9,0.78755,0.05714,0.1904,0.18844,0,0,0,0
Surat,1,16.2,6.1,3.98,9.4,0.759,13,1,69.1,15.5,31.6,1.0,0.05404,0.04335,0.42372,0.75929,0.9675,0.95,0.38127,0.02857,0,0.57921,0,0,0,0
Bhuj,0,2.0,0.6,2.38,5.8,0.114,110,4,49.0,10.8,35.6,1.0,0.00652,0.0043,0.40975,0.1136,0.725,0.8,0,0.11429,0,0.78096,1,0,0,0
Valsad,1,2.0,0.2,2.57,7.0,0.833,12,2,71.4,39.9,27.7,1.0,0.00673,0.0017,0.36688,0.83294,0.97,0.9,0.42871,0.05714,0.24816,0.38608,0,0,0,0
Porbandar,1,62.7,28.4,3.29,6.2,0.666,8,1,78.2,19.5,27.8,1.0,0.20901,0.20281,0.53122,0.6658,0.98,0.95,0.56357,0.02857,0,0.3899,1,0,0,0
Dang,1,61.6,17.6,4.17,6.4,0.909,975,27,81.8,26.8,31.3,0.0,0.20538,0.12577,0.65117,0.90931,0,0,0.63508,0.77143,0.08509,0.5673,0,0,0,0
Patan,1,24.8,8.0,2.56,6.0,0.484,70,1,77.3,8.3,28.1,0.0,0.0828,0.05733,0.42724,0.48392,0.825,0.95,0.54502,0.02857,0,0.40346,0,0,0,0
Dang,1,89.9,46.0,4.87,6.4,0.99,975,27,92.3,14.2,28.7,0.0,0.29951,0.32836,0.76087,0.98988,0,0,0.84536,0.77143,0,0.43659,0,0,0,0
Dang,0,18.3,10.6,2.37,6.4,0.541,975,27,63.4,17.8,28.5,0.0,0.06095,0.07567,0.3709,0.54149,0,0,0.26768,0.77143,0,0.42526,0,0,0,0
Dang,1,74.6,7.7,4.62,6.4,1.0,975,27,79.9,27.6,25.2,0.0,0.24855,0.05517,0.72115,1.0,0,0,0.59709,0.77143,0.09504,0.26204,0,0,0,0
Rajkot,1,6.7,4.9,3.73,7.2,0.564,134,3,66.2,24.2,31.0,0.0,0.02227,0.03477,0.51797,0.56445,0.665,0.85,0.32385,0.08571,0.05273,0.54907,0,0,0,0
Ahmedabad,1,20.8,9.2,4.74,8.5,0.713,53,2,65.3,18.8,29.2,0.0,0.06936,0.06554,0.55721,0.71293,0.8675,0.9,0.30642,0.05714,0,0.46055,0,0,0,0
Patan,0,1.5,1.1,2.02,6.0,0.109,70,1,59.9,8.2,32.1,0.0,0.00484,0.00769,0.33621,0.1094,0.825,0.95,0.1989,0.02857,0,0.60746,0,0,0,0
Porbandar,0,3.1,0.5,2.83,6.2,0.386,8,1,61.1,19.4,32.0,1.0,0.0104,0.00381,0.45613,0.38618,0.98,0.95,0.22282,0.02857,0,0.59829,0,0,0,0
Vadodara,1,11.5,2.7,3.58,8.0,0.769,39,2,73.6,13.1,27.6,0.0,0.03845,0.01932,0.44796,0.76872,0.9025,0.9,0.47214,0.05714,0,0.37942,0,0,0,1
Valsad,0,13.9,7.6,2.35,7.0,0.579,12,2,60.8,17.8,31.2,1.0,0.04632,0.05401,0.33511,0.5792,0.97,0.9,0.21697,0.05714,0,0.55994,0,0,0,1
Vadodara,1,107.3,32.2,5.46,8.0,0.882,39,2,89.1,18.1,25.0,0.0,0.35781,0.22972,0.6824,0.88241,0.9025,0.9,0.78238,0.05714,0,0.24985,1,1,0,0
Ahmedabad,0,6.4,3.3,4.35,8.5,0.489,53,2,45.9,22.2,34.2,0.0,0.02125,0.0235,0.51228,0.48864,0.8675,0.9,0,0.05714,0.02758,0.70942,0,0,0,0
Valsad,1,112.1,82.5,5.85,7.0,0.939,12,2,69.5,18.8,23.7,1.0,0.37352,0.58925,0.83512,0.93893,0.97,0.9,0.39058,0.05714,0,0.1859,1,0,0,0
Bhavnagar,0,10.0,5.4,3.48,7.4,0.419,24,2,56.3,21.9,37.1,1.0,0.03348,0.03854,0.47066,0.419,0.94,0.9,0.12542,0.05714,0.02399,0.85622,0,0,0,0
Rajkot,0,2.1,0.5,3.21,7.2,0.278,134,3,47.2,11.7,32.0,0.0,0.00697,0.00375,0.44547,0.2778,0.665,0.85,0,0.08571,0,0.60171,0,0,0,0
Dang,0,16.1,8.0,2.26,6.4,0.477,975,27,60.3,16.4,26.6,0.0,0.05365,0.05714,0.35302,0.47671,0,0,0.20629,0.77143,0,0.32771,0,0,0,0
Rajkot,1,9.3,2.6,3.21,7.2,0.45,134,3,80.0,23.0,28.1,0.0,0.03108,0.01833,0.44642,0.45003,0.665,0.85,0.59964,0.08571,0.03695,0.40686,0,0,0,0
Porbandar,1,52.8,25.1,3.44,6.2,0.811,8,1,85.1,78.0,28.9,1.0,0.17606,0.179,0.55487,0.81099,0.98,0.95,0.70178,0.02857,0.72466,0.44464,0,0,1,0
Bhuj,1,4.3,0.3,2.04,5.8,0.361,110,4,73.7,6.8,24.0,1.0,0.0144,0.00214,0.35206,0.36069,0.725,0.8,0.47354,0.11429,0,0.19792,0,0,0,0
Surat,1,58.3,8.1,6.59,9.4,0.873,13,1,81.6,117.0,25.9,1.0,0.19421,0.058,0.70077,0.8733,0.9675,0.95,0.63236,0.02857,1,0.29451,1,0,1,0
Bhuj,1,13.1,5.5,2.37,5.8,0.469,110,4,73.2,12.2,27.8,1.0,0.04371,0.03911,0.40921,0.46893,0.725,0.8,0.46426,0.11429,0,0.38939,0,0,0,0
Porbandar,1,60.5,16.5,4.84,6.2,0.763,8,1,77.0,24.9,27.7,1.0,0.20183,0.11754,0.78104,0.76254,0.98,0.95,0.5408,0.02857,0.06149,0.38262,1,0,0,0
Bhavnagar,0,5.1,3.1,2.38,7.4,0.382,24,2,39.3,6.8,30.8,1.0,0.01696,0.02217,0.32157,0.38158,0.94,0.9,0,0.05714,0,0.54097,0,0,0,0
Vadodara,1,29.4,16.4,4.62,8.0,0.776,39,2,78.6,9.7,32.3,0.0,0.09793,0.11701,0.57695,0.77619,0.9025,0.9,0.57183,0.05714,0,0.61399,1,0,0,0
Valsad,0,9.8,4.2,3.48,7.0,0.613,12,2,41.8,13.3,28.9,1.0,0.03264,0.03028,0.49785,0.61257,0.97,0.9,0,0.05714,0,0.44597,0,0,0,0
Dang,0,6.8,2.8,2.63,6.4,0.576,975,27,58.6,15.0,34.9,0.0,0.02254,0.02023,0.41081,0.57626,0,0,0.17104,0.77143,0,0.74674,0,0,0,0
Ahmedabad,1,12.5,0.8,3.64,8.5,0.728,53,2,95.8,4.7,28.1,0.0,0.04167,0.00589,0.42785,0.7278,0.8675,0.9,0.91635,0.05714,0,0.40586,0,0,0,0
Bhuj,1,12.8,10.7,1.55,5.8,0.46,110,4,87.0,12.8,28.9,1.0,0.04255,0.07633,0.26682,0.46,0.725,0.8,0.73994,0.11429,0,0.44649,0,0,0,0
Jamnagar,0,6.4,1.1,2.01,6.5,0.265,20,2,45.7,27.5,33.0,1.0,0.02148,0.00808,0.3086,0.26528,0.95,0.9,0,0.05714,0.0939,0.65204,0,0,1,0
Rajkot,0,5.0,2.9,2.66,7.2,0.226,134,3,36.3,6.9,34.2,0.0,0.01678,0.0209,0.37,0.22578,0.665,0.85,0,0.08571,0,0.70844,0,0,0,0
Dang,1,58.4,24.5,4.53,6.4,1.0,975,27,90.0,22.0,27.0,0.0,0.19476,0.17518,0.70776,1.0,0,0,0.80038,0.77143,0.02485,0.35121,0,1,0,0
Surat,1,1.6,0.2,5.11,9.4,0.89,13,1,80.8,5.4,27.1,1.0,0.0055,0.00127,0.54368,0.88958,0.9675,0.95,0.61625,0.02857,0,0.3528,0,0,0,0
Vadodara,0,2.4,2.0,2.95,8.0,0.456,39,2,64.4,17.5,35.0,0.0,0.00797,0.01447,0.36866,0.45627,0.9025,0.9,0.28759,0.05714,0,0.75076,0,0,0,0
Navsari,1,28.6,17.3,4.19,7.3,0.878,11,1,73.5,56.9,27.8,1.0,0.09519,0.12323,0.57447,0.87833,0.9725,0.95,0.46919,0.02857,0.46172,0.39129,1,0,1,1
Rajkot,0,5.0,1.5,2.8,7.2,0.187,134,3,53.6,18.4,33.9,0.0,0.0168,0.0105,0.38842,0.18704,0.665,0.85,0.07222,0.08571,0,0.69748,0,0,0,0
Patan,1,0.9,0.1,2.2,6.0,0.403,70,1,68.1,3.7,33.4,0.0,0.00294,0.00044,0.36711,0.40317,0.825,0.95,0.3624,0.02857,0,0.67089,0,0,0,0
Bhavnagar,1,7.4,0.7,4.26,7.4,0.777,24,2,71.8,24.5,30.8,1.0,0.02468,0.00493,0.57608,0.77724,0.94,0.9,0.43602,0.05714,0.05635,0.53913,0,0,0,0
Patan,1,19.3,7.3,2.57,6.0,0.584,70,1,78.9,29.1,27.9,0.0,0.06432,0.05228,0.42811,0.58432,0.825,0.95,0.57778,0.02857,0.11401,0.39549,0,0,0,0
Surat,1,8.6,4.4,5.08,9.4,0.906,13,1,81.1,14.3,26.2,1.0,0.02864,0.03122,0.54068,0.90573,0.9675,0.95,0.6218,0.02857,0,0.30788,0,0,0,0
Vadodara,0,15.7,5.2,3.59,8.0,0.419,39,2,63.5,18.5,33.6,0.0,0.05227,0.0374,0.44877,0.4193,0.9025,0.9,0.27006,0.05714,0,0.67913,0,0,0,0
Porbandar,1,43.2,13.9,4.08,6.2,0.722,8,1,80.2,15.1,28.9,1.0,0.14396,0.0993,0.65821,0.72174,0.98,0.95,0.6038,0.02857,0,0.44724,0,0,0,0
Vadodara,1,103.4,63.1,7.0,8.0,0.919,39,2,86.3,8.3,21.7,0.0,0.34475,0.45075,0.87557,0.91904,0.9025,0.9,0.72557,0.05714,0,0.08701,1,0,0,1
Patan,0,0.7,0.3,1.39,6.0,0.217,70,1,58.7,12.8,30.1,0.0,0.0023,0.00198,0.23238,0.2173,0.825,0.95,0.1747,0.02857,0,0.503,0,0,0,0
Ahmedabad,0,0.8,0.7,3.66,8.5,0.546,53,2,54.9,4.1,34.4,0.0,0.00281,0.00511,0.43041,0.54568,0.8675,0.9,0.09722,0.05714,0,0.72212,0,0,0,1
Ahmedabad,0,7.6,6.1,4.24,8.5,0.396,53,2,44.1,24.1,31.9,0.0,0.02544,0.04357,0.4994,0.39563,0.8675,0.9,0,0.05714,0.05121,0.59268,0,1,0,0
Navsari,0,7.0,1.9,2.58,7.3,0.436,11,1,44.3,8.7,34.5,1.0,0.02339,0.01353,0.35319,0.43575,0.9725,0.95,0,0.02857,0,0.72539,0,0,0,0
Surat,1,45.4,16.3,7.11,9.4,0.882,13,1,80.5,39.3,26.8,1.0,0.15146,0.11613,0.75687,0.88155,0.9675,0.95,0.60931,0.02857,0.24097,0.3398,0,0,0,1
Bhavnagar,1,95.1,49.0,6.22,7.4,0.759,24,2,78.5,57.6,29.0,1.0,0.31692,0.34969,0.84116,0.75909,0.94,0.9,0.57087,0.05714,0.47028,0.44979,0,0,0,0
Bhavnagar,1,4.3,1.1,3.62,7.4,0.743,24,2,74.0,11.7,29.0,1.0,0.01418,0.00769,0.48959,0.74313,0.94,0.9,0.48077,0.05714,0,0.4501,1,0,0,0
Porbandar,0,6.8,4.0,3.33,6.2,0.498,8,1,51.0,19.0,34.9,1.0,0.02269,0.0284,0.537,0.4981,0.98,0.95,0.02018,0.02857,0,0.74385,0,1,0,0
Surat,1,36.5,23.0,4.33,9.4,0.802,13,1,76.3,8.1,27.2,1.0,0.12163,0.16449,0.4602,0.80221,0.9675,0.95,0.52513,0.02857,0,0.36137,0,0,0,0
Bhavnagar,1,12.7,2.3,3.94,7.4,0.719,24,2,68.7,21.6,28.4,1.0,0.04243,0.01612,0.53212,0.71882,0.94,0.9,0.3741,0.05714,0.02004,0.42147,1,0,0,0
Patan,0,8.3,3.2,2.5,6.0,0.303,70,1,46.1,31.6,29.6,0.0,0.02768,0.02253,0.41597,0.30323,0.825,0.95,0,0.02857,0.14462,0.47786,0,0,0,0
Jamnagar,0,4.4,1.6,1.92,6.5,0.344,20,2,39.4,48.4,31.8,1.0,0.01475,0.01138,0.29477,0.34395,0.95,0.9,0,0.05714,0.35469,0.59123,0,1,0,0
Rajkot,1,24.2,7.9,3.41,7.2,0.589,134,3,82.0,9.7,26.5,0.0,0.08083,0.05666,0.47328,0.58852,0.665,0.85,0.64035,0.08571,0,0.32386,0,0,0,0
Ahmedabad,0,4.7,1.2,3.54,8.5,0.434,53,2,58.1,11.5,31.3,0.0,0.01558,0.00866,0.41643,0.4342,0.8675,0.9,0.16204,0.05714,0,0.56725,0,0,0,0
Surat,1,81.8,37.4,6.24,9.4,0.912,13,1,86.2,16.3,25.4,1.0,0.27273,0.26722,0.66422,0.91181,0.9675,0.95,0.72484,0.02857,0,0.27196,1,0,0,0
Vadodara,1,48.6,8.6,4.71,8.0,0.754,39,2,73.5,12.4,27.7,0.0,0.16194,0.06144,0.58892,0.75392,0.9025,0.9,0.46974,0.05714,0,0.38264,0,0,0,0
Dang,0,28.1,6.2,2.77,6.4,0.577,975,27,45.9,6.3,33.5,0.0,0.09351,0.04434,0.43332,0.57715,0,0,0,0.77143,0,0.67569,0,0,0,0
Jamnagar,0,8.0,4.2,2.75,6.5,0.286,20,2,48.4,16.0,35.3,1.0,0.02674,0.02993,0.4224,0.28578,0.95,0.9,0,0.05714,0,0.76547,0,0,0,0
Valsad,1,5.7,1.0,3.76,7.0,0.856,12,2,78.8,25.3,26.8,1.0,0.01909,0.00742,0.53766,0.85641,0.97,0.9,0.57605,0.05714,0.06678,0.33787,0,0,0,0
Navsari,1,90.2,41.7,5.79,7.3,0.875,11,1,81.7,11.4,24.5,1.0,0.30075,0.29794,0.79368,0.87451,0.9725,0.95,0.63323,0.02857,0,0.22682,1,0,0,0
Porbandar,0,5.8,3.4,2.27,6.2,0.385,8,1,59.2,108.0,31.4,1.0,0.01947,0.02398,0.36571,0.3853,0.98,0.95,0.18411,0.02857,1,0.57117,0,0,1,0
Vadodara,0,2.9,1.0,2.19,8.0,0.352,39,2,47.2,10.1,32.8,0.0,0.0098,0.00748,0.27396,0.35238,0.9025,0.9,0,0.05714,0,0.64176,0,0,0,0
Bhavnagar,0,3.6,3.0,1.54,7.4,0.446,24,2,61.2,15.4,35.4,1.0,0.01212,0.02178,0.20837,0.4459,0.94,0.9,0.22304,0.05714,0,0.77042,0,0,0,0
Patan,0,7.4,0.6,2.35,6.0,0.083,70,1,55.0,9.2,31.1,0.0,0.02459,0.00395,0.39177,0.08349,0.825,0.95,0.09907,0.02857,0,0.55499,0,0,0,0
Surat,0,2.6,1.4,4.69,9.4,0.596,13,1,43.0,30.6,31.8,1.0,0.00882,0.00993,0.49896,0.59644,0.9675,0.95,0,0.02857,0.13223,0.58817,0,0,0,0
Bhavnagar,1,56.1,9.4,4.84,7.4,0.816,24,2,91.4,5.1,24.7,1.0,0.18695,0.067,0.65363,0.8156,0.94,0.9,0.82894,0.05714,0,0.23624,0,0,0,0
Jamnagar,0,3.9,2.0,2.07,6.5,0.35,20,2,35.3,11.3,33.3,1.0,0.01301,0.01446,0.31788,0.34976,0.95,0.9,0,0.05714,0,0.66684,0,0,0,1
Porbandar,1,5.7,1.5,3.28,6.2,0.48,8,1,80.1,5.3,24.0,1.0,0.01905,0.01058,0.52913,0.48031,0.98,0.95,0.60283,0.02857,0,0.2002,0,0,0,1
Bhavnagar,1,7.7,2.2,3.7,7.4,0.798,24,2,82.4,12.2,33.4,1.0,0.02579,0.01603,0.50053,0.79846,0.94,0.9,0.64705,0.05714,0,0.67093,0,0,0,0
Bhuj,0,3.0,1.1,1.05,5.8,0.246,110,4,65.1,6.3,32.1,1.0,0.00988,0.00753,0.18098,0.24624,0.725,0.8,0.3018,0.11429,0,0.60618,0,0,0,0
Bhavnagar,0,4.8,0.4,2.47,7.4,0.275,24,2,46.2,23.3,29.9,1.0,0.01592,0.0026,0.33324,0.27456,0.94,0.9,0,0.05714,0.04081,0.49703,0,0,0,0
Porbandar,0,15.3,10.5,1.48,6.2,0.358,8,1,51.2,18.4,29.5,1.0,0.05106,0.07484,0.23843,0.35847,0.98,0.95,0.02312,0.02857,0,0.47537,0,0,0,0
Bhavnagar,1,13.5,8.9,3.36,7.4,0.659,24,2,80.4,4.4,25.6,1.0,0.04485,0.06352,0.45423,0.65938,0.94,0.9,0.60797,0.05714,0,0.28066,0,0,0,0
Surat,0,3.0,0.8,3.19,9.4,0.424,13,1,45.8,10.6,31.3,1.0,0.01009,0.00539,0.33979,0.42378,0.9675,0.95,0,0.02857,0,0.56375,0,0,0,1
Surat,1,26.5,6.2,5.87,9.4,0.938,13,1,74.8,28.9,29.8,1.0,0.08837,0.04464,0.62422,0.93826,0.9675,0.95,0.495,0.02857,0.11116,0.49238,0,0,0,0
Ahmedabad,0,10.7,3.8,3.42,8.5,0.403,53,2,61.1,10.5,31.7,0.0,0.03555,0.02748,0.40239,0.40267,0.8675,0.9,0.22148,0.05714,0,0.5853,0,0,0,1
Valsad,1,19.6,9.9,3.0,7.0,0.986,12,2,72.4,7.7,25.7,1.0,0.06539,0.07071,0.42853,0.98556,0.97,0.9,0.44758,0.05714,0,0.28256,0,0,0,0
Rajkot,0,8.4,2.9,2.18,7.2,0.3,134,3,43.3,24.0,35.3,0.0,0.02802,0.02045,0.30336,0.29997,0.665,0.85,0,0.08571,0.0503,0.76617,0,0,0,0
Bhuj,1,11.5,4.5,1.43,5.8,0.374,110,4,64.0,6.0,27.9,1.0,0.03821,0.03185,0.24691,0.37442,0.725,0.8,0.27914,0.11429,0,0.39632,0,0,0,0
Surat,0,4.2,2.3,3.4,9.4,0.477,13,1,42.0,5.6,34.3,1.0,0.01394,0.01663,0.36121,0.4769,0.9675,0.95,0,0.02857,0,0.71323,0,0,0,0
Porbandar,1,33.1,21.9,3.7,6.2,0.732,8,1,74.2,13.3,27.1,1.0,0.11026,0.15662,0.59668,0.73246,0.98,0.95,0.48344,0.02857,0,0.35624,0,0,0,0
Rajkot,0,3.8,2.6,2.27,7.2,0.346,134,3,45.3,27.7,30.6,0.0,0.01279,0.0186,0.31497,0.34611,0.665,0.85,0,0.08571,0.09621,0.52798,0,0,0,0
Vadodara,1,41.2,5.9,4.62,8.0,0.769,39,2,86.7,12.0,30.8,0.0,0.1374,0.04179,0.57763,0.76913,0.9025,0.9,0.73408,0.05714,0,0.5385,1,0,0,0
Porbandar,1,41.6,18.7,4.07,6.2,0.679,8,1,80.3,7.3,28.0,1.0,0.13864,0.13341,0.65692,0.67909,0.98,0.95,0.6069,0.02857,0,0.40197,0,0,0,0
Jamnagar,1,6.7,4.6,3.34,6.5,0.688,20,2,71.2,13.1,26.0,1.0,0.02241,0.03289,0.51411,0.68842,0.95,0.9,0.42346,0.05714,0,0.30061,0,1,0,0
Bhuj,1,10.4,4.7,1.92,5.8,0.391,110,4,77.1,17.5,27.8,1.0,0.03474,0.03347,0.33083,0.39119,0.725,0.8,0.54247,0.11429,0,0.38909,0,0,0,0
Patan,1,18.8,6.4,1.91,6.0,0.474,70,1,71.5,2,26.9,0.0,0.06254,0.04582,0.31902,0.47377,0.825,0.95,0.42938,0.02857,0,0.34477,0,0,0,0
Bhavnagar,1,72.4,35.8,5.34,7.4,0.726,24,2,90.1,10.6,26.3,1.0,0.24124,0.25572,0.72226,0.72611,0.94,0.9,0.80116,0.05714,0,0.31363,0,0,0,0
Valsad,0,7.2,1.7,3.32,7.0,0.52,12,2,73.6,20.6,30.5,1.0,0.02404,0.01201,0.47424,0.51975,0.97,0.9,0.4727,0.05714,0.0074,0.5252,0,0,0,0
Dang,1,130.1,49.5,5.43,6.4,1.0,975,27,95.2,13.3,23.1,0.0,0.43359,0.35366,0.84837,1.0,0,0,0.90354,0.77143,0,0.15608,1,0,0,1
Porbandar,1,49.2,39.1,3.49,6.2,0.621,8,1,87.3,3.4,25.5,1.0,0.16411,0.27905,0.56366,0.62085,0.98,0.95,0.74548,0.02857,0,0.27386,1,0,0,0
Navsari,0,8.0,3.4,2.66,7.3,0.531,11,1,56.6,5.8,33.8,1.0,0.0267,0.02444,0.36386,0.53109,0.9725,0.95,0.1328,0.02857,0,0.69145,0,0,0,0
Surat,1,11.4,4.4,5.28,9.4,0.841,13,1,76.4,20.7,24.2,1.0,0.03816,0.03155,0.5617,0.84082,0.9675,0.95,0.52737,0.02857,0.00848,0.20792,0,0,0,0
Bhavnagar,0,8.9,1.4,2.53,7.4,0.304,24,2,48.3,42.0,31.3,1.0,0.02965,0.01016,0.34203,0.30399,0.94,0.9,0,0.05714,0.27489,0.56299,0,0,0,0
Patan,1,28.0,13.1,3.4,6.0,0.502,70,1,85.9,11.4,24.2,0.0,0.09317,0.09373,0.56698,0.50178,0.825,0.95,0.71704,0.02857,0,0.21186,0,0,0,0
Dang,0,7.0,1.8,2.14,6.4,0.633,975,27,49.6,3.0,37.2,0.0,0.02334,0.01307,0.33503,0.63334,0,0,0,0.77143,0,0.85956,0,0,0,0
Valsad,0,2.3,0.7,3.31,7.0,0.574,12,2,58.2,35.0,30.4,1.0,0.00771,0.00473,0.47339,0.57367,0.97,0.9,0.16443,0.05714,0.18751,0.51885,0,0,0,0
Bhuj,0,0.3,0.1,1.83,5.8,0.149,110,4,65.3,15.4,30.0,1.0,0.0009,0.0005,0.31587,0.1486,0.725,0.8,0.30528,0.11429,0,0.50132,0,0,0,0
Bhuj,1,14.0,7.5,2.73,5.8,0.5,110,4,69.6,6.0,28.0,1.0,0.0466,0.05328,0.47048,0.49988,0.725,0.8,0.39102,0.11429,0,0.39997,0,0,0,0
Bhuj,0,6.8,2.8,0.85,5.8,0.112,110,4,49.3,12.8,34.2,1.0,0.02254,0.01974,0.14703,0.11219,0.725,0.8,0,0.11429,0,0.70977,0,0,0,0
Vadodara,1,12.4,7.4,3.17,8.0,0.703,39,2,86.8,22.7,29.2,0.0,0.04122,0.05307,0.39584,0.70316,0.9025,0.9,0.7364,0.05714,0.03344,0.45925,0,0,0,0
Bhuj,0,2.0,0.8,1.8,5.8,0.073,110,4,47.4,18.6,31.7,1.0,0.00666,0.00602,0.30967,0.07265,0.725,0.8,0,0.11429,0,0.58425,0,0,0,0
Bhavnagar,0,8.8,2.0,1.71,7.4,0.355,24,2,45.4,22.0,33.2,1.0,0.02925,0.01429,0.23077,0.35527,0.94,0.9,0,0.05714,0.02506,0.65945,1,0,0,0
Dang,1,46.5,12.5,4.73,6.4,1.0,975,27,78.1,10.1,29.6,0.0,0.15502,0.08938,0.73945,1.0,0,0,0.56141,0.77143,0,0.48222,0,0,0,1
Porbandar,1,19.5,8.1,3.84,6.2,0.768,8,1,81.3,10.2,27.8,1.0,0.06498,0.05764,0.62011,0.76837,0.98,0.95,0.62687,0.02857,0,0.39174,0,0,0,0
Rajkot,1,58.2,38.4,4.86,7.2,0.661,134,3,94.6,3.8,26.2,0.0,0.19416,0.27422,0.67508,0.66137,0.665,0.85,0.89293,0.08571,0,0.30893,0,0,0,0
Porbandar,1,74.1,5.1,4.88,6.2,0.67,8,1,76.4,5.0,28.4,1.0,0.24701,0.03647,0.78647,0.6695,0.98,0.95,0.5281,0.02857,0,0.41862,1,0,0,0
Navsari,1,61.9,52.7,5.23,7.3,0.917,11,1,80.9,10.5,27.4,1.0,0.20649,0.37612,0.71618,0.91666,0.9725,0.95,0.61726,0.02857,0,0.37247,0,0,0,1
Ahmedabad,0,3.7,1.9,3.26,8.5,0.307,53,2,52.5,19.2,32.7,0.0,0.01236,0.0134,0.38366,0.30717,0.8675,0.9,0.04976,0.05714,0,0.6327,1,0,0,0
Bhuj,1,8.2,7.0,3.46,5.8,0.517,110,4,88.4,18.2,27.4,1.0,0.02748,0.05005,0.59699,0.51661,0.725,0.8,0.76725,0.11429,0,0.36952,1,0,0,0
Navsari,0,6.9,4.1,2.85,7.3,0.621,11,1,57.1,11.1,33.1,1.0,0.02294,0.02924,0.39096,0.62084,0.9725,0.95,0.14253,0.02857,0,0.65491,0,0,0,0
Bhuj,1,26.8,6.8,2.5,5.8,0.481,110,4,90.2,45.5,25.6,1.0,0.08946,0.0484,0.43118,0.4809,0.725,0.8,0.80335,0.11429,0.31937,0.28169,1,0,0,0
Vadodara,0,4.4,2.5,3.77,8.0,0.411,39,2,51.2,22.6,29.8,0.0,0.01468,0.01787,0.47078,0.41099,0.9025,0.9,0.02359,0.05714,0.03232,0.48877,0,0,0,0
Bhuj,1,16.9,9.1,1.88,5.8,0.355,110,4,71.2,54.9,28.6,1.0,0.05648,0.0652,0.32452,0.35516,0.725,0.8,0.42493,0.11429,0.43591,0.42844,0,0,1,0
Valsad,1,53.5,32.6,4.55,7.0,1.0,12,2,78.9,29.2,27.5,1.0,0.17822,0.23271,0.64968,1.0,0.97,0.9,0.5775,0.05714,0.11463,0.37743,0,0,0,0
Rajkot,0,8.3,3.3,2.27,7.2,0.218,134,3,47.5,15.2,29.2,0.0,0.0276,0.02367,0.31538,0.21849,0.665,0.85,0,0.08571,0,0.4595,1,0,0,0
Rajkot,0,0.9,0.3,2.4,7.2,0.247,134,3,54.8,3.1,30.0,0.0,0.00312,0.00233,0.33398,0.24704,0.665,0.85,0.09541,0.08571,0,0.50119,0,0,0,0
Patan,1,6.8,1.5,3.06,6.0,0.478,70,1,80.6,20.0,29.3,0.0,0.02266,0.01083,0.50985,0.47815,0.825,0.95,0.61245,0.02857,0.00053,0.46733,1,0,0,0
Valsad,1,25.3,17.0,3.62,7.0,1.0,12,2,75.6,6.5,25.0,1.0,0.08428,0.12148,0.51727,1.0,0.97,0.9,0.51148,0.05714,0,0.24785,0,0,0,1
Bhavnagar,0,2.2,0.6,2.15,7.4,0.41,24,2,49.5,28.2,38.7,1.0,0.00744,0.0044,0.29102,0.40952,0.94,0.9,0,0.05714,0.10285,0.93513,0,0,0,0
Surat,1,87.8,47.9,6.94,9.4,0.951,13,1,90.7,148.4,25.1,1.0,0.29257,0.34244,0.7387,0.95148,0.9675,0.95,0.81327,0.02857,1,0.25341,0,0,1,0
Patan,1,8.5,3.8,2.99,6.0,0.661,70,1,88.4,14.3,31.4,0.0,0.02827,0.0271,0.49802,0.66073,0.825,0.95,0.76771,0.02857,0,0.56813,0,0,0,0
Patan,1,7.2,2.9,3.1,6.0,0.544,70,1,84.5,9.2,27.9,0.0,0.02407,0.02076,0.51701,0.5443,0.825,0.95,0.68984,0.02857,0,0.39396,0,0,0,0
Dang,1,14.3,6.4,4.56,6.4,0.937,975,27,73.0,22.4,26.0,0.0,0.04764,0.04583,0.71297,0.93682,0,0,0.46097,0.77143,0.03007,0.29949,1,0,0,0
Porbandar,0,4.6,1.2,2.17,6.2,0.293,8,1,53.0,29.2,33.8,1.0,0.01529,0.00837,0.3494,0.29325,0.98,0.95,0.05944,0.02857,0.11443,0.69024,1,0,0,0
Vadodara,1,7.7,6.0,3.32,8.0,0.729,39,2,80.9,12.3,29.9,0.0,0.02575,0.0427,0.41522,0.72884,0.9025,0.9,0.61776,0.05714,0,0.49292,0,0,0,0
Bhavnagar,1,19.2,14.8,3.98,7.4,0.744,24,2,71.9,11.4,26.7,1.0,0.06402,0.1057,0.53757,0.74354,0.94,0.9,0.43777,0.05714,0,0.33601,0,0,0,0
Porbandar,1,24.8,3.2,3.56,6.2,0.542,8,1,93.0,15.5,25.8,1.0,0.08258,0.02287,0.5745,0.54184,0.98,0.95,0.86042,0.02857,0,0.28869,0,0,0,1
Valsad,1,30.2,14.0,5.51,7.0,0.875,12,2,79.9,2,28.5,1.0,0.10053,0.09979,0.78682,0.87504,0.97,0.9,0.5977,0.05714,0,0.42675,1,0,0,1
Porbandar,0,4.3,1.8,1.95,6.2,0.263,8,1,66.4,34.9,29.7,1.0,0.01439,0.01287,0.31387,0.2626,0.98,0.95,0.32825,0.02857,0.18576,0.48526,0,0,0,0
Navsari,1,31.0,17.1,3.41,7.3,0.774,11,1,78.5,31.1,25.9,1.0,0.1034,0.12245,0.4667,0.77414,0.9725,0.95,0.57032,0.02857,0.13851,0.29484,0,0,0,1
Jamnagar,0,3.6,0.7,2.07,6.5,0.389,20,2,54.1,14.9,35.3,1.0,0.01205,0.00473,0.31887,0.38936,0.95,0.9,0.08164,0.05714,0,0.76367,0,0,0,0
Dang,1,27.0,19.0,3.08,6.4,1.0,975,27,80.4,15.3,28.3,0.0,0.08989,0.13591,0.48158,1.0,0,0,0.608,0.77143,0,0.41666,1,1,0,0
Jamnagar,0,23.2,6.0,1.87,6.5,0.352,20,2,57.1,32.8,30.4,1.0,0.07725,0.0426,0.28742,0.35151,0.95,0.9,0.14285,0.05714,0.16005,0.51924,0,0,0,0
Bhavnagar,1,50.5,22.4,5.58,7.4,0.772,24,2,73.4,6.4,24.1,1.0,0.16848,0.15975,0.75346,0.7716,0.94,0.9,0.46865,0.05714,0,0.2058,1,0,0,0
Rajkot,1,29.2,7.4,3.91,7.2,0.683,134,3,77.6,7.4,27.6,0.0,0.09725,0.05291,0.5431,0.68316,0.665,0.85,0.55203,0.08571,0,0.38193,1,0,0,0
Bhavnagar,1,21.8,12.7,3.97,7.4,0.636,24,2,82.7,5.1,27.2,1.0,0.07274,0.09101,0.53683,0.63577,0.94,0.9,0.65485,0.05714,0,0.35826,0,0,0,0
Vadodara,0,6.4,3.5,3.61,8.0,0.451,39,2,61.3,2.8,30.3,0.0,0.02121,0.02502,0.45123,0.45117,0.9025,0.9,0.22573,0.05714,0,0.51741,0,0,0,0
Valsad,0,19.0,9.8,2.98,7.0,0.543,12,2,47.4,56.6,34.3,1.0,0.06317,0.07008,0.42631,0.54267,0.97,0.9,0,0.05714,0.45712,0.71545,0,0,0,0
Dang,1,10.9,7.5,3.52,6.4,0.98,975,27,78.9,26.2,25.8,0.0,0.03641,0.05381,0.55024,0.98039,0,0,0.57725,0.77143,0.07786,0.29171,0,1,0,0
Bhuj,1,10.0,6.9,1.95,5.8,0.442,110,4,86.6,42.0,28.8,1.0,0.03341,0.04913,0.33579,0.4419,0.725,0.8,0.73146,0.11429,0.27475,0.43839,0,0,1,0
Ahmedabad,1,11.7,3.4,2.88,8.5,0.764,53,2,73.8,27.5,29.6,0.0,0.0391,0.02426,0.33932,0.7644,0.8675,0.9,0.47513,0.05714,0.09321,0.48222,0,0,0,0
Vadodara,1,52.1,7.1,5.48,8.0,0.799,39,2,86.4,19.1,24.1,0.0,0.1735,0.05095,0.68489,0.79897,0.9025,0.9,0.729,0.05714,0,0.20485,0,0,0,0
Ahmedabad,0,5.3,4.5,3.34,8.5,0.387,53,2,45.4,48.2,32.1,0.0,0.01782,0.03188,0.39239,0.38651,0.8675,0.9,0,0.05714,0.35261,0.6032,1,0,0,0
Jamnagar,0,4.2,3.4,0.3,6.5,0.266,20,2,53.1,16.4,36.2,1.0,0.01401,0.02423,0.04628,0.26577,0.95,0.9,0.06226,0.05714,0,0.80851,0,0,0,0
Bhuj,1,38.3,20.3,3.57,5.8,0.388,110,4,92.6,9.7,29.8,1.0,0.12772,0.14465,0.61629,0.38768,0.725,0.8,0.85155,0.11429,0,0.491,0,0,0,1
Patan,0,5.0,3.3,1.6,6.0,0.278,70,1,42.7,15.9,30.2,0.0,0.01673,0.0233,0.26689,0.27752,0.825,0.95,0,0.02857,0,0.50956,0,0,0,0
Jamnagar,1,9.9,5.7,2.33,6.5,0.718,20,2,84.0,25.3,24.5,1.0,0.03287,0.04102,0.35918,0.71842,0.95,0.9,0.68048,0.05714,0.06642,0.22446,0,0,0,0
Surat,1,3.6,1.5,5.2,9.4,0.782,13,1,61.5,5.3,25.9,1.0,0.01188,0.01103,0.55315,0.7821,0.9675,0.95,0.23075,0.02857,0,0.29401,1,0,0,0
Navsari,1,17.0,7.7,3.74,7.3,0.821,11,1,74.0,18.9,29.4,1.0,0.05651,0.05473,0.51172,0.82057,0.9725,0.95,0.47908,0.02857,0,0.47073,1,0,0,0
Porbandar,0,5.1,1.8,2.05,6.2,0.472,8,1,57.1,8.5,31.4,1.0,0.01708,0.01312,0.33069,0.47175,0.98,0.95,0.14218,0.02857,0,0.56961,1,0,0,0
Dang,1,87.1,34.4,4.29,6.4,1.0,975,27,80.7,10.6,24.8,0.0,0.29028,0.24604,0.67073,1.0,0,0,0.61395,0.77143,0,0.23795,1,0,0,0
Patan,0,3.7,1.8,2.45,6.0,0.165,70,1,48.7,16.1,33.6,0.0,0.0124,0.01315,0.40829,0.16498,0.825,0.95,0,0.02857,0,0.68127,0,0,0,0
Surat,1,82.8,43.2,6.47,9.4,0.841,13,1,81.5,124.0,25.6,1.0,0.27592,0.30867,0.68857,0.84071,0.9675,0.95,0.62966,0.02857,1,0.27993,1,0,1,0
Ahmedabad,1,18.5,4.4,4.45,8.5,0.785,53,2,76.1,4.7,24.4,0.0,0.06167,0.03178,0.52363,0.78533,0.8675,0.9,0.52135,0.05714,0,0.22089,0,0,0,1
Navsari,0,8.1,2.2,2.69,7.3,0.444,11,1,53.1,18.7,29.8,1.0,0.0271,0.01569,0.3685,0.44435,0.9725,0.95,0.06159,0.02857,0,0.49012,0,0,0,0
Dang,0,3.5,2.2,3.04,6.4,0.631,975,27,56.3,15.0,30.5,0.0,0.01174,0.01545,0.47486,0.63141,0,0,0.12555,0.77143,0,0.52637,0,0,0,0
Vadodara,0,2.0,0.9,1.98,8.0,0.508,39,2,57.0,16.1,34.9,0.0,0.00674,0.00638,0.24722,0.50823,0.9025,0.9,0.13952,0.05714,0,0.74404,0,0,0,0
Rajkot,1,34.1,16.4,4.05,7.2,0.7,134,3,92.5,15.3,23.9,0.0,0.11353,0.11692,0.56217,0.70034,0.665,0.85,0.84942,0.08571,0,0.19604,0,0,0,0
Vadodara,1,108.1,21.0,5.76,8.0,0.903,39,2,80.2,29.9,24.0,0.0,0.36028,0.14985,0.71946,0.90259,0.9025,0.9,0.6036,0.05714,0.12426,0.20119,0,0,0,1
Surat,1,50.6,32.5,5.81,9.4,0.854,13,1,86.4,20.7,25.4,1.0,0.16874,0.23238,0.61846,0.85425,0.9675,0.95,0.72817,0.02857,0.00922,0.26812,0,0,0,0
Valsad,0,21.5,9.8,3.95,7.0,0.529,12,2,67.3,178.2,33.9,1.0,0.07154,0.07028,0.56497,0.52901,0.97,0.9,0.34685,0.05714,1,0.69345,1,0,1,0
Jamnagar,0,13.3,3.9,2.8,6.5,0.334,20,2,57.8,25.6,32.1,1.0,0.04449,0.02756,0.4313,0.3339,0.95,0.9,0.15535,0.05714,0.07054,0.60418,0,0,0,0
Valsad,1,26.0,14.9,4.5,7.0,0.872,12,2,81.4,40.4,25.4,1.0,0.0867,0.10624,0.64219,0.87238,0.97,0.9,0.62751,0.05714,0.25444,0.26926,1,0,0,0
Porbandar,0,1.2,0.6,2.94,6.2,0.284,8,1,48.4,5.5,37.3,1.0,0.00383,0.00409,0.47405,0.28387,0.98,0.95,0,0.02857,0,0.86317,0,0,0,0
Navsari,1,89.8,58.2,5.29,7.3,1.0,11,1,85.9,14.5,24.5,1.0,0.29923,0.41591,0.72514,1.0,0.9725,0.95,0.7182,0.02857,0,0.22291,1,0,0,0
Bhavnagar,1,103.5,36.1,6.43,7.4,0.951,24,2,83.2,14.5,25.8,1.0,0.34515,0.25756,0.86835,0.95109,0.94,0.9,0.66402,0.05714,0,0.29194,1,0,0,0
Valsad,1,10.8,2.3,4.42,7.0,0.938,12,2,77.3,7.3,31.2,1.0,0.03596,0.01663,0.63177,0.93762,0.97,0.9,0.54601,0.05714,0,0.55785,0,0,0,0
Jamnagar,0,4.6,0.2,2.56,6.5,0.318,20,2,58.6,23.7,30.9,1.0,0.01527,0.00164,0.39331,0.31759,0.95,0.9,0.17212,0.05714,0.04581,0.54359,0,0,0,0
Patan,1,1.2,0.5,2.71,6.0,0.542,70,1,75.4,41.0,26.0,0.0,0.00385,0.00358,0.45117,0.54242,0.825,0.95,0.50894,0.02857,0.26263,0.29757,0,0,0,0
Navsari,0,10.2,5.8,4.28,7.3,0.624,11,1,66.4,13.1,29.3,1.0,0.03389,0.04174,0.58663,0.62433,0.9725,0.95,0.32722,0.02857,0,0.46646,1,0,0,0
Dang,0,13.2,8.5,3.3,6.4,0.692,975,27,57.7,10.2,31.9,0.0,0.04385,0.06079,0.51621,0.69167,0,0,0.15379,0.77143,0,0.59316,0,0,0,0
Vadodara,1,25.2,19.1,4.39,8.0,0.641,39,2,85.2,9.2,29.1,0.0,0.08403,0.13664,0.54835,0.64091,0.9025,0.9,0.7046,0.05714,0,0.45571,0,0,0,1
Surat,1,20.5,8.8,5.93,9.4,0.822,13,1,70.7,24.7,27.6,1.0,0.06826,0.06305,0.63134,0.82205,0.9675,0.95,0.41467,0.02857,0.05881,0.37808,0,0,0,0
Navsari,1,131.9,80.1,6.45,7.3,0.936,11,1,86.6,5.8,23.7,1.0,0.43983,0.57205,0.88306,0.93561,0.9725,0.95,0.73221,0.02857,0,0.18714,1,0,0,1
Ahmedabad,1,18.1,1.6,4.66,8.5,0.829,53,2,66.1,13.5,23.8,0.0,0.06025,0.01126,0.54782,0.82873,0.8675,0.9,0.32141,0.05714,0,0.18805,0,0,0,0
Patan,1,19.9,9.2,3.21,6.0,0.603,70,1,86.7,40.5,28.6,0.0,0.06627,0.06594,0.53424,0.60274,0.825,0.95,0.73321,0.02857,0.25651,0.43047,0,0,0,0
Surat,1,26.5,19.3,4.7,9.4,0.858,13,1,89.2,9.0,27.6,1.0,0.08842,0.1379,0.49954,0.85797,0.9675,0.95,0.78381,0.02857,0,0.37961,1,0,0,0
Surat,1,7.5,4.3,4.74,9.4,0.924,13,1,84.0,4.3,29.2,1.0,0.02485,0.03069,0.50403,0.92447,0.9675,0.95,0.68028,0.02857,0,0.45974,0,0,0,0
Bhavnagar,1,9.1,7.8,2.86,7.4,0.628,24,2,77.3,6.3,26.4,1.0,0.03048,0.05552,0.38668,0.62824,0.94,0.9,0.54529,0.05714,0,0.31982,0,0,0,0
Navsari,0,5.3,2.4,2.5,7.3,0.469,11,1,58.6,36.7,35.5,1.0,0.01753,0.01742,0.34216,0.46851,0.9725,0.95,0.17186,0.02857,0.20917,0.77596,0,0,0,0
Rajkot,0,17.3,7.7,3.1,7.2,0.221,134,3,68.4,19.3,33.1,0.0,0.0576,0.05492,0.4309,0.22053,0.665,0.85,0.36746,0.08571,0,0.65595,0,0,0,0
Bhuj,1,8.6,2.1,2.64,5.8,0.414,110,4,87.5,5.7,26.4,1.0,0.0285,0.01504,0.45445,0.41419,0.725,0.8,0.75076,0.11429,0,0.31921,0,0,0,1
Valsad,1,39.8,21.6,4.63,7.0,0.945,12,2,84.6,2.0,29.1,1.0,0.13278,0.15424,0.66094,0.9453,0.97,0.9,0.69246,0.05714,0,0.45442,0,0,0,0
Patan,1,22.3,5.2,2.26,6.0,0.559,70,1,66.4,19.4,28.1,0.0,0.07424,0.03689,0.37716,0.55925,0.825,0.95,0.32821,0.02857,0,0.40278,0,0,0,0
Patan,0,2.2,0.9,1.57,6.0,0.152,70,1,55.3,25.1,30.6,0.0,0.00737,0.00628,0.26094,0.15236,0.825,0.95,0.10513,0.02857,0.06401,0.52972,0,0,0,0
Dang,1,98.7,33.4,3.98,6.4,1.0,975,27,79.3,5.7,27.5,0.0,0.32887,0.23833,0.62225,1.0,0,0,0.58516,0.77143,0,0.37731,0,1,0,0
Bhuj,1,10.1,7.8,2.05,5.8,0.446,110,4,78.7,14.6,24.9,1.0,0.03357,0.05579,0.35371,0.44592,0.725,0.8,0.574,0.11429,0,0.24384,0,0,0,0
Dang,1,35.4,16.9,4.69,6.4,0.985,975,27,82.5,18.6,22.7,0.0,0.11814,0.12101,0.73321,0.98453,0,0,0.65035,0.77143,0,0.13342,0,0,0,0
Patan,0,1.9,0.5,1.76,6.0,0.18,70,1,49.5,4.3,32.5,0.0,0.00646,0.0037,0.29391,0.17982,0.825,0.95,0,0.02857,0,0.62383,0,0,0,0
Bhavnagar,1,20.7,6.0,3.79,7.4,0.774,24,2,77.3,41.7,29.4,1.0,0.06886,0.04269,0.51226,0.77369,0.94,0.9,0.54501,0.05714,0.27136,0.4712,1,0,0,0
Valsad,1,20.9,5.3,4.61,7.0,0.925,12,2,77.6,37.3,26.8,1.0,0.06958,0.03808,0.6592,0.92528,0.97,0.9,0.55248,0.05714,0.21683,0.33809,1,0,0,0
Vadodara,0,9.3,5.1,3.72,8.0,0.492,39,2,65.4,12.7,32.2,0.0,0.03092,0.03635,0.465,0.49241,0.9025,0.9,0.30807,0.05714,0,0.6076,0,0,0,0
Patan,1,33.8,4.7,3.16,6.0,0.592,70,1,93.1,28.4,25.8,0.0,0.11261,0.03379,0.52591,0.59246,0.825,0.95,0.86139,0.02857,0.10487,0.28909,0,0,0,1
Dang,1,26.4,6.8,4.32,6.4,1.0,975,27,77.3,10.7,24.8,0.0,0.08802,0.04885,0.67516,1.0,0,0,0.54593,0.77143,0,0.24227,0,1,0,0
Valsad,1,64.9,35.9,5.13,7.0,1.0,12,2,77.8,9.6,17.9,1.0,0.21625,0.25642,0.73347,1.0,0.97,0.9,0.55608,0.05714,0,0,1,0,1,0
Jamnagar,0,0.5,0.1,2.44,6.5,0.453,20,2,47.1,9.4,31.8,1.0,0.00157,0.0009,0.37555,0.45291,0.95,0.9,0,0.05714,0,0.58785,0,0,0,0
Jamnagar,0,7.0,0.6,2.41,6.5,0.347,20,2,50.8,6.4,31.5,1.0,0.02333,0.00411,0.3711,0.34664,0.95,0.9,0.01517,0.05714,0,0.57633,0,0,0,0
Ahmedabad,1,50.2,20.8,5.06,8.5,0.741,53,2,89.5,5.5,25.5,0.0,0.16726,0.14858,0.59503,0.74127,0.8675,0.9,0.78952,0.05714,0,0.27543,1,0,0,0
Jamnagar,0,3.3,2.0,2.79,6.5,0.286,20,2,60.5,21.1,31.3,1.0,0.0111,0.01395,0.42862,0.28633,0.95,0.9,0.20925,0.05714,0.01375,0.56517,1,0,0,0
Bhuj,0,2.0,1.2,2.54,5.8,0.074,110,4,56.9,27.2,36.0,1.0,0.00654,0.00822,0.43787,0.07374,0.725,0.8,0.13746,0.11429,0.09014,0.79983,0,0,0,0
Surat,1,358.2,84.0,13.49,9.4,1.0,13,1,100,34.5,21.4,1.0,1.19392,0.59988,1.3,1.0,0.9675,0.95,1,0.02857,0.18126,0.07218,1,0,0,1
Porbandar,0,9.5,6.5,3.07,6.2,0.376,8,1,46.9,10.9,33.8,1.0,0.03165,0.04629,0.49538,0.37595,0.98,0.95,0,0.02857,0,0.6892,0,0,0,0
Bhavnagar,1,54.6,20.5,6.13,7.4,0.745,24,2,83.3,22.0,26.4,1.0,0.18216,0.1461,0.82796,0.74493,0.94,0.9,0.66646,0.05714,0.02491,0.31751,0,0,0,0
Bhavnagar,1,29.1,19.2,4.71,7.4,0.714,24,2,74.3,13.8,27.8,1.0,0.09685,0.13719,0.636,0.7136,0.94,0.9,0.48684,0.05714,0,0.39085,0,0,1,1
Jamnagar,1,13.7,7.5,2.83,6.5,0.605,20,2,77.0,7.3,29.9,1.0,0.04578,0.05379,0.43499,0.60476,0.95,0.9,0.54065,0.05714,0,0.49542,0,0,0,0
Surat,1,21.7,13.6,4.84,9.4,0.85,13,1,72.7,46.8,25.8,1.0,0.07244,0.09731,0.5148,0.8496,0.9675,0.95,0.45407,0.02857,0.33539,0.28854,0,0,0,0
Surat,1,64.6,16.0,6.46,9.4,0.962,13,1,83.5,18.6,24.5,1.0,0.21536,0.11449,0.68692,0.96219,0.9675,0.95,0.66916,0.02857,0,0.22369,1,0,1,0
Dang,1,81.9,21.7,6.35,6.4,0.964,975,27,86.9,9.0,26.1,0.0,0.27288,0.1547,0.9925,0.96442,0,0,0.7383,0.77143,0,0.30663,1,0,0,0
Bhavnagar,1,22.7,14.3,3.61,7.4,0.715,24,2,80.8,22.2,31.4,1.0,0.07569,0.1022,0.48747,0.71477,0.94,0.9,0.61503,0.05714,0.02761,0.57103,0,0,0,0
Bhuj,0,1.6,0.6,1.48,5.8,0.056,110,4,65.4,30.6,30.9,1.0,0.00537,0.00401,0.25485,0.05583,0.725,0.8,0.30869,0.11429,0.13198,0.54438,0,0,0,1
Navsari,1,114.0,58.3,6.92,7.3,0.966,11,1,83.7,10.8,27.9,1.0,0.38014,0.41617,0.94748,0.96576,0.9725,0.95,0.6746,0.02857,0,0.39327,1,0,0,0
Vadodara,0,12.7,10.8,2.08,8.0,0.367,39,2,54.7,28.0,30.6,0.0,0.04235,0.07714,0.26043,0.3672,0.9025,0.9,0.09427,0.05714,0.09956,0.5318,0,0,0,0
Ahmedabad,1,97.3,35.8,5.31,8.5,0.838,53,2,82.1,8.6,22.1,0.0,0.32418,0.2556,0.62477,0.83807,0.8675,0.9,0.64112,0.05714,0,0.10471,0,0,0,0
Vadodara,0,2.6,0.2,2.95,8.0,0.359,39,2,59.2,21.0,35.3,0.0,0.00868,0.00144,0.36813,0.35891,0.9025,0.9,0.18423,0.05714,0.01215,0.76359,0,0,0,0
Bhuj,1,7.5,1.3,1.98,5.8,0.291,110,4,78.5,39.4,29.5,1.0,0.02485,0.0094,0.34195,0.29136,0.725,0.8,0.56988,0.11429,0.24261,0.47652,0,0,0,0
Porbandar,1,43.2,17.6,5.1,6.2,0.77,8,1,92.0,3.6,25.7,1.0,0.14406,0.12564,0.82225,0.77008,0.98,0.95,0.8407,0.02857,0,0.28685,0,0,0,0
Rajkot,1,43.6,32.1,4.78,7.2,0.815,134,3,84.7,3.4,23.0,0.0,0.14532,0.22922,0.66329,0.81492,0.665,0.85,0.69347,0.08571,0,0.15058,0,0,0,0
Surat,0,11.7,1.6,4.2,9.4,0.523,13,1,48.9,27.9,31.2,1.0,0.03903,0.01161,0.44644,0.52288,0.9675,0.95,0,0.02857,0.09814,0.55861,0,0,0,0
Surat,1,96.7,20.9,6.51,9.4,0.826,13,1,98.3,16.7,30.5,1.0,0.32228,0.14911,0.6927,0.82601,0.9675,0.95,0.96634,0.02857,0,0.52358,0,0,0,0
Surat,1,12.7,4.2,5.43,9.4,0.759,13,1,82.7,20.5,29.1,1.0,0.04226,0.02999,0.57723,0.75929,0.9675,0.95,0.65413,0.02857,0.00594,0.45257,1,0,0,0
Ahmedabad,1,32.0,6.2,4.26,8.5,0.776,53,2,73.9,12.2,26.7,0.0,0.10677,0.04424,0.50111,0.77575,0.8675,0.9,0.47896,0.05714,0,0.3333,0,0,0,0
Surat,0,8.6,2.2,4.07,9.4,0.637,13,1,45.2,4.5,31.9,1.0,0.02865,0.01567,0.43343,0.63669,0.9675,0.95,0,0.02857,0,0.59741,0,0,0,0
Bhavnagar,1,39.5,8.0,5.22,7.4,0.787,24,2,84.7,30.6,22.9,1.0,0.13175,0.05724,0.7049,0.78663,0.94,0.9,0.69408,0.05714,0.13309,0.1473,0,0,0,0
Rajkot,1,20.4,11.1,4.29,7.2,0.573,134,3,90.0,6.6,26.9,0.0,0.06784,0.07911,0.59598,0.57333,0.665,0.85,0.80006,0.08571,0,0.34601,0,0,0,0
Vadodara,0,8.3,4.3,3.85,8.0,0.307,39,2,55.6,17.2,34.1,0.0,0.02751,0.03078,0.48182,0.30672,0.9025,0.9,0.11222,0.05714,0,0.70709,0,0,0,0
Rajkot,0,0.4,0.1,2.14,7.2,0.08,134,3,60.6,25.4,31.9,0.0,0.00133,0.00087,0.2966,0.07971,0.665,0.85,0.2118,0.08571,0.06762,0.59365,0,0,0,0
Bhavnagar,0,1.4,0.3,2.83,7.4,0.375,24,2,39.0,32.7,30.7,1.0,0.0048,0.00201,0.38212,0.37489,0.94,0.9,0,0.05714,0.15865,0.53403,0,0,0,0
Vadodara,0,8.9,2.9,3.8,8.0,0.296,39,2,43.3,18.0,33.5,0.0,0.02953,0.02038,0.47538,0.29612,0.9025,0.9,0,0.05714,0,0.67602,0,0,0,0
Valsad,1,65.9,16.3,3.83,7.0,0.844,12,2,83.9,6.2,24.8,1.0,0.21969,0.11609,0.54758,0.84422,0.97,0.9,0.67868,0.05714,0,0.24081,1,0,0,0
Patan,1,19.3,2.6,2.11,6.0,0.555,70,1,87.6,2,30.8,0.0,0.06433,0.01836,0.3521,0.5546,0.825,0.95,0.75222,0.02857,0,0.54077,0,0,0,0
Patan,1,2.3,1.3,2.45,6.0,0.466,70,1,75.2,20.2,27.7,0.0,0.00763,0.00894,0.40902,0.4665,0.825,0.95,0.50324,0.02857,0.0027,0.38721,0,0,0,0
Vadodara,1,31.8,17.7,4.39,8.0,0.801,39,2,76.6,29.7,27.8,0.0,0.10588,0.12659,0.54853,0.80068,0.9025,0.9,0.53217,0.05714,0.12089,0.39126,1,0,0,0
Vadodara,0,2.2,1.7,2.94,8.0,0.372,39,2,68.5,21.8,33.6,0.0,0.00741,0.01226,0.36723,0.37204,0.9025,0.9,0.3707,0.05714,0.02218,0.6806,0,0,0,0
Vadodara,1,10.5,4.8,5.03,8.0,0.754,39,2,83.6,16.4,24.9,0.0,0.03488,0.03421,0.62907,0.75394,0.9025,0.9,0.67217,0.05714,0,0.24376,0,0,0,0
Navsari,0,9.1,2.4,4.24,7.3,0.543,11,1,34.2,18.9,33.5,1.0,0.03019,0.01711,0.58126,0.54325,0.9725,0.95,0,0.02857,0,0.67563,1,0,0,0
Vadodara,1,94.2,37.1,6.11,8.0,0.67,39,2,87.3,2.1,27.1,0.0,0.3139,0.26516,0.76433,0.67029,0.9025,0.9,0.74623,0.05714,0,0.35465,1,0,0,0
Ahmedabad,1,60.5,34.0,5.68,8.5,0.865,53,2,77.2,14.2,27.2,0.0,0.20163,0.24309,0.66772,0.86538,0.8675,0.9,0.54326,0.05714,0,0.35966,0,0,0,1
Valsad,0,18.0,5.0,3.68,7.0,0.533,12,2,55.1,37.4,29.2,1.0,0.05997,0.03598,0.52585,0.53264,0.97,0.9,0.1014,0.05714,0.21701,0.46188,0,0,0,0
Patan,0,3.4,2.6,2.54,6.0,0.231,70,1,43.0,7.1,33.1,0.0,0.01139,0.01884,0.42305,0.23055,0.825,0.95,0,0.02857,0,0.65554,0,0,0,0
Jamnagar,0,7.1,3.4,2.7,6.5,0.217,20,2,49.2,11.5,34.1,1.0,0.02367,0.02441,0.41505,0.21686,0.95,0.9,0,0.05714,0,0.70646,0,0,0,0
Ahmedabad,0,6.4,0.8,2.85,8.5,0.476,53,2,59.8,25.7,33.7,0.0,0.0214,0.00565,0.33541,0.47557,0.8675,0.9,0.1969,0.05714,0.07106,0.68559,1,0,0,0
Ahmedabad,1,9.6,6.0,4.94,8.5,0.89,53,2,70.1,16.7,27.1,0.0,0.03193,0.04283,0.58115,0.88952,0.8675,0.9,0.40289,0.05714,0,0.35288,0,0,0,1
Ahmedabad,0,6.6,3.1,3.27,8.5,0.415,53,2,44.9,11.2,31.8,0.0,0.02215,0.02204,0.38528,0.4151,0.8675,0.9,0,0.05714,0,0.59122,0,0,0,0
Vadodara,0,7.3,2.5,3.0,8.0,0.446,39,2,55.5,12.6,33.3,0.0,0.02441,0.0178,0.37444,0.44573,0.9025,0.9,0.11069,0.05714,0,0.6632,0,0,0,0
Rajkot,0,0.4,0.3,3.17,7.2,0.174,134,3,52.1,36.6,30.8,0.0,0.00135,0.00198,0.44029,0.17414,0.665,0.85,0.04261,0.08571,0.20729,0.53883,0,0,0,0
Ahmedabad,1,70.2,24.4,5.11,8.5,0.848,53,2,70.7,44.9,27.1,0.0,0.23394,0.1742,0.6017,0.84794,0.8675,0.9,0.41404,0.05714,0.31148,0.35431,0,0,0,0
Valsad,1,75.9,44.4,5.86,7.0,0.916,12,2,79.4,3.5,31.1,1.0,0.25302,0.3169,0.83768,0.91551,0.97,0.9,0.58737,0.05714,0,0.55267,0,0,1,0
Valsad,1,43.5,5.8,3.76,7.0,0.724,12,2,78.0,23.4,24.5,1.0,0.14484,0.04161,0.53762,0.72393,0.97,0.9,0.55938,0.05714,0.04264,0.22722,0,0,0,0
Vadodara,1,51.3,9.4,4.42,8.0,0.775,39,2,74.4,4.1,27.8,0.0,0.17098,0.06693,0.55209,0.77545,0.9025,0.9,0.48772,0.05714,0,0.39106,0,0,0,0
Vadodara,0,5.2,1.7,3.7,8.0,0.434,39,2,54.4,5.3,30.3,0.0,0.01726,0.01186,0.46227,0.43448,0.9025,0.9,0.08811,0.05714,0,0.51342,0,0,0,0
Vadodara,1,89.5,30.4,6.11,8.0,0.745,39,2,84.6,17.7,25.7,0.0,0.29849,0.21747,0.7632,0.74503,0.9025,0.9,0.69292,0.05714,0,0.28291,1,0,0,0
Vadodara,1,11.7,4.1,4.7,8.0,0.742,39,2,83.8,30.0,28.5,0.0,0.03912,0.02896,0.58789,0.74162,0.9025,0.9,0.67631,0.05714,0.12451,0.42549,1,0,1,1
Rajkot,1,16.1,6.2,3.08,7.2,0.515,134,3,71.6,18.3,27.4,0.0,0.05363,0.04428,0.42762,0.51452,0.665,0.85,0.43129,0.08571,0,0.37127,0,0,0,0
Valsad,1,26.6,13.1,4.88,7.0,0.959,12,2,87.9,9.9,24.6,1.0,0.08853,0.09356,0.69664,0.95893,0.97,0.9,0.75784,0.05714,0,0.23126,1,0,0,0
Bhavnagar,1,23.2,17.3,4.28,7.4,0.658,24,2,79.7,12.9,26.8,1.0,0.07748,0.12329,0.57783,0.65805,0.94,0.9,0.59337,0.05714,0,0.34174,0,0,1,0
Vadodara,0,5.3,3.2,2.48,8.0,0.33,39,2,50.0,7.9,35.0,0.0,0.0178,0.02286,0.30948,0.33048,0.9025,0.9,0,0.05714,0,0.74805,0,0,0,0
Bhavnagar,1,22.3,4.9,4.17,7.4,0.723,24,2,76.5,42.2,24.9,1.0,0.07444,0.03494,0.56346,0.72319,0.94,0.9,0.53003,0.05714,0.27744,0.24393,0,0,0,0
Surat,1,38.8,26.1,6.13,9.4,0.885,13,1,79.8,19.5,19.8,1.0,0.12949,0.18661,0.65221,0.88495,0.9675,0.95,0.59656,0.02857,0,0,1,0,0,0
Jamnagar,1,30.4,8.0,3.14,6.5,0.636,20,2,81.5,7.5,30.8,1.0,0.10145,0.05711,0.48328,0.63563,0.95,0.9,0.63035,0.05714,0,0.53879,0,0,0,0
Bhavnagar,1,56.5,29.6,4.69,7.4,0.839,24,2,77.6,15.0,23.4,1.0,0.18831,0.21142,0.63379,0.83871,0.94,0.9,0.55194,0.05714,0,0.16807,0,0,0,0
Valsad,0,12.2,5.9,2.29,7.0,0.557,12,2,56.9,4.7,32.5,1.0,0.04083,0.04207,0.3273,0.55724,0.97,0.9,0.13803,0.05714,0,0.62432,0,0,0,0
Ahmedabad,0,1.9,1.1,2.81,8.5,0.427,53,2,47.3,6.3,31.4,0.0,0.00638,0.00813,0.33085,0.42746,0.8675,0.9,0,0.05714,0,0.56988,0,0,0,0
Navsari,1,25.5,13.2,4.03,7.3,0.916,11,1,78.5,16.3,26.6,1.0,0.08491,0.09446,0.55266,0.91584,0.9725,0.95,0.56922,0.02857,0,0.32755,0,0,0,0
Valsad,1,48.9,27.5,5.57,7.0,0.955,12,2,79.9,18.3,26.9,1.0,0.16304,0.19607,0.79589,0.95493,0.97,0.9,0.59704,0.05714,0,0.34415,1,0,0,0
Vadodara,1,38.1,7.6,4.62,8.0,0.711,39,2,78.1,27.1,25.8,0.0,0.12706,0.05403,0.57784,0.71091,0.9025,0.9,0.56218,0.05714,0.0886,0.28763,1,0,0,1
Bhuj,1,19.7,4.3,2.5,5.8,0.451,110,4,76.6,52.1,23.6,1.0,0.06566,0.03049,0.43043,0.4515,0.725,0.8,0.53102,0.11429,0.40146,0.17974,0,0,0,0
Rajkot,0,2.9,0.4,2.88,7.2,0.356,134,3,42.2,28.8,31.4,0.0,0.00965,0.00305,0.39983,0.35618,0.665,0.85,0,0.08571,0.11013,0.57022,0,0,0,0
Rajkot,1,25.7,10.6,4.49,7.2,0.651,134,3,85.4,17.4,27.8,0.0,0.08557,0.07574,0.62327,0.65109,0.665,0.85,0.70856,0.08571,0,0.38779,0,0,0,0
Bhavnagar,1,26.5,17.3,5.13,7.4,0.642,24,2,79.0,14.0,27.0,1.0,0.08829,0.12351,0.69316,0.64223,0.94,0.9,0.58079,0.05714,0,0.34928,0,0,0,0
Patan,0,3.9,0.8,1.21,6.0,0.217,70,1,51.2,18.0,28.2,0.0,0.01307,0.00584,0.20096,0.21745,0.825,0.95,0.02324,0.02857,0,0.4115,0,0,0,0
Navsari,0,13.5,2.8,4.24,7.3,0.608,11,1,58.1,15.3,30.9,1.0,0.04516,0.02032,0.58077,0.60763,0.9725,0.95,0.16154,0.02857,0,0.54634,0,0,0,0
Bhavnagar,1,6.3,5.2,3.55,7.4,0.66,24,2,83.1,32.8,30.5,1.0,0.02088,0.03703,0.47954,0.6595,0.94,0.9,0.6619,0.05714,0.16001,0.5243,0,0,0,0
Porbandar,1,85.9,7.8,3.84,6.2,0.962,8,1,91.8,38.4,23.1,1.0,0.28626,0.05554,0.61986,0.96212,0.98,0.95,0.83609,0.02857,0.22983,0.15719,0,0,0,0
Valsad,1,57.6,34.8,4.98,7.0,0.824,12,2,80.6,9.8,25.9,1.0,0.1919,0.24883,0.71135,0.82393,0.97,0.9,0.61226,0.05714,0,0.29626,0,0,0,0
Dang,1,107.9,14.3,4.96,6.4,0.97,975,27,83.5,29.1,24.2,0.0,0.35979,0.1022,0.77537,0.97047,0,0,0.67016,0.77143,0.11374,0.21149,0,0,0,0
Navsari,1,74.7,43.7,5.03,7.3,0.986,11,1,86.5,17.4,21.6,1.0,0.24905,0.31249,0.68961,0.98582,0.9725,0.95,0.72935,0.02857,0,0.07884,1,0,0,0
Patan,1,20.1,16.0,2.87,6.0,0.532,70,1,82.5,11.8,25.7,0.0,0.0669,0.1143,0.47826,0.53156,0.825,0.95,0.6496,0.02857,0,0.28559,0,0,0,0
Jamnagar,1,5.8,2.6,2.72,6.5,0.747,20,2,64.8,15.9,29.2,1.0,0.01933,0.01891,0.41843,0.74705,0.95,0.9,0.2968,0.05714,0,0.45993,0,0,0,0
Jamnagar,1,1.8,0.8,4.05,6.5,0.832,20,2,66.2,47.7,24.2,1.0,0.00597,0.00549,0.62329,0.83237,0.95,0.9,0.32404,0.05714,0.34682,0.21208,0,0,0,0
Rajkot,0,1.4,0.7,2.01,7.2,0.256,134,3,51.8,15.7,33.3,0.0,0.00465,0.00505,0.27881,0.25563,0.665,0.85,0.03537,0.08571,0,0.66289,0,0,0,0
Navsari,1,45.4,33.2,4.07,7.3,0.845,11,1,83.0,17.7,25.9,1.0,0.15143,0.23702,0.55739,0.84513,0.9725,0.95,0.66074,0.02857,0,0.29571,1,0,0,1
Dang,1,57.5,23.4,4.74,6.4,0.885,975,27,78.6,15.7,26.4,0.0,0.19158,0.16713,0.74118,0.88539,0,0,0.57299,0.77143,0,0.32147,0,1,0,0
Ahmedabad,1,104.3,48.7,6.69,8.5,1.0,53,2,86.1,5.8,26.7,0.0,0.34763,0.34802,0.78722,1.0,0.8675,0.9,0.72227,0.05714,0,0.33581,0,0,0,0
Patan,0,7.4,3.2,1.13,6.0,0.15,70,1,55.5,25.0,33.4,0.0,0.02477,0.02257,0.18849,0.15043,0.825,0.95,0.10973,0.02857,0.06301,0.67185,0,0,0,0
Surat,1,44.6,17.0,7.72,9.4,0.874,13,1,78.7,25.5,26.6,1.0,0.14872,0.12116,0.82132,0.87405,0.9675,0.95,0.5731,0.02857,0.06874,0.33204,1,0,0,0
Patan,1,28.0,7.5,2.83,6.0,0.466,70,1,74.4,3.2,26.7,0.0,0.0932,0.0533,0.47168,0.46649,0.825,0.95,0.48784,0.02857,0,0.33282,0,0,0,0
Valsad,0,9.8,4.4,3.32,7.0,0.571,12,2,42.9,36.7,34.7,1.0,0.03252,0.03127,0.47398,0.57107,0.97,0.9,0,0.05714,0.20914,0.73256,0,0,0,0
Bhuj,1,19.4,7.9,3.24,5.8,0.428,110,4,68.3,20.6,29.5,1.0,0.06472,0.05639,0.55934,0.42752,0.725,0.8,0.36597,0.11429,0.00808,0.4746,0,0,0,0
Ahmedabad,1,69.6,55.3,4.92,8.5,0.912,53,2,85.9,26.2,24.9,0.0,0.23197,0.39515,0.579,0.91152,0.8675,0.9,0.719,0.05714,0.07735,0.24507,1,0,0,1
Porbandar,0,4.2,0.8,2.93,6.2,0.311,8,1,55.1,23.6,32.8,1.0,0.01395,0.00542,0.47327,0.31097,0.98,0.95,0.10239,0.02857,0.04445,0.64156,0,0,0,0
Valsad,0,8.2,4.7,3.23,7.0,0.453,12,2,51.5,25.8,32.3,1.0,0.02746,0.0337,0.46137,0.45285,0.97,0.9,0.02949,0.05714,0.0727,0.61645,0,0,0,0
Porbandar,1,15.2,10.4,3.76,6.2,0.593,8,1,92.0,2,26.6,1.0,0.0506,0.07404,0.60611,0.59269,0.98,0.95,0.83996,0.02857,0,0.32861,0,0,0,1
Porbandar,1,18.6,5.0,3.22,6.2,0.696,8,1,94.8,35.0,31.0,1.0,0.062,0.03544,0.51934,0.69568,0.98,0.95,0.89546,0.02857,0.18766,0.55024,0,0,0,0
Vadodara,1,22.9,9.3,4.35,8.0,0.866,39,2,72.1,27.2,29.8,0.0,0.07643,0.06662,0.54379,0.8656,0.9025,0.9,0.44234,0.05714,0.0901,0.49115,0,0,0,0
Surat,1,83.6,10.9,7.72,9.4,0.93,13,1,88.9,35.4,24.5,1.0,0.27859,0.07775,0.82087,0.93045,0.9675,0.95,0.77779,0.02857,0.19224,0.22369,1,0,0,1
Jamnagar,1,23.0,18.4,2.57,6.5,0.698,20,2,81.9,23.9,23.7,1.0,0.07656,0.1313,0.39595,0.69846,0.95,0.9,0.63857,0.05714,0.04895,0.18699,0,0,0,0
Surat,1,17.4,5.8,5.51,9.4,0.896,13,1,73.4,7.2,28.5,1.0,0.05791,0.04114,0.5864,0.89566,0.9675,0.95,0.46769,0.02857,0,0.42574,1,0,0,1
Surat,0,4.5,1.5,4.76,9.4,0.538,13,1,59.8,12.9,34.2,1.0,0.01487,0.01042,0.50593,0.53769,0.9675,0.95,0.19549,0.02857,0,0.70808,0,0,0,0
Valsad,1,70.8,24.2,4.64,7.0,1.0,12,2,90.9,13.8,23.6,1.0,0.23593,0.17258,0.66286,1.0,0.97,0.9,0.81728,0.05714,0,0.18043,1,0,0,0
Rajkot,0,2.4,0.6,3.75,7.2,0.131,134,3,55.1,2,31.4,0.0,0.00804,0.00438,0.52038,0.13052,0.665,0.85,0.10195,0.08571,0,0.57064,0,0,0,1
Valsad,0,4.8,1.5,4.42,7.0,0.59,12,2,48.3,9.7,31.5,1.0,0.01616,0.01082,0.63072,0.59029,0.97,0.9,0,0.05714,0,0.57517,0,0,0,0
Rajkot,1,1.6,0.8,4.12,7.2,0.57,134,3,77.4,6.0,23.1,0.0,0.0052,0.00545,0.57187,0.56984,0.665,0.85,0.54878,0.08571,0,0.15607,0,0,0,0
Surat,0,2.8,0.4,4.24,9.4,0.57,13,1,44.1,11.8,34.7,1.0,0.00942,0.00258,0.45098,0.5703,0.9675,0.95,0,0.02857,0,0.73621,0,0,0,0
Porbandar,0,5.1,2.9,2.51,6.2,0.218,8,1,41.6,10.3,31.7,1.0,0.01712,0.02095,0.40438,0.21768,0.98,0.95,0,0.02857,0,0.58681,0,0,0,0
Ahmedabad,0,1.2,0.6,3.22,8.5,0.536,53,2,54.9,12.7,33.8,0.0,0.00396,0.00451,0.3789,0.53584,0.8675,0.9,0.09833,0.05714,0,0.68863,0,0,0,0
Porbandar,1,25.8,12.1,4.14,6.2,0.69,8,1,79.3,27.5,26.6,1.0,0.08593,0.08638,0.66701,0.68987,0.98,0.95,0.58668,0.02857,0.09413,0.33006,0,0,0,0
Dang,1,122.6,6.1,4.66,6.4,1.0,975,27,86.7,19.2,23.9,0.0,0.40858,0.04378,0.72801,1.0,0,0,0.73412,0.77143,0,0.1926,0,0,0,0
Rajkot,1,10.8,1.6,3.97,7.2,0.678,134,3,76.5,14.0,30.3,0.0,0.03595,0.01156,0.55098,0.67785,0.665,0.85,0.52982,0.08571,0,0.51467,0,0,0,0
Ahmedabad,1,15.9,10.0,5.48,8.5,0.726,53,2,78.1,15.4,31.5,0.0,0.05303,0.07162,0.64514,0.72596,0.8675,0.9,0.56253,0.05714,0,0.57489,0,0,0,0
Dang,0,16.9,2.5,3.44,6.4,0.756,975,27,45.9,4.3,33.0,0.0,0.05622,0.01779,0.53746,0.75632,0,0,0,0.77143,0,0.64879,0,0,0,0
Jamnagar,1,8.7,5.0,3.36,6.5,0.744,20,2,82.7,10.2,28.5,1.0,0.02914,0.03544,0.51669,0.74399,0.95,0.9,0.65484,0.05714,0,0.4267,1,0,0,0
Rajkot,0,1.7,1.0,3.79,7.2,0.34,134,3,50.1,18.9,30.2,0.0,0.00572,0.00738,0.52691,0.33994,0.665,0.85,0.00169,0.08571,0,0.50927,0,0,0,0
Surat,0,3.5,1.9,4.38,9.4,0.573,13,1,51.1,4.0,30.1,1.0,0.01176,0.01363,0.46637,0.57345,0.9675,0.95,0.02233,0.02857,0,0.50558,0,0,0,0
Valsad,1,46.9,37.9,3.7,7.0,0.781,12,2,80.7,3.1,26.9,1.0,0.15648,0.27049,0.52853,0.78076,0.97,0.9,0.61323,0.05714,0,0.34449,1,0,0,1
Dang,0,13.0,5.5,3.41,6.4,0.669,975,27,49.3,29.4,34.0,0.0,0.04348,0.0393,0.53229,0.66895,0,0,0,0.77143,0.11703,0.69913,0,0,0,1
Jamnagar,1,25.8,6.2,3.12,6.5,0.576,20,2,79.5,25.9,26.9,1.0,0.08594,0.04439,0.47926,0.57627,0.95,0.9,0.58969,0.05714,0.07359,0.34254,0,0,0,0
Surat,0,6.7,2.1,4.33,9.4,0.462,13,1,66.6,28.9,34.1,1.0,0.02241,0.01482,0.46049,0.46209,0.9675,0.95,0.33177,0.02857,0.11073,0.70509,0,0,0,1
Rajkot,0,10.2,2.7,2.8,7.2,0.165,134,3,41.4,28.0,27.1,0.0,0.03386,0.01948,0.38856,0.16461,0.665,0.85,0,0.08571,0.0994,0.35682,0,0,0,0
Bhavnagar,0,0.7,0.3,2.01,7.4,0.301,24,2,50.8,20.0,33.1,1.0,0.00243,0.00226,0.27218,0.30084,0.94,0.9,0.01539,0.05714,0.0,0.65385,0,0,0,0
Ahmedabad,1,15.3,6.5,5.9,8.5,0.775,53,2,89.3,2.2,26.7,0.0,0.05116,0.04649,0.69411,0.77455,0.8675,0.9,0.78586,0.05714,0,0.33578,0,0,0,0
Rajkot,1,23.4,16.7,3.2,7.2,0.512,134,3,85.3,33.6,29.1,0.0,0.07805,0.11932,0.44459,0.51213,0.665,0.85,0.70667,0.08571,0.1703,0.45522,1,0,0,0
Vadodara,1,65.9,39.6,6.09,8.0,0.848,39,2,74.0,19.0,28.2,0.0,0.21982,0.28311,0.7613,0.84753,0.9025,0.9,0.47943,0.05714,0,0.41194,1,0,0,1
Vadodara,1,11.1,2.9,4.06,8.0,0.753,39,2,88.3,32.4,25.2,0.0,0.0369,0.02069,0.50718,0.75284,0.9025,0.9,0.76594,0.05714,0.15549,0.25913,0,0,0,0
Navsari,1,8.1,4.2,4.39,7.3,0.847,11,1,75.2,15.6,29.2,1.0,0.02706,0.03019,0.60103,0.8469,0.9725,0.95,0.50362,0.02857,0,0.46181,0,0,0,0
Bhavnagar,1,77.3,39.1,5.03,7.4,0.817,24,2,82.3,41.8,24.7,1.0,0.25756,0.27922,0.68011,0.8165,0.94,0.9,0.645,0.05714,0.27308,0.23669,1,0,0,0
Bhuj,1,4.0,2.4,2.15,5.8,0.427,110,4,80.0,45.3,26.6,1.0,0.01334,0.01738,0.37068,0.42735,0.725,0.8,0.59961,0.11429,0.31628,0.32755,0,0,0,0
Bhuj,1,11.3,6.8,2.63,5.8,0.308,110,4,74.7,29.3,24.6,1.0,0.03769,0.04822,0.4539,0.30753,0.725,0.8,0.49421,0.11429,0.11608,0.23155,0,0,0,1
Surat,1,34.9,15.9,5.81,9.4,0.964,13,1,75.4,29.2,26.7,1.0,0.11625,0.11343,0.61815,0.96361,0.9675,0.95,0.50731,0.02857,0.11514,0.33529,1,0,0,0
Dang,0,13.3,7.2,2.44,6.4,0.567,975,27,64.0,19.1,34.4,0.0,0.04433,0.0512,0.38195,0.56704,0,0,0.27995,0.77143,0,0.7195,1,0,0,1
Porbandar,0,3.1,1.8,3.01,6.2,0.402,8,1,45.5,30.1,29.6,1.0,0.01025,0.0126,0.48568,0.40178,0.98,0.95,0,0.02857,0.12608,0.47817,0,0,0,0
Bhuj,1,4.3,2.8,2.7,5.8,0.353,110,4,79.3,25.1,27.3,1.0,0.01449,0.02002,0.46468,0.35317,0.725,0.8,0.58525,0.11429,0.06371,0.36535,0,0,0,0
Valsad,1,19.2,11.4,4.26,7.0,0.906,12,2,77.3,17.4,29.5,1.0,0.06395,0.08157,0.60803,0.90587,0.97,0.9,0.54505,0.05714,0,0.47557,1,0,0,0
Valsad,1,22.6,5.6,3.97,7.0,0.96,12,2,80.2,43.1,30.2,1.0,0.07518,0.04022,0.56671,0.95965,0.97,0.9,0.60444,0.05714,0.2886,0.51112,1,0,0,0
Dang,0,19.8,15.3,3.68,6.4,0.558,975,27,56.0,3.1,30.6,0.0,0.06591,0.10956,0.57518,0.55813,0,0,0.12031,0.77143,0,0.52886,0,0,0,0
Jamnagar,1,64.7,29.4,4.58,6.5,0.697,20,2,85.2,17.2,23.9,1.0,0.21583,0.20982,0.70452,0.69737,0.95,0.9,0.70405,0.05714,0,0.19409,0,0,0,0
Valsad,1,55.5,30.6,5.11,7.0,1.0,12,2,91.3,57.5,25.8,1.0,0.18495,0.21891,0.73,1.0,0.97,0.9,0.8265,0.05714,0.46922,0.28816,0,0,0,0
Valsad,0,7.3,1.5,3.28,7.0,0.561,12,2,48.7,14.5,34.5,1.0,0.0244,0.01047,0.46893,0.56066,0.97,0.9,0,0.05714,0,0.72362,1,0,0,0
Patan,1,11.5,1.8,2.79,6.0,0.462,70,1,73.1,16.7,23.4,0.0,0.03834,0.01321,0.46501,0.46233,0.825,0.95,0.46279,0.02857,0,0.17103,0,0,0,0
Valsad,1,27.0,11.2,4.2,7.0,1.0,12,2,71.2,5.0,27.1,1.0,0.09005,0.08033,0.59939,1.0,0.97,0.9,0.42407,0.05714,0,0.35705,1,0,0,0
Porbandar,1,19.6,5.0,3.35,6.2,0.774,8,1,81.7,16.3,25.5,1.0,0.06534,0.03594,0.54089,0.77444,0.98,0.95,0.6335,0.02857,0,0.27716,1,0,0,0
Navsari,0,3.8,1.1,3.97,7.3,0.523,11,1,43.5,13.6,33.7,1.0,0.01264,0.00794,0.54362,0.52322,0.9725,0.95,0,0.02857,0,0.68694,0,0,0,0
Surat,1,14.5,7.0,5.45,9.4,0.936,13,1,74.6,18.3,31.3,1.0,0.04838,0.05012,0.57972,0.9359,0.9675,0.95,0.49296,0.02857,0,0.56296,0,0,0,0
Vadodara,0,10.3,4.2,3.6,8.0,0.417,39,2,53.7,4.6,36.5,0.0,0.03425,0.02999,0.44997,0.41668,0.9025,0.9,0.0748,0.05714,0,0.82339,0,0,0,0
Jamnagar,1,97.5,17.7,4.14,6.5,0.772,20,2,78.6,5.7,25.0,1.0,0.32491,0.12664,0.63669,0.77155,0.95,0.9,0.57209,0.05714,0,0.24978,0,0,0,1
Porbandar,1,5.9,2.3,2.8,6.2,0.647,8,1,72.1,24.4,27.9,1.0,0.01964,0.01656,0.45174,0.64689,0.98,0.95,0.44123,0.02857,0.05442,0.39602,0,0,0,0
Navsari,1,12.8,1.8,3.31,7.3,0.846,11,1,79.4,10.9,25.3,1.0,0.04282,0.01283,0.4533,0.84639,0.9725,0.95,0.58856,0.02857,0,0.26423,1,0,0,0
Bhuj,0,0.6,0.3,2.42,5.8,0.13,110,4,57.4,24.9,30.6,1.0,0.00193,0.0021,0.41665,0.12994,0.725,0.8,0.14722,0.11429,0.06129,0.53187,0,0,0,0
Porbandar,0,6.2,0.8,2.32,6.2,0.289,8,1,51.1,24.0,34.0,1.0,0.02059,0.00537,0.37464,0.28885,0.98,0.95,0.0213,0.02857,0.05051,0.69883,0,0,0,0
Ahmedabad,1,69.3,42.1,5.04,8.5,0.793,53,2,78.5,14.6,28.2,0.0,0.23114,0.30083,0.59269,0.79284,0.8675,0.9,0.57049,0.05714,0,0.40877,1,0,0,0
Patan,1,3.6,1.4,2.19,6.0,0.562,70,1,81.3,23.1,27.5,0.0,0.01216,0.00976,0.36498,0.56236,0.825,0.95,0.62526,0.02857,0.03841,0.37572,1,0,0,0
Rajkot,0,10.7,5.6,3.78,7.2,0.282,134,3,53.3,4.9,35.6,0.0,0.03563,0.03984,0.52523,0.28199,0.665,0.85,0.06523,0.08571,0,0.78094,0,0,0,0
Bhuj,0,2.4,0.2,1.19,5.8,0.02,110,4,57.1,38.7,31.5,1.0,0.00786,0.00128,0.20502,0.02,0.725,0.8,0.14259,0.11429,0.23396,0.57253,0,0,0,0
Navsari,1,20.1,6.0,4.62,7.3,0.895,11,1,73.4,17.8,25.9,1.0,0.06687,0.04286,0.63266,0.89546,0.9725,0.95,0.46854,0.02857,0,0.29379,1,0,0,0
Surat,1,19.4,2.5,4.93,9.4,0.854,13,1,78.6,26.2,26.2,1.0,0.06471,0.01761,0.52493,0.85386,0.9675,0.95,0.57125,0.02857,0.07735,0.31052,0,0,0,0
Surat,0,8.9,2.5,2.79,9.4,0.548,13,1,54.7,10.4,33.1,1.0,0.02982,0.01754,0.29629,0.54791,0.9675,0.95,0.09417,0.02857,0,0.65335,0,0,0,0
Patan,1,13.6,5.9,3.62,6.0,0.533,70,1,80.7,30.5,24.6,0.0,0.04532,0.04211,0.60268,0.5334,0.825,0.95,0.61342,0.02857,0.13115,0.23182,1,0,0,0
Rajkot,1,25.0,10.3,3.25,7.2,0.596,134,3,73.4,8.1,25.9,0.0,0.08332,0.07369,0.45119,0.59559,0.665,0.85,0.46786,0.08571,0,0.29396,0,0,0,0
Jamnagar,0,6.5,4.0,2.14,6.5,0.274,20,2,50.8,51.4,32.3,1.0,0.02163,0.02864,0.32969,0.27397,0.95,0.9,0.01556,0.05714,0.39253,0.61631,0,0,0,0
Patan,1,24.7,6.4,4.3,6.0,0.643,70,1,86.2,8.8,26.6,0.0,0.08218,0.04589,0.71687,0.64336,0.825,0.95,0.72304,0.02857,0,0.33197,1,0,0,0
Surat,1,91.3,60.7,6.42,9.4,0.883,13,1,92.5,14.8,23.7,1.0,0.30421,0.43361,0.68294,0.88344,0.9675,0.95,0.85007,0.02857,0,0.18441,0,0,0,0
Rajkot,1,5.2,3.1,4.02,7.2,0.673,134,3,73.0,9.6,29.8,0.0,0.0172,0.02233,0.55885,0.67271,0.665,0.85,0.46007,0.08571,0,0.49235,0,1,0,0
Vadodara,1,55.2,22.4,4.6,8.0,0.72,39,2,80.6,13.4,24.4,0.0,0.18392,0.16031,0.57481,0.72009,0.9025,0.9,0.61131,0.05714,0,0.21801,0,0,0,0
Surat,1,4.6,1.9,4.78,9.4,0.632,13,1,84.6,17.7,27.9,1.0,0.01541,0.01371,0.50877,0.63234,0.9675,0.95,0.69245,0.02857,0,0.39674,0,0,0,0
Ahmedabad,0,11.9,1.2,4.77,8.5,0.418,53,2,54.9,21.3,31.5,0.0,0.03955,0.00871,0.56078,0.41762,0.8675,0.9,0.09777,0.05714,0.01668,0.57432,0,0,0,0
Dang,1,74.6,37.3,4.95,6.4,0.946,975,27,79.2,5.1,24.5,0.0,0.24855,0.26621,0.77302,0.94552,0,0,0.58331,0.77143,0,0.22436,0,1,0,0
Porbandar,1,53.5,39.7,4.11,6.2,0.601,8,1,84.4,25.9,27.9,1.0,0.17834,0.28391,0.6626,0.60105,0.98,0.95,0.68891,0.02857,0.07399,0.39593,0,0,0,1
Patan,0,7.3,3.3,3.21,6.0,0.15,70,1,55.5,10.8,32.7,0.0,0.02426,0.02366,0.53468,0.15001,0.825,0.95,0.10907,0.02857,0,0.63557,0,0,0,0
Valsad,1,128.4,104.5,6.69,7.0,1.0,12,2,97.8,30.3,24.2,1.0,0.42807,0.74625,0.95611,1.0,0.97,0.9,0.95511,0.05714,0.12911,0.20919,1,0,0,1
Rajkot,1,12.3,5.3,2.84,7.2,0.482,134,3,79.4,8.0,24.9,0.0,0.04095,0.03785,0.39493,0.48214,0.665,0.85,0.58839,0.08571,0,0.24634,0,0,0,0
Surat,0,3.8,2.0,3.78,9.4,0.572,13,1,53.6,19.2,33.5,1.0,0.01271,0.01408,0.40214,0.57171,0.9675,0.95,0.07258,0.02857,0,0.67536,0,0,0,0
Surat,1,55.2,32.8,6.77,9.4,0.996,13,1,82.8,3.0,27.0,1.0,0.18385,0.23437,0.71979,0.99605,0.9675,0.95,0.65521,0.02857,0,0.35004,1,0,0,1
Bhavnagar,0,8.1,1.4,3.8,7.4,0.304,24,2,61.5,9.5,27.9,1.0,0.02685,0.00988,0.51351,0.30437,0.94,0.9,0.22926,0.05714,0,0.39674,0,0,0,0
Vadodara,0,8.8,2.4,4.21,8.0,0.488,39,2,59.0,40.0,32.9,0.0,0.02945,0.01715,0.52676,0.48845,0.9025,0.9,0.18088,0.05714,0.25011,0.64653,0,0,0,0
Rajkot,1,34.9,25.2,3.37,7.2,0.663,134,3,73.2,13.0,25.0,0.0,0.11621,0.17974,0.46752,0.66291,0.665,0.85,0.46392,0.08571,0,0.24891,0,0,0,0
Valsad,0,25.4,19.6,3.62,7.0,0.609,12,2,43.2,29.7,29.6,1.0,0.08462,0.14035,0.5166,0.6089,0.97,0.9,0,0.05714,0.12103,0.48049,0,0,0,0
Bhavnagar,1,11.7,8.2,4.23,7.4,0.675,24,2,88.4,5.7,27.7,1.0,0.03912,0.05884,0.57114,0.67519,0.94,0.9,0.76724,0.05714,0,0.38453,0,0,0,0
Ahmedabad,1,20.3,15.9,5.21,8.5,0.686,53,2,74.4,3.3,24.0,0.0,0.06755,0.11322,0.61307,0.68619,0.8675,0.9,0.48737,0.05714,0,0.20233,0,0,0,0
Jamnagar,1,24.4,20.8,2.54,6.5,0.646,20,2,89.0,31.8,25.5,1.0,0.08138,0.14822,0.39048,0.64566,0.95,0.9,0.78001,0.05714,0.14789,0.27526,0,0,0,1
Valsad,1,18.2,7.4,3.55,7.0,0.907,12,2,78.3,9.8,27.9,1.0,0.06069,0.0532,0.50646,0.90738,0.97,0.9,0.56699,0.05714,0,0.39479,0,0,0,0
Jamnagar,1,53.6,25.4,2.97,6.5,0.647,20,2,81.4,8.8,21.7,1.0,0.17858,0.18167,0.45707,0.64737,0.95,0.9,0.62722,0.05714,0,0.08253,0,0,0,0
Valsad,1,153.4,86.6,6.4,7.0,0.971,12,2,94.9,10.1,25.9,1.0,0.51134,0.61834,0.9137,0.97101,0.97,0.9,0.89894,0.05714,0,0.2931,1,0,0,1
Surat,1,93.9,56.8,7.55,9.4,0.953,13,1,95.5,7.2,29.2,1.0,0.31312,0.40575,0.80291,0.95295,0.9675,0.95,0.90905,0.02857,0,0.46037,1,0,1,0
Bhavnagar,1,6.6,5.2,3.57,7.4,0.72,24,2,81.9,34.1,29.1,1.0,0.0219,0.0369,0.48207,0.71954,0.94,0.9,0.63834,0.05714,0.17682,0.45537,1,0,0,0
Porbandar,1,9.1,2.4,3.45,6.2,0.639,8,1,77.4,36.0,29.2,1.0,0.03044,0.01688,0.55696,0.63936,0.98,0.95,0.54844,0.02857,0.20035,0.46198,0,0,0,0
Jamnagar,1,31.2,4.8,4.03,6.5,0.684,20,2,85.8,35.8,27.4,1.0,0.10413,0.03423,0.61987,0.68447,0.95,0.9,0.71548,0.05714,0.19812,0.37135,0,0,1,1
Vadodara,1,19.3,4.5,4.39,8.0,0.802,39,2,76.9,12.4,29.9,0.0,0.0642,0.0318,0.54855,0.80153,0.9025,0.9,0.5382,0.05714,0,0.49568,0,0,0,0
Dang,0,13.4,11.4,2.02,6.4,0.654,975,27,52.5,45.0,31.2,0.0,0.04476,0.08153,0.31576,0.65387,0,0,0.05092,0.77143,0.31241,0.55753,1,0,0,0
Surat,0,4.2,2.4,2.78,9.4,0.439,13,1,51.8,69.3,29.9,1.0,0.01415,0.01688,0.29541,0.43884,0.9675,0.95,0.03567,0.02857,0.61667,0.49334,0,0,0,0
Dang,1,138.0,62.5,5.56,6.4,1.0,975,27,88.4,10.3,23.6,0.0,0.46006,0.44623,0.86802,1.0,0,0,0.76762,0.77143,0,0.18163,0,0,0,0
Patan,0,3.2,1.6,2.56,6.0,0.283,70,1,65.4,2,31.8,0.0,0.01052,0.0116,0.42628,0.28309,0.825,0.95,0.3085,0.02857,0,0.58846,1,0,0,0
Dang,0,8.7,1.8,2.83,6.4,0.568,975,27,39.2,7.0,34.6,0.0,0.02887,0.01252,0.44255,0.56828,0,0,0,0.77143,0,0.73188,0,0,0,0
Bhuj,0,0.4,0.1,2.49,5.8,0.233,110,4,53.3,27.6,32.2,1.0,0.00139,0.001,0.42868,0.23266,0.725,0.8,0.06699,0.11429,0.09553,0.60805,0,0,0,0
Surat,1,47.3,6.1,5.85,9.4,0.825,13,1,85.1,5.5,25.8,1.0,0.15771,0.04346,0.62257,0.82516,0.9675,0.95,0.70202,0.02857,0,0.29225,0,0,0,0
Jamnagar,1,22.4,4.8,3.8,6.5,0.614,20,2,90.0,12.4,27.9,1.0,0.07468,0.03399,0.58463,0.61368,0.95,0.9,0.80055,0.05714,0,0.39329,0,0,0,0
Bhavnagar,1,71.3,33.2,5.79,7.4,0.808,24,2,87.9,29.5,32.2,1.0,0.23773,0.23684,0.78179,0.80828,0.94,0.9,0.75869,0.05714,0.11923,0.61089,1,0,1,0
Patan,1,13.6,4.6,3.56,6.0,0.571,70,1,84.5,18.8,26.0,0.0,0.04524,0.03312,0.5932,0.57069,0.825,0.95,0.69049,0.02857,0,0.30089,0,0,0,0
Bhuj,1,22.5,8.9,2.76,5.8,0.448,110,4,73.4,8.7,25.8,1.0,0.07492,0.06322,0.47607,0.44792,0.725,0.8,0.46769,0.11429,0,0.2883,0,0,0,0
Surat,1,44.2,11.3,6.04,9.4,1.0,13,1,91.3,11.2,22.7,1.0,0.14732,0.08054,0.64301,1.0,0.9675,0.95,0.82587,0.02857,0,0.13442,1,0,1,0
Bhuj,0,1.9,0.9,1.95,5.8,0.149,110,4,56.6,40.7,30.6,1.0,0.00626,0.00616,0.3355,0.14919,0.725,0.8,0.13226,0.11429,0.2585,0.52896,0,0,0,0
Dang,1,127.0,98.8,5.81,6.4,0.995,975,27,84.2,18.6,27.0,0.0,0.42341,0.70598,0.90724,0.99538,0,0,0.68344,0.77143,0,0.34809,1,1,0,0
Dang,0,3.4,1.2,3.24,6.4,0.648,975,27,57.9,21.2,32.2,0.0,0.01118,0.00883,0.50682,0.64842,0,0,0.15741,0.77143,0.01518,0.6096,0,1,0,0
Surat,1,55.3,36.2,6.63,9.4,0.812,13,1,84.9,8.2,25.5,1.0,0.18447,0.25846,0.70563,0.8124,0.9675,0.95,0.69749,0.02857,0,0.27387,0,0,0,1
Valsad,1,45.9,5.5,4.8,7.0,0.88,12,2,83.3,9.4,26.2,1.0,0.153,0.03896,0.68603,0.87965,0.97,0.9,0.66641,0.05714,0,0.31051,1,0,0,0
Bhuj,1,10.6,5.3,1.92,5.8,0.496,110,4,98.0,40.3,27.7,1.0,0.03535,0.0381,0.33091,0.49575,0.725,0.8,0.9604,0.11429,0.25387,0.38681,1,0,1,0
Vadodara,1,19.0,12.8,5.24,8.0,0.759,39,2,81.1,23.5,30.9,0.0,0.06349,0.0916,0.65513,0.75877,0.9025,0.9,0.62144,0.05714,0.04392,0.54434,0,0,0,0
Surat,1,23.1,11.0,5.42,9.4,0.818,13,1,72.2,18.1,29.3,1.0,0.07713,0.07863,0.57647,0.81773,0.9675,0.95,0.44394,0.02857,0,0.46685,1,0,0,0
Navsari,0,10.1,8.3,3.73,7.3,0.606,11,1,40.3,13.0,30.9,1.0,0.03377,0.05907,0.51119,0.60613,0.9725,0.95,0,0.02857,0,0.54695,0,0,0,0
Jamnagar,0,1.2,0.9,1.98,6.5,0.313,20,2,67.6,12.1,35.2,1.0,0.00416,0.00673,0.30484,0.31279,0.95,0.9,0.35188,0.05714,0,0.76188,0,0,0,0
Vadodara,1,30.7,15.4,5.39,8.0,0.892,39,2,68.6,21.0,25.9,0.0,0.10221,0.11013,0.67406,0.89189,0.9025,0.9,0.37214,0.05714,0.01241,0.29438,1,0,0,0
Surat,1,48.4,16.2,5.69,9.4,0.903,13,1,76.2,6.4,23.3,1.0,0.16123,0.11594,0.60515,0.90299,0.9675,0.95,0.52323,0.02857,0,0.16265,0,0,0,0
Jamnagar,1,37.7,13.6,3.81,6.5,0.721,20,2,90.0,12.8,24.8,1.0,0.12556,0.09746,0.58655,0.72115,0.95,0.9,0.79965,0.05714,0,0.24048,0,0,0,0
Bhavnagar,1,13.5,1.0,3.67,7.4,0.71,24,2,79.6,33.4,25.2,1.0,0.04512,0.00718,0.49552,0.70976,0.94,0.9,0.59255,0.05714,0.16715,0.26024,0,0,0,0
Bhuj,0,2.9,0.9,1.89,5.8,0.029,110,4,49.0,8.2,30.6,1.0,0.00981,0.00648,0.32609,0.02882,0.725,0.8,0,0.11429,0,0.5282,0,0,0,0
Rajkot,1,55.7,45.2,4.97,7.2,0.544,134,3,80.2,7.2,26.6,0.0,0.1857,0.32316,0.69093,0.54411,0.665,0.85,0.60311,0.08571,0,0.3321,0,0,0,0
Patan,0,1.5,1.0,1.74,6.0,0.071,70,1,49.8,13.6,33.0,0.0,0.00484,0.00681,0.28992,0.07087,0.825,0.95,0,0.02857,0,0.65159,0,0,0,1
Ahmedabad,0,5.5,3.0,3.73,8.5,0.459,53,2,68.9,10.4,30.9,0.0,0.01818,0.02175,0.43872,0.45902,0.8675,0.9,0.37833,0.05714,0,0.54533,0,0,0,0
Rajkot,1,19.9,10.1,3.08,7.2,0.491,134,3,77.5,16.7,23.8,0.0,0.06617,0.07226,0.42738,0.49096,0.665,0.85,0.55076,0.08571,0,0.19237,0,0,0,0
Valsad,0,4.1,2.1,3.26,7.0,0.431,12,2,47.1,16.4,29.6,1.0,0.01378,0.01474,0.46618,0.4313,0.97,0.9,0,0.05714,0,0.48128,0,0,0,0
Porbandar,0,5.3,1.1,2.95,6.2,0.291,8,1,43.9,34.0,34.4,1.0,0.01771,0.00751,0.47537,0.29134,0.98,0.95,0,0.02857,0.17537,0.722,1,0,0,0
Vadodara,0,5.5,3.9,3.64,8.0,0.398,39,2,40.9,27.0,28.5,0.0,0.01845,0.02814,0.4553,0.39778,0.9025,0.9,0,0.05714,0.08729,0.42717,0,0,0,0
Surat,1,14.2,5.7,4.93,9.4,0.809,13,1,74.9,53.1,26.4,1.0,0.0473,0.04042,0.52434,0.80935,0.9675,0.95,0.4985,0.02857,0.4136,0.31855,0,0,1,0
Dang,1,11.4,9.7,2.74,6.4,0.886,975,27,81.1,18.5,29.2,0.0,0.03785,0.06895,0.42848,0.88553,0,0,0.62251,0.77143,0,0.4594,1,0,0,0
Ahmedabad,1,29.2,11.4,5.19,8.5,0.834,53,2,77.9,13.3,30.9,0.0,0.09742,0.08135,0.61016,0.83414,0.8675,0.9,0.55816,0.05714,0,0.54537,0,0,0,0
Dang,1,40.9,4.4,4.29,6.4,1.0,975,27,85.2,12.2,27.0,0.0,0.1364,0.03137,0.66963,1.0,0,0,0.70377,0.77143,0,0.34834,0,0,0,0
Porbandar,1,26.6,14.4,3.22,6.2,0.68,8,1,74.4,24.8,27.1,1.0,0.08876,0.10305,0.51993,0.67959,0.98,0.95,0.48759,0.02857,0.05943,0.35564,1,0,0,0
Dang,0,5.9,1.6,3.62,6.4,0.716,975,27,57.7,35.0,31.6,0.0,0.01967,0.01163,0.56547,0.71607,0,0,0.15463,0.77143,0.18802,0.57767,0,0,0,0
Bhavnagar,1,9.8,1.8,4.3,7.4,0.875,24,2,71.0,4.6,30.3,1.0,0.03258,0.01279,0.58175,0.87478,0.94,0.9,0.42048,0.05714,0,0.51603,1,0,0,0
Bhuj,0,0.7,0.3,2.94,5.8,0.023,110,4,44.1,9.4,28.4,1.0,0.00238,0.00204,0.50635,0.02276,0.725,0.8,0,0.11429,0,0.41851,0,0,0,0
Valsad,1,89.9,43.6,5.12,7.0,0.931,12,2,82.8,3.3,27.4,1.0,0.29968,0.31131,0.7314,0.931,0.97,0.9,0.65572,0.05714,0,0.37073,0,0,0,0
Surat,1,7.0,2.6,5.65,9.4,0.794,13,1,87.4,10.6,26.7,1.0,0.02338,0.01877,0.60063,0.79435,0.9675,0.95,0.7486,0.02857,0,0.33699,0,0,0,1
Patan,0,6.5,1.9,1.6,6.0,0.138,70,1,63.4,7.9,34.9,0.0,0.0218,0.01365,0.26618,0.13765,0.825,0.95,0.26759,0.02857,0,0.74276,0,0,0,0
Dang,1,16.1,6.4,3.54,6.4,0.899,975,27,80.1,39.0,27.3,0.0,0.0535,0.0458,0.55239,0.89939,0,0,0.60142,0.77143,0.23705,0.36349,0,0,0,0
Bhavnagar,1,59.9,13.8,4.99,7.4,0.826,24,2,88.2,17.8,27.4,1.0,0.19959,0.09828,0.67487,0.82634,0.94,0.9,0.7634,0.05714,0,0.37238,0,0,0,1
Bhuj,0,2.3,1.3,1.5,5.8,0.106,110,4,53.8,31.2,35.4,1.0,0.00781,0.00906,0.25941,0.10609,0.725,0.8,0.07629,0.11429,0.13959,0.76908,0,0,0,0
Bhuj,0,0.4,0.1,2.5,5.8,0.212,110,4,56.2,2.8,31.5,1.0,0.00125,0.00089,0.43115,0.21214,0.725,0.8,0.12367,0.11429,0,0.57323,0,0,0,0
Bhavnagar,0,4.1,2.1,3.71,7.4,0.421,24,2,56.2,18.6,29.6,1.0,0.01355,0.01477,0.50171,0.42083,0.94,0.9,0.12387,0.05714,0,0.47849,0,0,0,0
Porbandar,1,52.9,17.5,3.48,6.2,0.79,8,1,76.8,8.0,28.6,1.0,0.17638,0.1251,0.56069,0.79021,0.98,0.95,0.53574,0.02857,0,0.43157,0,0,0,0
Bhuj,1,1.9,1.3,1.98,5.8,0.503,110,4,71.0,32.8,26.8,1.0,0.00622,0.00957,0.34077,0.50341,0.725,0.8,0.42008,0.11429,0.15941,0.33783,0,0,0,0
Vadodara,1,3.5,0.5,3.06,8.0,0.68,39,2,69.9,16.7,30.8,0.0,0.01166,0.00356,0.38208,0.6802,0.9025,0.9,0.3978,0.05714,0,0.5393,0,0,0,0
Rajkot,1,11.2,6.8,3.54,7.2,0.529,134,3,64.6,7.7,26.7,0.0,0.03726,0.04856,0.492,0.52925,0.665,0.85,0.29249,0.08571,0,0.33511,0,0,0,0
Jamnagar,0,2.0,1.2,2.29,6.5,0.37,20,2,58.4,6.4,34.7,1.0,0.00662,0.00827,0.35213,0.3695,0.95,0.9,0.1672,0.05714,0,0.73742,0,0,0,0
Porbandar,1,61.8,16.3,4.3,6.2,0.702,8,1,73.9,82.0,29.9,1.0,0.20609,0.11668,0.69335,0.70189,0.98,0.95,0.4782,0.02857,0.77487,0.49492,0,0,1,0
Vadodara,0,3.2,1.0,3.25,8.0,0.335,39,2,53.1,15.5,34.0,0.0,0.01056,0.0074,0.40638,0.33494,0.9025,0.9,0.06178,0.05714,0,0.70106,0,0,0,0
Navsari,1,5.5,0.7,3.96,7.3,0.881,11,1,81.3,5.4,27.6,1.0,0.01841,0.00477,0.54237,0.88069,0.9725,0.95,0.62571,0.02857,0,0.37777,0,0,0,0
Dang,1,26.0,16.0,4.3,6.4,0.917,975,27,81.2,14.7,24.8,0.0,0.08677,0.11429,0.6725,0.91699,0,0,0.62326,0.77143,0,0.24198,0,0,0,0
Dang,1,53.4,17.6,4.47,6.4,1.0,975,27,84.0,11.3,25.8,0.0,0.17803,0.12584,0.69899,1.0,0,0,0.68053,0.77143,0,0.29132,0,1,0,0
Dang,1,50.2,29.6,4.54,6.4,0.936,975,27,80.7,25.5,26.1,0.0,0.16727,0.21172,0.71015,0.93618,0,0,0.61337,0.77143,0.06936,0.30625,0,0,0,1
Jamnagar,0,1.6,1.2,2.07,6.5,0.295,20,2,44.3,54.2,34.4,1.0,0.00542,0.00829,0.31835,0.29509,0.95,0.9,0,0.05714,0.42705,0.71784,0,0,0,0
Valsad,0,17.0,6.1,3.11,7.0,0.61,12,2,52.1,20.2,31.5,1.0,0.05673,0.04388,0.44473,0.6105,0.97,0.9,0.04113,0.05714,0.00277,0.57552,0,0,0,0
Patan,1,4.9,1.6,1.6,6.0,0.566,70,1,90.3,4.5,29.1,0.0,0.01637,0.01133,0.26629,0.56586,0.825,0.95,0.80578,0.02857,0,0.45421,0,0,0,0
Navsari,1,46.7,5.4,4.7,7.3,0.854,11,1,90.7,40.7,26.6,1.0,0.1555,0.03862,0.64376,0.85358,0.9725,0.95,0.81388,0.02857,0.25822,0.33092,1,0,0,0
Ahmedabad,1,19.4,4.3,4.07,8.5,0.742,53,2,76.0,9.6,27.7,0.0,0.06483,0.03045,0.47917,0.74227,0.8675,0.9,0.5204,0.05714,0,0.38319,0,1,0,0
Porbandar,1,50.4,20.5,3.56,6.2,0.844,8,1,85.0,4.5,24.8,1.0,0.16788,0.1466,0.57429,0.84406,0.98,0.95,0.70079,0.02857,0,0.24027,1,0,0,0
Vadodara,0,9.9,7.5,3.21,8.0,0.376,39,2,47.8,36.3,32.7,0.0,0.03293,0.05338,0.4015,0.37618,0.9025,0.9,0,0.05714,0.20319,0.63565,0,0,0,0
Rajkot,0,1.9,1.0,3.03,7.2,0.327,134,3,41.0,9.0,32.7,0.0,0.00618,0.00712,0.42062,0.32739,0.665,0.85,0,0.08571,0,0.63563,0,0,0,0
Jamnagar,1,54.0,25.9,3.54,6.5,0.768,20,2,70.8,5.4,29.2,1.0,0.17996,0.18535,0.5444,0.76783,0.95,0.9,0.41601,0.05714,0,0.46229,0,0,0,0
Dang,0,14.9,7.8,3.22,6.4,0.7,975,27,45.6,4.1,33.7,0.0,0.04973,0.05559,0.50332,0.69961,0,0,0,0.77143,0,0.68711,0,0,0,0
Porbandar,1,16.7,4.8,4.16,6.2,0.8,8,1,78.4,3.6,24.9,1.0,0.05581,0.03396,0.67089,0.80008,0.98,0.95,0.56712,0.02857,0,0.24439,0,0,0,1
Vadodara,1,19.1,13.1,4.63,8.0,0.783,39,2,82.1,18.8,26.0,0.0,0.06375,0.09388,0.57921,0.78321,0.9025,0.9,0.64137,0.05714,0,0.30028,0,0,0,0
Surat,1,19.0,3.6,5.13,9.4,0.949,13,1,75.0,8.7,27.5,1.0,0.06321,0.02563,0.54537,0.94936,0.9675,0.95,0.49967,0.02857,0,0.37657,0,0,0,0
Bhuj,0,2.2,1.6,1.5,5.8,0.134,110,4,52.4,8.1,30.7,1.0,0.00748,0.01172,0.25843,0.13402,0.725,0.8,0.0479,0.11429,0,0.53675,0,0,1,0
Ahmedabad,0,12.0,5.6,4.11,8.5,0.497,53,2,64.7,23.8,31.8,0.0,0.03998,0.04025,0.48364,0.49703,0.8675,0.9,0.29336,0.05714,0.04776,0.59165,0,0,0,0
Bhuj,0,0.9,0.3,1.61,5.8,0.113,110,4,56.7,27.3,32.3,1.0,0.00314,0.00235,0.27782,0.11276,0.725,0.8,0.13398,0.11429,0.09142,0.61378,0,0,0,0
Surat,1,64.5,51.9,6.72,9.4,0.843,13,1,83.6,17.7,25.9,1.0,0.21512,0.37082,0.71542,0.84253,0.9675,0.95,0.67143,0.02857,0,0.29696,0,0,0,1
Bhavnagar,1,40.3,29.9,4.26,7.4,0.716,24,2,68.5,16.9,25.0,1.0,0.13446,0.21338,0.57531,0.71622,0.94,0.9,0.36996,0.05714,0,0.25108,0,0,0,0
Bhavnagar,0,10.3,5.5,2.47,7.4,0.341,24,2,58.6,8.8,36.5,1.0,0.0344,0.03916,0.33361,0.34093,0.94,0.9,0.17143,0.05714,0,0.82717,0,0,0,0
Vadodara,1,28.3,24.1,4.8,8.0,0.705,39,2,77.1,10.4,26.6,0.0,0.09435,0.17185,0.60028,0.70503,0.9025,0.9,0.54169,0.05714,0,0.33136,1,0,0,0
Surat,0,9.1,3.4,4.82,9.4,0.516,13,1,60.2,9.9,33.2,1.0,0.0302,0.02414,0.51251,0.51587,0.9675,0.95,0.204,0.02857,0,0.66247,0,0,0,0
Patan,1,2.7,1.2,1.52,6.0,0.458,70,1,75.0,12.9,26.0,0.0,0.00916,0.0083,0.25281,0.45833,0.825,0.95,0.49961,0.02857,0,0.3013,0,0,0,0
Dang,1,29.6,11.0,4.17,6.4,0.986,975,27,86.3,22.8,24.9,0.0,0.09854,0.07862,0.65082,0.9864,0,0,0.72571,0.77143,0.03486,0.24386,0,1,0,0
Navsari,0,15.5,4.2,3.22,7.3,0.439,11,1,47.7,8.2,36.0,1.0,0.05167,0.02984,0.4415,0.43941,0.9725,0.95,0,0.02857,0,0.79771,1,0,0,0
Jamnagar,1,23.7,6.1,3.76,6.5,0.71,20,2,92.0,35.6,29.4,1.0,0.07892,0.04368,0.57773,0.71033,0.95,0.9,0.84036,0.05714,0.19487,0.47142,0,0,1,0
Bhuj,0,3.5,2.0,1.99,5.8,0.241,110,4,52.1,41.9,30.3,1.0,0.01161,0.01403,0.34311,0.24136,0.725,0.8,0.041,0.11429,0.27374,0.51352,0,0,0,0
Porbandar,1,9.1,3.2,2.35,6.2,0.689,8,1,82.4,10.7,27.8,1.0,0.03035,0.02286,0.37956,0.68884,0.98,0.95,0.64702,0.02857,0,0.39211,0,0,0,0
Bhuj,1,34.6,24.7,3.41,5.8,0.54,110,4,89.5,32.0,28.0,1.0,0.11541,0.17673,0.58722,0.54048,0.725,0.8,0.78972,0.11429,0.15041,0.39778,1,0,0,0
Jamnagar,0,9.6,2.8,1.47,6.5,0.297,20,2,65.7,29.3,31.9,1.0,0.03205,0.02015,0.22688,0.29708,0.95,0.9,0.31385,0.05714,0.11578,0.59646,0,0,0,0
Vadodara,1,7.7,4.4,3.53,8.0,0.774,39,2,84.8,23.3,28.2,0.0,0.02557,0.03121,0.44154,0.77443,0.9025,0.9,0.69603,0.05714,0.04071,0.40788,1,0,0,0
Surat,1,62.0,40.3,5.96,9.4,0.98,13,1,79.5,13.7,25.9,1.0,0.2067,0.28792,0.63421,0.97956,0.9675,0.95,0.59093,0.02857,0,0.2952,1,0,1,1
Vadodara,1,43.9,3.0,4.3,8.0,0.847,39,2,92.3,19.7,29.3,0.0,0.14629,0.02127,0.53761,0.8473,0.9025,0.9,0.84606,0.05714,0,0.46412,0,0,1,0
Ahmedabad,0,12.7,5.4,2.99,8.5,0.379,53,2,60.6,47.4,35.8,0.0,0.04233,0.03827,0.35194,0.37863,0.8675,0.9,0.21226,0.05714,0.34248,0.78946,0,0,0,0
Valsad,1,108.6,40.0,6.36,7.0,1.0,12,2,85.4,31.0,25.4,1.0,0.36211,0.2859,0.90838,1.0,0.97,0.9,0.7074,0.05714,0.13765,0.27017,1,0,0,0
Rajkot,1,24.3,16.9,2.62,7.2,0.586,134,3,73.8,6.8,26.0,0.0,0.08116,0.12039,0.36327,0.58557,0.665,0.85,0.47554,0.08571,0,0.30171,0,1,0,0
Rajkot,1,16.3,7.3,3.6,7.2,0.616,134,3,85.9,7.3,31.2,0.0,0.05443,0.05232,0.49991,0.61629,0.665,0.85,0.71723,0.08571,0,0.56129,0,0,0,0
Vadodara,0,0.9,0.6,2.91,8.0,0.418,39,2,55.0,15.6,32.4,0.0,0.00317,0.00406,0.36407,0.41838,0.9025,0.9,0.10057,0.05714,0,0.62128,0,0,0,0
Surat,0,6.7,1.6,4.47,9.4,0.553,13,1,61.9,16.5,33.8,1.0,0.02227,0.01116,0.47602,0.55333,0.9675,0.95,0.23743,0.02857,0,0.69084,0,0,0,0
Navsari,1,74.9,29.6,4.53,7.3,1.0,11,1,81.1,18.8,23.3,1.0,0.24968,0.2114,0.62062,1.0,0.9725,0.95,0.62204,0.02857,0,0.16704,1,0,0,0
Valsad,0,18.3,4.6,3.01,7.0,0.632,12,2,50.7,7.6,30.3,1.0,0.06088,0.03293,0.43049,0.63223,0.97,0.9,0.01393,0.05714,0,0.51277,0,0,0,0
Valsad,1,63.1,12.8,4.04,7.0,0.927,12,2,86.8,6.9,28.8,1.0,0.21023,0.09154,0.57676,0.92685,0.97,0.9,0.73679,0.05714,0,0.43993,0,0,0,0
Patan,1,14.3,6.5,3.09,6.0,0.594,70,1,77.4,7.8,23.9,0.0,0.04757,0.04616,0.51469,0.59384,0.825,0.95,0.54841,0.02857,0,0.19543,1,0,0,0
Navsari,1,106.1,57.9,5.22,7.3,0.953,11,1,83.0,20.7,26.1,1.0,0.35364,0.41353,0.71566,0.95313,0.9725,0.95,0.66096,0.02857,0.00931,0.30512,0,0,0,0
Ahmedabad,1,24.9,8.4,4.09,8.5,0.778,53,2,67.1,37.0,31.5,0.0,0.08287,0.05991,0.48159,0.77804,0.8675,0.9,0.3426,0.05714,0.21244,0.57673,0,0,0,0
Bhavnagar,0,4.9,2.4,3.38,7.4,0.331,24,2,55.4,37.2,31.7,1.0,0.01636,0.01728,0.45717,0.33128,0.94,0.9,0.10799,0.05714,0.21493,0.5825,0,0,0,0
Dang,1,79.3,59.4,5.2,6.4,0.898,975,27,74.4,41.8,25.2,0.0,0.26433,0.42453,0.81321,0.89788,0,0,0.48707,0.77143,0.27223,0.26006,0,1,0,1
Patan,1,1.2,0.5,1.31,6.0,0.486,70,1,81.7,9.5,30.3,0.0,0.00395,0.00334,0.21916,0.48613,0.825,0.95,0.63399,0.02857,0,0.51565,0,0,0,0
Surat,1,32.3,3.8,5.55,9.4,0.89,13,1,89.5,24.1,27.9,1.0,0.10766,0.02696,0.59061,0.88987,0.9675,0.95,0.7891,0.02857,0.05181,0.39671,1,0,0,0
Rajkot,0,2.4,0.8,2.45,7.2,0.31,134,3,51.6,12.5,33.2,0.0,0.00784,0.00599,0.34023,0.31006,0.665,0.85,0.03283,0.08571,0,0.66133,0,0,0,0
Surat,1,11.2,5.4,4.93,9.4,0.975,13,1,84.7,20.0,27.8,1.0,0.03723,0.03857,0.52466,0.97534,0.9675,0.95,0.69317,0.02857,0.00016,0.38769,1,0,0,0
Vadodara,1,18.6,15.1,4.41,8.0,0.726,39,2,86.1,7.4,26.8,0.0,0.06206,0.10788,0.55171,0.72568,0.9025,0.9,0.72281,0.05714,0,0.3401,0,0,0,0
Valsad,1,196.6,70.4,6.48,7.0,1.0,12,2,81.4,6.3,23.9,1.0,0.65524,0.50259,0.92539,1.0,0.97,0.9,0.62788,0.05714,0,0.19462,1,1,0,1
Rajkot,0,9.3,4.5,2.84,7.2,0.377,134,3,52.3,53.0,34.9,0.0,0.03115,0.03247,0.39383,0.37718,0.665,0.85,0.04662,0.08571,0.41251,0.74483,0,0,0,0
Dang,1,38.4,23.6,4.12,6.4,0.838,975,27,76.0,2.6,28.7,0.0,0.12808,0.16844,0.64358,0.83785,0,0,0.5197,0.77143,0,0.43534,0,0,0,1
Dang,1,12.3,5.3,3.91,6.4,0.875,975,27,82.4,39.1,22.6,0.0,0.04084,0.03792,0.61129,0.87478,0,0,0.64727,0.77143,0.23875,0.13051,0,0,0,0
Bhavnagar,0,8.8,3.3,2.66,7.4,0.397,24,2,50.3,14.5,33.7,1.0,0.02947,0.02367,0.35946,0.39677,0.94,0.9,0.00538,0.05714,0,0.68573,0,0,0,0
Rajkot,0,6.1,1.4,2.35,7.2,0.303,134,3,37.3,13.7,31.5,0.0,0.02046,0.00987,0.32605,0.3031,0.665,0.85,0,0.08571,0,0.57256,1,0,0,0
Ahmedabad,1,101.8,34.7,6.49,8.5,0.887,53,2,80.6,16.6,24.6,0.0,0.33922,0.24819,0.76408,0.88686,0.8675,0.9,0.61222,0.05714,0,0.2311,0,0,0,0
Surat,0,11.0,4.0,3.67,9.4,0.492,13,1,54.3,12.4,32.6,1.0,0.03673,0.0285,0.39047,0.49162,0.9675,0.95,0.08576,0.02857,0,0.63047,0,0,0,0
Navsari,1,26.2,9.0,3.9,7.3,1.0,11,1,82.9,8.5,29.9,1.0,0.08746,0.06401,0.53371,1.0,0.9725,0.95,0.65789,0.02857,0,0.49549,0,0,0,0
Valsad,1,48.3,17.4,5.12,7.0,1.0,12,2,86.3,7.3,29.2,1.0,0.16113,0.12442,0.73074,1.0,0.97,0.9,0.72529,0.05714,0,0.46098,0,0,0,0
Valsad,0,0.3,0.2,2.98,7.0,0.517,12,2,53.3,9.3,30.8,1.0,0.00099,0.00118,0.42525,0.5172,0.97,0.9,0.06677,0.05714,0,0.53774,0,0,0,0
Navsari,0,17.8,7.4,3.77,7.3,0.643,11,1,46.6,3.1,32.3,1.0,0.05941,0.05315,0.51676,0.64293,0.9725,0.95,0,0.02857,0,0.61746,0,0,0,0
Bhuj,1,17.0,7.4,2.39,5.8,0.416,110,4,80.7,7.5,25.4,1.0,0.05665,0.05264,0.41251,0.41623,0.725,0.8,0.61304,0.11429,0,0.2725,0,0,0,0
Patan,0,3.7,0.5,2.53,6.0,0.063,70,1,63.5,2.7,33.5,0.0,0.01222,0.00338,0.42239,0.06294,0.825,0.95,0.26957,0.02857,0,0.67399,1,0,0,0
Vadodara,1,37.9,13.6,4.7,8.0,0.867,39,2,79.9,49.3,27.1,0.0,0.12625,0.09732,0.58806,0.86679,0.9025,0.9,0.59835,0.05714,0.36635,0.35418,1,0,0,1
Ahmedabad,1,88.2,24.3,5.96,8.5,0.957,53,2,84.3,37.3,25.3,0.0,0.29416,0.17339,0.70113,0.9571,0.8675,0.9,0.68683,0.05714,0.21615,0.26557,1,0,0,0
Ahmedabad,1,54.6,27.0,5.19,8.5,0.83,53,2,90.0,7.4,26.2,0.0,0.18194,0.19286,0.61101,0.83039,0.8675,0.9,0.79966,0.05714,0,0.30856,0,0,0,0
Surat,0,16.3,2.6,3.55,9.4,0.554,13,1,52.9,22.4,32.4,1.0,0.05433,0.0187,0.37794,0.55367,0.9675,0.95,0.05788,0.02857,0.02998,0.62203,0,0,0,0
Bhavnagar,1,10.0,2.9,3.9,7.4,0.667,24,2,79.8,112.5,26.1,1.0,0.03335,0.02049,0.52657,0.66728,0.94,0.9,0.59601,0.05714,1,0.3029,0,0,1,0
Surat,1,53.1,22.7,6.74,9.4,0.943,13,1,77.7,37.2,26.6,1.0,0.17692,0.16245,0.71687,0.94297,0.9675,0.95,0.55479,0.02857,0.21442,0.33054,1,0,0,0
Dang,0,12.9,7.1,3.71,6.4,0.616,975,27,57.0,17.5,31.8,0.0,0.04292,0.05054,0.58045,0.61621,0,0,0.13946,0.77143,0,0.59099,0,0,0,0
Navsari,0,4.0,1.7,3.13,7.3,0.562,11,1,61.1,14.9,32.5,1.0,0.01323,0.01193,0.4282,0.56197,0.9725,0.95,0.22236,0.02857,0,0.62517,0,0,0,1
Rajkot,0,4.7,1.4,3.18,7.2,0.198,134,3,49.7,31.6,34.5,0.0,0.01574,0.01027,0.44226,0.19833,0.665,0.85,0,0.08571,0.14553,0.72284,0,0,0,0
Bhuj,1,11.8,4.2,2.56,5.8,0.491,110,4,70.7,13.1,29.7,1.0,0.03928,0.02985,0.44064,0.49097,0.725,0.8,0.41432,0.11429,0,0.48473,1,0,0,0
Porbandar,0,3.8,1.1,3.94,6.2,0.38,8,1,57.1,11.1,30.4,1.0,0.01278,0.00801,0.6354,0.37968,0.98,0.95,0.14143,0.02857,0,0.5216,0,0,0,0
Valsad,0,6.6,2.9,3.21,7.0,0.57,12,2,46.1,17.2,32.2,1.0,0.02199,0.02063,0.45873,0.57044,0.97,0.9,0,0.05714,0,0.61155,0,0,0,0
Porbandar,1,31.8,20.2,2.97,6.2,0.726,8,1,80.5,15.7,26.1,1.0,0.10583,0.14397,0.47921,0.72581,0.98,0.95,0.61068,0.02857,0,0.30649,0,0,0,0
Rajkot,0,2.2,0.5,2.4,7.2,0.258,134,3,52.4,7.6,33.5,0.0,0.00745,0.00378,0.33319,0.25813,0.665,0.85,0.04891,0.08571,0,0.67436,0,0,0,0
Surat,1,121.6,73.2,8.32,9.4,0.931,13,1,92.5,12.5,26.6,1.0,0.40529,0.52281,0.88517,0.9314,0.9675,0.95,0.8493,0.02857,0,0.32809,1,0,0,1
Patan,0,3.8,2.4,1.65,6.0,0.201,70,1,51.4,14.4,32.8,0.0,0.0127,0.01712,0.27544,0.20141,0.825,0.95,0.0271,0.02857,0,0.63958,0,0,0,0
Valsad,0,1.3,0.2,3.24,7.0,0.576,12,2,41.0,3.8,29.7,1.0,0.00448,0.00128,0.46218,0.57581,0.97,0.9,0,0.05714,0,0.48382,0,0,0,0
Patan,0,4.0,2.5,2.61,6.0,0.267,70,1,48.3,7.5,33.6,0.0,0.01324,0.0175,0.43563,0.26722,0.825,0.95,0,0.02857,0,0.68128,0,0,0,0
Rajkot,0,3.8,1.3,2.53,7.2,0.295,134,3,57.8,20.0,28.1,0.0,0.0126,0.00958,0.35204,0.2946,0.665,0.85,0.15543,0.08571,0,0.40691,0,0,0,0
Navsari,0,4.8,2.2,3.81,7.3,0.489,11,1,54.0,67.4,29.9,1.0,0.01613,0.0156,0.52142,0.48893,0.9725,0.95,0.0803,0.02857,0.59212,0.496,0,0,0,0
Bhavnagar,1,43.6,5.3,3.18,7.4,0.73,24,2,81.6,31.8,27.3,1.0,0.1453,0.03789,0.42955,0.73002,0.94,0.9,0.63181,0.05714,0.14763,0.36416,0,0,0,1
Vadodara,0,12.3,10.0,3.27,8.0,0.438,39,2,43.4,7.6,27.3,0.0,0.04089,0.07133,0.40894,0.43801,0.9025,0.9,0,0.05714,0,0.36564,1,0,0,0
Rajkot,1,30.3,20.1,4.71,7.2,0.691,134,3,72.9,19.4,26.6,0.0,0.10108,0.1435,0.65355,0.69087,0.665,0.85,0.45846,0.08571,0,0.32963,0,0,0,0
Bhavnagar,1,64.2,10.8,4.56,7.4,0.75,24,2,90.7,15.4,25.3,1.0,0.21406,0.07695,0.61617,0.74962,0.94,0.9,0.81409,0.05714,0,0.26475,1,0,0,0
Patan,1,14.8,2.5,3.07,6.0,0.431,70,1,77.7,8.8,24.1,0.0,0.04932,0.0177,0.51102,0.43102,0.825,0.95,0.55407,0.02857,0,0.20747,0,0,0,0
Valsad,0,13.8,3.6,3.6,7.0,0.594,12,2,55.1,7.8,35.7,1.0,0.04613,0.02587,0.51413,0.59351,0.97,0.9,0.10247,0.05714,0,0.78669,0,0,0,0
Dang,1,83.2,52.3,5.16,6.4,0.982,975,27,99.8,20.5,27.1,0.0,0.27738,0.37351,0.80695,0.9818,0,0,0.99514,0.77143,0.00604,0.35668,0,1,0,1
Patan,1,6.1,1.8,2.71,6.0,0.504,70,1,76.0,47.9,27.3,0.0,0.02036,0.01299,0.45192,0.50355,0.825,0.95,0.52003,0.02857,0.34928,0.36511,0,0,0,0
Vadodara,0,3.4,1.8,2.95,8.0,0.391,39,2,59.5,36.4,34.3,0.0,0.01125,0.01253,0.36829,0.39063,0.9025,0.9,0.18916,0.05714,0.20453,0.71364,0,0,0,0
Vadodara,1,43.0,6.8,4.45,8.0,0.791,39,2,83.4,8.0,25.4,0.0,0.14318,0.04831,0.55663,0.79113,0.9025,0.9,0.66884,0.05714,0,0.2712,0,0,0,0
Ahmedabad,1,5.8,1.6,3.96,8.5,0.841,53,2,69.3,9.0,26.4,0.0,0.01922,0.01158,0.46587,0.8414,0.8675,0.9,0.38604,0.05714,0,0.31927,0,0,0,0
Valsad,1,81.5,23.2,4.4,7.0,0.946,12,2,89.3,29.2,30.2,1.0,0.2717,0.16592,0.62815,0.94616,0.97,0.9,0.78683,0.05714,0.11526,0.50803,0,0,0,0
Ahmedabad,0,14.8,10.1,3.98,8.5,0.56,53,2,66.8,15.5,33.2,0.0,0.04933,0.07243,0.46797,0.55966,0.8675,0.9,0.33646,0.05714,0,0.66035,1,0,0,0
Dang,0,16.9,9.8,3.15,6.4,0.523,975,27,47.8,9.8,32.9,0.0,0.05644,0.07013,0.49191,0.52277,0,0,0,0.77143,0,0.64613,0,0,0,0
Porbandar,0,21.6,4.2,1.33,6.2,0.301,8,1,71.5,23.4,34.3,1.0,0.07201,0.03026,0.21519,0.30065,0.98,0.95,0.42934,0.02857,0.04266,0.71515,0,0,1,0
Bhuj,0,3.4,1.9,1.44,5.8,0.171,110,4,49.0,23.9,35.6,1.0,0.01119,0.01383,0.24765,0.17118,0.725,0.8,0,0.11429,0.04897,0.78139,0,0,0,0
Ahmedabad,1,22.6,3.6,4.51,8.5,0.874,53,2,78.9,15.9,28.8,0.0,0.07522,0.02569,0.53076,0.87443,0.8675,0.9,0.5788,0.05714,0,0.43761,1,0,0,0
Dang,1,149.6,110.7,5.34,6.4,0.938,975,27,81.9,16.3,23.6,0.0,0.49856,0.79094,0.83481,0.93764,0,0,0.63758,0.77143,0,0.18235,1,1,0,0
Porbandar,0,4.1,1.6,2.11,6.2,0.296,8,1,53.6,19.8,31.9,1.0,0.01381,0.01145,0.34008,0.29593,0.98,0.95,0.07111,0.02857,0,0.59677,0,0,0,0
Navsari,0,5.0,1.1,2.56,7.3,0.552,11,1,47.4,48.3,34.1,1.0,0.01683,0.00768,0.35112,0.55161,0.9725,0.95,0,0.02857,0.35391,0.70321,0,0,0,0
Patan,1,32.1,9.5,3.49,6.0,0.542,70,1,79.5,76.7,27.5,0.0,0.10698,0.0675,0.58149,0.54237,0.825,0.95,0.59041,0.02857,0.70866,0.37492,0,0,0,0
Valsad,1,12.1,7.2,3.61,7.0,0.972,12,2,70.7,8.1,28.8,1.0,0.04041,0.05149,0.51616,0.97229,0.97,0.9,0.4132,0.05714,0,0.44195,0,0,0,0
Bhuj,1,1.2,0.4,3.34,5.8,0.479,110,4,79.5,6.4,30.2,1.0,0.00387,0.00266,0.5757,0.47944,0.725,0.8,0.58947,0.11429,0,0.50959,1,0,0,0
Dang,1,142.6,92.3,6.13,6.4,1.0,975,27,96.4,10.0,27.1,0.0,0.47537,0.65915,0.95761,1.0,0,0,0.92828,0.77143,0,0.35345,0,1,0,1
Patan,1,7.6,1.4,1.18,6.0,0.472,70,1,76.9,35.6,26.3,0.0,0.02518,0.01025,0.19683,0.47185,0.825,0.95,0.53808,0.02857,0.19526,0.3125,0,0,0,0
Surat,1,65.8,40.0,5.78,9.4,0.778,13,1,89.2,10.5,25.7,1.0,0.21918,0.28544,0.61444,0.77776,0.9675,0.95,0.78366,0.02857,0,0.28666,1,0,0,1
Surat,1,55.4,24.0,5.79,9.4,0.79,13,1,77.0,51.5,27.2,1.0,0.18458,0.17129,0.61575,0.78971,0.9675,0.95,0.54039,0.02857,0.3943,0.36139,0,0,1,0
Valsad,0,4.8,2.3,2.34,7.0,0.58,12,2,47.3,18.1,32.7,1.0,0.01596,0.01664,0.33461,0.57992,0.97,0.9,0,0.05714,0,0.6364,0,0,0,0
Bhuj,0,1.5,0.3,2.39,5.8,0.047,110,4,48.6,41.7,33.4,1.0,0.00504,0.00232,0.412,0.04689,0.725,0.8,0,0.11429,0.27093,0.66835,0,0,1,0
Ahmedabad,0,2.5,0.3,3.11,8.5,0.442,53,2,46.0,36.8,31.0,0.0,0.00832,0.0018,0.3654,0.44241,0.8675,0.9,0,0.05714,0.21011,0.55012,0,0,0,0
Rajkot,0,2.5,0.9,1.04,7.2,0.138,134,3,70.6,17.7,28.5,0.0,0.00819,0.0061,0.14498,0.1376,0.665,0.85,0.41208,0.08571,0,0.4245,0,0,0,0
Navsari,1,191.5,71.4,7.67,7.3,1.0,11,1,90.5,14.0,25.7,1.0,0.63824,0.51005,1.05087,1.0,0.9725,0.95,0.8092,0.02857,0,0.28591,1,0,0,0
Surat,0,5.9,1.5,5.14,9.4,0.441,13,1,64.5,45.8,31.0,1.0,0.01957,0.01064,0.54658,0.44076,0.9675,0.95,0.28994,0.02857,0.32238,0.54975,0,0,0,0
Ahmedabad,0,6.1,5.2,3.56,8.5,0.433,53,2,49.8,17.2,29.9,0.0,0.0204,0.03715,0.41858,0.43326,0.8675,0.9,0,0.05714,0,0.49487,0,0,0,0
Navsari,0,20.8,8.2,3.05,7.3,0.567,11,1,50.0,21.8,29.5,1.0,0.06943,0.05827,0.41774,0.56729,0.9725,0.95,0,0.02857,0.02312,0.47734,0,0,0,0
Patan,1,6.7,3.9,3.38,6.0,0.483,70,1,80.7,35.5,29.5,0.0,0.02241,0.02785,0.56302,0.48264,0.825,0.95,0.61363,0.02857,0.19329,0.47642,0,0,0,0
Porbandar,0,1.9,1.3,1.92,6.2,0.251,8,1,55.1,9.9,32.8,1.0,0.00642,0.00933,0.30988,0.25135,0.98,0.95,0.10118,0.02857,0,0.63814,0,0,0,0
Dang,1,44.8,10.5,5.13,6.4,0.936,975,27,81.2,6.1,29.3,0.0,0.14923,0.07476,0.80186,0.93613,0,0,0.62484,0.77143,0,0.46581,0,0,0,0
Valsad,0,13.0,10.3,2.89,7.0,0.508,12,2,45.1,16.0,31.6,1.0,0.04342,0.0733,0.41257,0.50787,0.97,0.9,0,0.05714,0,0.58201,0,0,0,0
Surat,1,13.7,1.2,4.2,9.4,0.776,13,1,82.9,18.2,22.2,1.0,0.04576,0.00871,0.44728,0.77628,0.9675,0.95,0.65859,0.02857,0,0.10936,0,0,0,0
Patan,0,2.7,0.6,1.74,6.0,0.215,70,1,46.1,10.4,32.2,0.0,0.00885,0.00451,0.29081,0.21511,0.825,0.95,0,0.02857,0,0.60792,0,0,0,0
Porbandar,1,0.5,0.2,1.65,6.2,0.73,8,1,79.3,104.1,26.4,1.0,0.0018,0.00176,0.26648,0.73028,0.98,0.95,0.58572,0.02857,1,0.3212,0,0,1,0
Dang,1,132.9,40.2,6.22,6.4,1.0,975,27,96.6,19.3,22.8,0.0,0.44295,0.28725,0.97251,1.0,0,0,0.93147,0.77143,0,0.1393,0,1,0,0
Bhavnagar,0,17.6,2.2,2.22,7.4,0.362,24,2,50.6,10.7,30.7,1.0,0.05869,0.01554,0.30067,0.36248,0.94,0.9,0.01296,0.05714,0,0.53613,0,0,0,0
Porbandar,1,38.3,29.7,4.5,6.2,0.795,8,1,86.5,30.0,27.9,1.0,0.1276,0.21192,0.72546,0.79503,0.98,0.95,0.73014,0.02857,0.12486,0.39347,0,0,0,0
Bhavnagar,0,7.2,1.6,3.37,7.4,0.428,24,2,53.4,9.8,30.6,1.0,0.02388,0.01168,0.45521,0.4284,0.94,0.9,0.06883,0.05714,0,0.52896,0,0,0,0
Vadodara,1,62.6,15.8,4.99,8.0,0.796,39,2,89.2,28.6,23.4,0.0,0.20876,0.11272,0.62363,0.79645,0.9025,0.9,0.7838,0.05714,0.10713,0.17017,1,0,0,1
Bhavnagar,0,6.1,1.8,2.48,7.4,0.305,24,2,43.8,11.0,33.0,1.0,0.02036,0.01317,0.33521,0.3051,0.94,0.9,0,0.05714,0,0.64946,0,0,0,0
Ahmedabad,1,47.7,9.9,5.14,8.5,0.835,53,2,81.2,7.4,27.9,0.0,0.15899,0.07046,0.60418,0.83527,0.8675,0.9,0.62441,0.05714,0,0.39572,0,0,0,0
Surat,0,4.0,2.2,3.3,9.4,0.483,13,1,42.9,8.5,30.4,1.0,0.01327,0.01562,0.35055,0.48332,0.9675,0.95,0,0.02857,0,0.51924,0,0,0,0
Bhavnagar,1,7.7,2.6,2.62,7.4,0.619,24,2,85.9,15.3,29.7,1.0,0.02564,0.0183,0.35431,0.61881,0.94,0.9,0.71822,0.05714,0,0.48347,0,0,0,0
Ahmedabad,1,22.8,17.0,3.78,8.5,0.804,53,2,84.0,20.0,26.4,0.0,0.07589,0.12132,0.44479,0.80374,0.8675,0.9,0.68011,0.05714,0,0.32003,0,0,0,0
Dang,0,15.1,5.9,3.21,6.4,0.615,975,27,52.0,42.9,34.2,0.0,0.05032,0.04182,0.50181,0.61483,0,0,0.03906,0.77143,0.28671,0.71129,1,0,1,0
Dang,1,41.3,28.0,4.0,6.4,0.896,975,27,81.7,24.2,27.0,0.0,0.13771,0.19994,0.62544,0.89623,0,0,0.63413,0.77143,0.05252,0.34947,0,0,0,0
Valsad,0,7.9,5.4,3.58,7.0,0.493,12,2,55.6,19.4,32.8,1.0,0.02624,0.03882,0.51201,0.4933,0.97,0.9,0.11185,0.05714,0,0.63774,0,0,0,0
Ahmedabad,1,28.7,1.8,5.28,8.5,0.69,53,2,82.5,27.1,26.4,0.0,0.09562,0.01318,0.62168,0.68996,0.8675,0.9,0.64941,0.05714,0.0883,0.31959,0,0,0,0
Navsari,0,13.0,5.9,3.8,7.3,0.573,11,1,38.3,23.6,33.5,1.0,0.04323,0.04233,0.52012,0.57313,0.9725,0.95,0,0.02857,0.04561,0.67289,0,0,0,0
Bhavnagar,1,31.2,19.4,4.54,7.4,0.614,24,2,80.2,32.8,26.6,1.0,0.10403,0.13847,0.6133,0.61375,0.94,0.9,0.60391,0.05714,0.1605,0.33091,0,0,0,1
Bhavnagar,1,122.7,72.5,6.19,7.4,0.802,24,2,82.2,21.4,24.7,1.0,0.40898,0.51817,0.83632,0.80243,0.94,0.9,0.64387,0.05714,0.01711,0.23524,1,0,0,0
Vadodara,0,1.8,0.5,2.22,8.0,0.317,39,2,56.0,29.5,31.9,0.0,0.00608,0.00369,0.27789,0.31707,0.9025,0.9,0.11946,0.05714,0.11887,0.59716,0,0,0,0
Jamnagar,1,8.3,1.1,3.38,6.5,0.567,20,2,78.1,11.2,25.9,1.0,0.0275,0.00812,0.52029,0.56685,0.95,0.9,0.56253,0.05714,0,0.29737,0,0,0,0
Bhuj,1,28.7,19.7,3.73,5.8,0.54,110,4,81.5,17.9,25.0,1.0,0.09568,0.14089,0.64283,0.54047,0.725,0.8,0.63069,0.11429,0,0.25107,0,0,0,0
Ahmedabad,0,3.1,1.0,2.8,8.5,0.39,53,2,60.6,30.8,33.4,0.0,0.01017,0.00682,0.32967,0.39047,0.8675,0.9,0.21143,0.05714,0.13531,0.66947,0,0,0,0
Patan,0,1.3,0.5,2.05,6.0,0.259,70,1,41.2,43.2,33.8,0.0,0.00417,0.00335,0.34146,0.2592,0.825,0.95,0,0.02857,0.2902,0.68775,0,0,0,0
Jamnagar,1,13.8,6.3,3.46,6.5,0.777,20,2,77.2,2,29.1,1.0,0.04591,0.04521,0.53278,0.77698,0.95,0.9,0.5449,0.05714,0,0.45553,0,0,0,0
Vadodara,0,6.3,5.2,3.4,8.0,0.456,39,2,50.1,21.6,29.7,0.0,0.0209,0.0368,0.42492,0.45638,0.9025,0.9,0.00169,0.05714,0.01959,0.48389,0,0,0,0
Rajkot,1,29.5,15.7,4.75,7.2,0.598,134,3,78.4,5.3,27.1,0.0,0.09845,0.11238,0.66035,0.59825,0.665,0.85,0.56867,0.08571,0,0.35405,0,0,0,0
Dang,1,69.4,33.8,3.64,6.4,0.96,975,27,94.1,15.2,26.5,0.0,0.23145,0.24165,0.56896,0.96009,0,0,0.88117,0.77143,0,0.32475,0,1,0,0
Patan,1,8.0,2.6,2.93,6.0,0.547,70,1,80.2,8.2,29.3,0.0,0.02663,0.01885,0.48796,0.54693,0.825,0.95,0.60425,0.02857,0,0.46291,0,0,0,0
Bhavnagar,0,2.4,0.9,3.71,7.4,0.359,24,2,43.8,33.1,36.0,1.0,0.00801,0.00639,0.50184,0.35938,0.94,0.9,0,0.05714,0.16336,0.79926,0,0,0,0
Porbandar,1,2.6,1.4,3.01,6.2,0.596,8,1,74.8,33.4,26.8,1.0,0.00852,0.01006,0.4848,0.59576,0.98,0.95,0.49538,0.02857,0.1671,0.33855,0,0,0,0
Navsari,0,4.4,1.0,2.56,7.3,0.402,11,1,48.1,30.2,31.1,1.0,0.01451,0.00713,0.35094,0.40247,0.9725,0.95,0,0.02857,0.1273,0.55451,0,0,0,0
Ahmedabad,1,13.7,11.0,4.73,8.5,0.781,53,2,76.6,31.5,27.1,0.0,0.04582,0.07886,0.55652,0.78094,0.8675,0.9,0.53257,0.05714,0.1437,0.35644,0,0,0,0
Vadodara,1,26.2,16.0,3.49,8.0,0.685,39,2,84.1,10.6,28.8,0.0,0.08743,0.11423,0.43647,0.6848,0.9025,0.9,0.68204,0.05714,0,0.44211,1,0,0,0
Dang,1,35.7,10.1,2.97,6.4,0.86,975,27,81.1,7.1,23.5,0.0,0.11887,0.07189,0.4643,0.86036,0,0,0.62143,0.77143,0,0.17316,1,0,0,0
Navsari,1,73.2,41.3,4.38,7.3,0.877,11,1,95.9,14.2,28.6,1.0,0.2439,0.29493,0.59956,0.87691,0.9725,0.95,0.91808,0.02857,0,0.4298,1,0,0,0
Navsari,1,91.8,50.0,5.79,7.3,1.0,11,1,100,18.5,25.2,1.0,0.30605,0.35715,0.79277,1.0,0.9725,0.95,1,0.02857,0,0.26031,0,0,0,0
Ahmedabad,1,96.8,56.1,6.33,8.5,0.842,53,2,80.5,19.6,24.4,0.0,0.32263,0.40083,0.7448,0.84249,0.8675,0.9,0.60974,0.05714,0,0.22088,1,0,0,0
Jamnagar,0,3.3,0.9,2.2,6.5,0.264,20,2,60.4,15.1,31.2,1.0,0.01091,0.00611,0.33825,0.2644,0.95,0.9,0.20841,0.05714,0,0.55854,0,0,1,0
Bhavnagar,1,112.3,35.1,5.74,7.4,0.846,24,2,86.4,13.5,27.2,1.0,0.3745,0.25095,0.77552,0.84644,0.94,0.9,0.72846,0.05714,0,0.35913,0,0,0,0
Porbandar,0,2.2,1.6,2.88,6.2,0.369,8,1,43.9,20.9,33.6,1.0,0.00718,0.0117,0.46443,0.36857,0.98,0.95,0,0.02857,0.01101,0.68055,0,0,0,0
Patan,0,1.9,0.6,2.66,6.0,0.134,70,1,57.3,7.7,32.5,0.0,0.00637,0.00407,0.44416,0.13391,0.825,0.95,0.14536,0.02857,0,0.62698,0,0,0,0
Bhavnagar,1,19.2,2.1,3.99,7.4,0.745,24,2,77.3,14.6,25.3,1.0,0.06403,0.01499,0.5391,0.74546,0.94,0.9,0.54503,0.05714,0,0.26451,0,0,0,0
Porbandar,0,8.4,5.0,2.33,6.2,0.342,8,1,53.8,11.7,29.8,1.0,0.02811,0.03554,0.37541,0.3415,0.98,0.95,0.07598,0.02857,0,0.48887,0,0,0,0
Dang,0,4.6,1.2,3.18,6.4,0.581,975,27,52.4,17.6,32.6,0.0,0.01542,0.00871,0.49697,0.58082,0,0,0.04877,0.77143,0,0.63013,0,0,0,0
Porbandar,0,3.8,1.6,2.46,6.2,0.387,8,1,37.5,16.9,33.2,1.0,0.01256,0.01121,0.39635,0.3875,0.98,0.95,0,0.02857,0,0.66033,0,0,1,0
Ahmedabad,1,3.7,1.6,4.07,8.5,0.857,53,2,69.2,10.0,30.0,0.0,0.01228,0.01168,0.47862,0.85748,0.8675,0.9,0.38433,0.05714,0,0.49968,0,0,0,0
Ahmedabad,1,53.9,33.3,5.0,8.5,0.832,53,2,83.1,18.3,26.9,0.0,0.17978,0.23762,0.58859,0.83156,0.8675,0.9,0.66276,0.05714,0,0.34539,0,0,0,0
Valsad,0,11.4,7.3,4.2,7.0,0.613,12,2,48.0,44.7,31.8,1.0,0.03808,0.05206,0.59963,0.6134,0.97,0.9,0,0.05714,0.30842,0.59116,0,0,0,0
Jamnagar,1,31.3,2.0,3.06,6.5,0.665,20,2,94.4,100.2,28.4,1.0,0.10434,0.01407,0.47088,0.66496,0.95,0.9,0.88892,0.05714,1,0.42151,0,0,1,0
Dang,0,8.1,1.6,2.85,6.4,0.457,975,27,69.9,16.0,30.7,0.0,0.02713,0.01131,0.44601,0.45655,0,0,0.39729,0.77143,0,0.53313,0,0,0,0
Rajkot,0,5.1,4.0,2.54,7.2,0.323,134,3,44.4,11.9,34.9,0.0,0.01703,0.02884,0.35301,0.32313,0.665,0.85,0,0.08571,0,0.74593,0,0,0,0
Vadodara,1,15.4,11.4,3.93,8.0,0.749,39,2,79.3,5.3,27.4,0.0,0.05122,0.08137,0.49129,0.74876,0.9025,0.9,0.5859,0.05714,0,0.37083,0,0,0,0
Dang,1,36.4,16.1,4.51,6.4,1.0,975,27,100,18.0,24.1,0.0,0.12125,0.11489,0.70499,1.0,0,0,1,0.77143,0,0.20278,0,0,0,0
Valsad,1,12.4,1.4,3.7,7.0,0.88,12,2,79.8,77.3,28.9,1.0,0.04145,0.0102,0.52895,0.88003,0.97,0.9,0.59671,0.05714,0.71566,0.44361,0,0,0,0
Porbandar,1,4.1,2.6,2.62,6.2,0.627,8,1,86.6,17.1,30.9,1.0,0.01366,0.01871,0.42252,0.62678,0.98,0.95,0.73199,0.02857,0,0.54574,0,0,0,0
Rajkot,0,3.5,0.9,3.05,7.2,0.256,134,3,51.0,6.1,30.5,0.0,0.01171,0.00646,0.42363,0.25583,0.665,0.85,0.0203,0.08571,0,0.52489,0,0,0,0
Surat,1,43.6,14.8,5.91,9.4,0.868,13,1,90.7,12.8,22.6,1.0,0.14522,0.10549,0.62828,0.86812,0.9675,0.95,0.8143,0.02857,0,0.12843,1,0,0,0
Vadodara,1,19.9,2.6,4.16,8.0,0.773,39,2,81.0,43.5,30.9,0.0,0.06632,0.01826,0.51949,0.77315,0.9025,0.9,0.62026,0.05714,0.29338,0.54692,1,0,0,0
Valsad,1,15.2,10.0,4.52,7.0,0.919,12,2,71.6,6.9,25.7,1.0,0.05082,0.07175,0.64592,0.91934,0.97,0.9,0.43132,0.05714,0,0.28611,0,0,0,1
Vadodara,1,6.3,3.2,3.43,8.0,0.636,39,2,84.4,26.4,28.4,0.0,0.02099,0.02262,0.42861,0.63551,0.9025,0.9,0.68836,0.05714,0.08002,0.4187,0,0,0,0
Patan,1,27.5,12.1,2.41,6.0,0.533,70,1,75.9,19.2,26.2,0.0,0.09168,0.08618,0.40236,0.53301,0.825,0.95,0.51803,0.02857,0,0.30929,0,0,0,0
Surat,1,96.7,22.8,6.53,9.4,0.978,13,1,90.4,4.5,22.8,1.0,0.3222,0.16259,0.69426,0.97806,0.9675,0.95,0.80865,0.02857,0,0.13978,0,0,0,1
Bhuj,0,4.7,1.5,2.82,5.8,0.075,110,4,53.8,40.7,27.2,1.0,0.01575,0.01075,0.48544,0.07527,0.725,0.8,0.07534,0.11429,0.25906,0.36201,0,0,0,0
Porbandar,1,12.1,3.0,3.72,6.2,0.759,8,1,75.1,36.7,27.6,1.0,0.04024,0.02173,0.59957,0.75947,0.98,0.95,0.50227,0.02857,0.20847,0.37931,0,0,0,0
Bhavnagar,0,9.5,4.5,3.06,7.4,0.381,24,2,63.2,7.2,35.8,1.0,0.0316,0.03228,0.41412,0.38088,0.94,0.9,0.26489,0.05714,0,0.7918,0,0,0,0
Bhuj,0,3.1,0.8,1.62,5.8,0.027,110,4,48.2,11.7,31.5,1.0,0.01041,0.00603,0.27952,0.02721,0.725,0.8,0,0.11429,0,0.57682,0,0,0,0
Valsad,1,30.5,6.7,3.49,7.0,0.953,12,2,82.3,19.0,28.8,1.0,0.10153,0.04795,0.49886,0.95346,0.97,0.9,0.64514,0.05714,0,0.43904,0,0,0,0
Jamnagar,1,52.9,21.6,4.2,6.5,0.785,20,2,87.4,9.1,26.2,1.0,0.17649,0.15424,0.64644,0.7852,0.95,0.9,0.74807,0.05714,0,0.30784,0,0,0,0
Bhuj,1,20.4,7.0,2.64,5.8,0.37,110,4,85.0,5.1,27.6,1.0,0.06801,0.05035,0.45487,0.36992,0.725,0.8,0.69961,0.11429,0,0.37792,0,0,0,0
Bhuj,1,5.3,1.8,0.98,5.8,0.448,110,4,69.4,10.9,24.4,1.0,0.01766,0.01321,0.16876,0.44819,0.725,0.8,0.38739,0.11429,0,0.22201,0,0,0,0
Jamnagar,1,44.0,33.0,4.02,6.5,0.739,20,2,87.7,17.0,29.0,1.0,0.14664,0.23562,0.61918,0.73916,0.95,0.9,0.75311,0.05714,0,0.45085,0,0,0,0
Vadodara,0,8.6,3.8,3.46,8.0,0.481,39,2,50.4,9.6,31.5,0.0,0.02877,0.02722,0.43188,0.48057,0.9025,0.9,0.00755,0.05714,0,0.57336,0,0,0,0
Bhavnagar,0,8.6,4.2,3.93,7.4,0.371,24,2,43.1,9.6,32.3,1.0,0.02861,0.03027,0.53143,0.37142,0.94,0.9,0,0.05714,0,0.6144,0,0,0,0
Jamnagar,1,54.5,11.0,3.6,6.5,0.596,20,2,88.6,11.7,25.8,1.0,0.18181,0.07833,0.55403,0.59613,0.95,0.9,0.77184,0.05714,0,0.29137,0,0,0,0
Navsari,1,65.5,23.5,5.25,7.3,0.932,11,1,80.1,28.8,31.2,1.0,0.21828,0.16818,0.71925,0.93202,0.9725,0.95,0.60207,0.02857,0.10983,0.56171,1,0,0,0
Bhuj,0,0.6,0.2,2.35,5.8,0.02,110,4,48.1,34.0,32.9,1.0,0.00196,0.00121,0.40549,0.02003,0.725,0.8,0,0.11429,0.17542,0.64252,0,0,0,0
Porbandar,1,38.5,9.0,4.73,6.2,0.706,8,1,72.0,46.6,27.5,1.0,0.12825,0.06396,0.76211,0.70591,0.98,0.95,0.44055,0.02857,0.33275,0.37491,0,0,0,0
Vadodara,0,7.0,3.3,2.89,8.0,0.454,39,2,45.0,31.7,30.3,0.0,0.02334,0.0238,0.36159,0.45372,0.9025,0.9,0,0.05714,0.14579,0.5129,0,0,0,0
Valsad,0,7.3,5.4,4.53,7.0,0.597,12,2,54.1,6.1,31.1,1.0,0.02443,0.0384,0.64775,0.59684,0.97,0.9,0.08253,0.05714,0,0.55523,0,0,0,0
Dang,1,92.4,38.0,5.13,6.4,1.0,975,27,76.8,2,23.2,0.0,0.30795,0.27121,0.80157,1.0,0,0,0.53665,0.77143,0,0.15844,0,0,0,1
Dang,1,36.5,17.3,5.08,6.4,0.886,975,27,80.8,5.1,26.1,0.0,0.12154,0.12385,0.79327,0.8856,0,0,0.61557,0.77143,0,0.30744,1,1,0,1
Bhuj,0,9.1,6.5,1.76,5.8,0.02,110,4,54.2,156.7,33.0,1.0,0.03035,0.04625,0.30428,0.02,0.725,0.8,0.08393,0.11429,1,0.65031,0,0,0,0
Surat,1,45.4,13.3,5.62,9.4,0.852,13,1,100,36.2,24.6,1.0,0.15117,0.09532,0.598,0.85224,0.9675,0.95,1,0.02857,0.20208,0.23135,0,0,0,0
Bhuj,0,4.3,1.1,0.62,5.8,0.11,110,4,48.0,5.8,32.7,1.0,0.01443,0.0078,0.10698,0.11041,0.725,0.8,0,0.11429,0,0.63505,0,0,0,0
Bhavnagar,1,91.0,20.5,5.89,7.4,0.799,24,2,80.9,11.1,24.9,1.0,0.30332,0.14627,0.79534,0.79914,0.94,0.9,0.61813,0.05714,0,0.24311,0,0,0,0
Valsad,0,5.8,2.9,3.87,7.0,0.472,12,2,57.8,3.9,34.8,1.0,0.01932,0.02069,0.55313,0.47212,0.97,0.9,0.15572,0.05714,0,0.73754,0,0,0,0
Bhuj,0,3.8,2.5,0.83,5.8,0.02,110,4,39.2,2.0,31.4,1.0,0.01255,0.01763,0.14386,0.02,0.725,0.8,0,0.11429,0,0.57031,0,0,0,0
Bhavnagar,0,6.7,1.8,3.58,7.4,0.227,24,2,58.2,43.7,31.8,1.0,0.02242,0.01321,0.48315,0.22692,0.94,0.9,0.16343,0.05714,0.29663,0.59007,0,0,0,0
Navsari,0,13.2,3.2,3.49,7.3,0.499,11,1,47.9,35.1,33.8,1.0,0.04385,0.02285,0.4782,0.49863,0.9725,0.95,0,0.02857,0.18851,0.68752,0,0,0,0
Rajkot,1,30.5,10.9,3.96,7.2,0.697,134,3,72.7,32.9,28.4,0.0,0.1016,0.07775,0.54935,0.69691,0.665,0.85,0.45365,0.08571,0.16114,0.4197,0,0,0,0
Valsad,0,0.9,0.2,2.95,7.0,0.519,12,2,60.9,17.7,32.7,1.0,0.00285,0.00148,0.42181,0.51928,0.97,0.9,0.21708,0.05714,0,0.63609,0,0,0,0
Bhuj,1,4.8,1.4,3.19,5.8,0.472,110,4,79.5,36.1,26.1,1.0,0.01587,0.01026,0.55069,0.47241,0.725,0.8,0.59039,0.11429,0.20101,0.30468,0,0,0,0
Valsad,1,80.2,4.0,5.36,7.0,0.921,12,2,100,60.2,25.6,1.0,0.26744,0.02865,0.76616,0.92114,0.97,0.9,1,0.05714,0.50297,0.27878,1,0,1,0
Vadodara,1,72.8,25.2,5.59,8.0,0.928,39,2,84.7,30.1,26.1,0.0,0.24268,0.1803,0.69838,0.92783,0.9025,0.9,0.69449,0.05714,0.12652,0.30287,1,0,0,0
Patan,1,3.9,2.1,2.0,6.0,0.597,70,1,75.9,19.7,24.5,0.0,0.01292,0.01508,0.33347,0.5968,0.825,0.95,0.51892,0.02857,0,0.22356,0,0,0,0
Surat,1,24.0,5.9,5.21,9.4,0.895,13,1,80.8,31.3,26.4,1.0,0.07999,0.04216,0.55414,0.89497,0.9675,0.95,0.61578,0.02857,0.14106,0.31903,0,0,0,1
Surat,1,61.6,22.4,7.38,9.4,0.983,13,1,78.4,26.4,25.9,1.0,0.20534,0.16003,0.78491,0.98297,0.9675,0.95,0.56773,0.02857,0.07956,0.2928,1,0,0,0
Porbandar,1,18.4,1.1,2.68,6.2,0.66,8,1,81.0,19.7,25.6,1.0,0.06133,0.00799,0.43228,0.66017,0.98,0.95,0.62038,0.02857,0,0.28059,0,0,0,0
Rajkot,1,1.3,0.9,3.05,7.2,0.488,134,3,77.5,42.2,26.2,0.0,0.00421,0.00639,0.4233,0.48818,0.665,0.85,0.55065,0.08571,0.27759,0.3101,1,0,0,0
Surat,0,6.9,4.9,3.9,9.4,0.474,13,1,57.3,17.5,31.2,1.0,0.02294,0.03505,0.41446,0.47359,0.9675,0.95,0.14571,0.02857,0,0.56016,0,0,0,0
Surat,1,53.0,8.4,6.09,9.4,0.827,13,1,77.6,10.1,25.9,1.0,0.17659,0.06002,0.648,0.82697,0.9675,0.95,0.55123,0.02857,0,0.2975,0,0,0,0
Bhuj,1,10.0,4.3,2.5,5.8,0.479,110,4,79.1,10.7,27.2,1.0,0.03317,0.03062,0.43046,0.47948,0.725,0.8,0.58272,0.11429,0,0.36055,0,0,0,0
Bhuj,0,2.8,1.2,1.05,5.8,0.155,110,4,52.2,5.2,32.5,1.0,0.00936,0.00842,0.18147,0.15505,0.725,0.8,0.04441,0.11429,0,0.62423,0,0,0,0
Bhavnagar,0,2.6,0.2,2.14,7.4,0.366,24,2,56.2,12.3,29.8,1.0,0.00857,0.00162,0.28957,0.36583,0.94,0.9,0.12414,0.05714,0,0.48839,0,0,0,0
Patan,1,3.1,2.1,3.64,6.0,0.533,70,1,85.0,9.4,26.8,0.0,0.01031,0.01519,0.60612,0.53322,0.825,0.95,0.69974,0.02857,0,0.33798,0,0,0,0
Vadodara,0,7.3,1.0,3.43,8.0,0.443,39,2,47.1,3.3,30.3,0.0,0.02428,0.00683,0.42861,0.44258,0.9025,0.9,0,0.05714,0,0.51369,0,0,0,0
Rajkot,1,40.9,20.7,4.54,7.2,0.569,134,3,76.6,4.2,27.9,0.0,0.13631,0.14783,0.62997,0.56919,0.665,0.85,0.5316,0.08571,0,0.39419,1,0,0,0
Bhuj,1,6.0,5.0,3.42,5.8,0.443,110,4,78.4,28.0,28.6,1.0,0.01993,0.03563,0.59036,0.44344,0.725,0.8,0.56752,0.11429,0.09974,0.42884,0,0,0,0
Vadodara,1,51.4,19.9,4.64,8.0,0.922,39,2,74.3,10.9,25.4,0.0,0.17142,0.14218,0.5801,0.92183,0.9025,0.9,0.48534,0.05714,0,0.27023,0,0,0,0
Surat,1,13.2,2.7,5.09,9.4,0.861,13,1,68.3,48.2,30.1,1.0,0.04384,0.01904,0.54193,0.86144,0.9675,0.95,0.36662,0.02857,0.35205,0.50591,0,0,0,0
Dang,1,8.2,3.0,4.19,6.4,0.87,975,27,69.4,28.0,29.7,0.0,0.02729,0.02157,0.65531,0.86966,0,0,0.38802,0.77143,0.09974,0.48407,0,0,0,1
Patan,0,12.3,7.8,3.02,6.0,0.189,70,1,51.2,26.0,28.9,0.0,0.04096,0.05591,0.50415,0.18947,0.825,0.95,0.02336,0.02857,0.07542,0.44597,0,0,0,0
Navsari,1,47.0,14.3,5.82,7.3,1.0,11,1,84.8,42.1,26.9,1.0,0.15662,0.10204,0.79663,1.0,0.9725,0.95,0.6967,0.02857,0.27575,0.34505,0,0,1,0
Dang,1,104.6,81.3,5.83,6.4,0.919,975,27,89.9,28.4,25.6,0.0,0.34872,0.58049,0.91074,0.91866,0,0,0.79866,0.77143,0.10559,0.27932,0,0,0,0
Surat,1,4.7,0.3,5.54,9.4,0.981,13,1,78.0,15.8,25.4,1.0,0.01564,0.00237,0.58983,0.98088,0.9675,0.95,0.55944,0.02857,0,0.27116,1,0,0,0
Vadodara,1,32.7,10.4,4.58,8.0,0.651,39,2,68.1,2.5,30.6,0.0,0.10884,0.07442,0.57308,0.65093,0.9025,0.9,0.36209,0.05714,0,0.53115,1,0,0,0
Vadodara,0,3.6,1.6,3.27,8.0,0.371,39,2,45.7,19.8,34.4,0.0,0.01201,0.0116,0.4087,0.37052,0.9025,0.9,0,0.05714,0,0.71793,0,0,0,0
Valsad,0,2.7,0.9,2.08,7.0,0.483,12,2,43.9,34.7,32.0,1.0,0.00889,0.00639,0.29654,0.48268,0.97,0.9,0,0.05714,0.18341,0.60006,0,0,0,0
Bhavnagar,1,4.1,0.6,2.87,7.4,0.731,24,2,79.6,3.5,29.1,1.0,0.01378,0.00461,0.388,0.73064,0.94,0.9,0.5912,0.05714,0,0.45654,0,0,0,0
Surat,1,16.9,8.5,5.94,9.4,0.835,13,1,92.9,3.2,22.8,1.0,0.05643,0.06082,0.63206,0.83479,0.9675,0.95,0.85817,0.02857,0,0.14097,1,0,0,0
Navsari,1,22.3,12.6,4.08,7.3,0.969,11,1,82.4,2,29.2,1.0,0.07421,0.0902,0.55912,0.96925,0.9725,0.95,0.648,0.02857,0,0.45871,0,0,0,0
Bhuj,1,25.3,15.0,2.95,5.8,0.56,110,4,67.3,35.5,30.0,1.0,0.08429,0.10732,0.50862,0.55968,0.725,0.8,0.34647,0.11429,0.19339,0.49929,0,0,0,0
Jamnagar,1,19.3,7.6,2.56,6.5,0.503,20,2,81.1,20.0,23.8,1.0,0.0645,0.05445,0.39436,0.50292,0.95,0.9,0.62153,0.05714,9e-05,0.19134,0,0,0,0
Ahmedabad,1,30.6,7.4,4.68,8.5,0.792,53,2,60.2,28.0,24.7,0.0,0.10192,0.05313,0.55063,0.79187,0.8675,0.9,0.20439,0.05714,0.10057,0.23748,0,0,0,0
Patan,1,4.4,2.3,3.04,6.0,0.594,70,1,66.4,6.8,27.4,0.0,0.01466,0.01672,0.50607,0.59435,0.825,0.95,0.32862,0.02857,0,0.36931,0,0,0,0
Ahmedabad,0,10.7,0.8,5.11,8.5,0.541,53,2,51.7,10.9,32.7,0.0,0.03567,0.00604,0.60174,0.54058,0.8675,0.9,0.03346,0.05714,0,0.63396,1,0,0,0
Porbandar,0,5.7,1.7,3.28,6.2,0.33,8,1,53.7,5.6,34.0,1.0,0.01899,0.01229,0.52971,0.33046,0.98,0.95,0.07408,0.02857,0,0.69973,0,0,0,0
Jamnagar,0,2.5,1.5,1.8,6.5,0.336,20,2,51.5,31.3,32.6,1.0,0.00835,0.01097,0.27754,0.33562,0.95,0.9,0.03071,0.05714,0.14136,0.63109,0,0,0,0
Ahmedabad,1,34.5,6.7,5.93,8.5,0.81,53,2,85.6,12.9,28.1,0.0,0.11497,0.04761,0.69804,0.81038,0.8675,0.9,0.71116,0.05714,0,0.40535,1,0,0,0
Navsari,1,51.2,29.6,4.93,7.3,0.9,11,1,74.0,6.1,28.0,1.0,0.17061,0.21136,0.67584,0.90023,0.9725,0.95,0.47987,0.02857,0,0.39928,0,0,0,0
Patan,0,3.8,2.3,2.59,6.0,0.204,70,1,55.0,8.2,32.5,0.0,0.01267,0.01635,0.43113,0.2038,0.825,0.95,0.09962,0.02857,0,0.6231,0,0,0,0
Surat,0,4.6,3.9,4.52,9.4,0.544,13,1,44.6,25.3,34.5,1.0,0.01532,0.02773,0.48127,0.54361,0.9675,0.95,0,0.02857,0.06623,0.72265,0,0,0,0
Surat,0,5.9,2.8,3.44,9.4,0.521,13,1,42.6,23.1,35.3,1.0,0.01974,0.02014,0.36643,0.52118,0.9675,0.95,0,0.02857,0.03912,0.76338,0,0,0,0
Ahmedabad,0,22.9,14.3,3.7,8.5,0.48,53,2,48.3,15.1,28.2,0.0,0.07638,0.10187,0.43477,0.48028,0.8675,0.9,0,0.05714,0,0.41082,0,0,0,0
Bhuj,0,4.8,1.1,2.23,5.8,0.053,110,4,61.9,13.0,33.2,1.0,0.01612,0.0076,0.38515,0.05283,0.725,0.8,0.23795,0.11429,0,0.65968,0,0,0,0
Navsari,0,4.1,1.1,4.47,7.3,0.417,11,1,60.8,87.5,30.7,1.0,0.01369,0.00789,0.61203,0.41676,0.9725,0.95,0.21507,0.02857,0.84399,0.53514,0,0,1,0
Navsari,1,23.6,13.3,4.4,7.3,0.935,11,1,71.4,4.6,29.3,1.0,0.07874,0.09503,0.60246,0.93467,0.9725,0.95,0.42709,0.02857,0,0.46364,1,0,0,0
Rajkot,1,11.1,7.5,3.38,7.2,0.617,134,3,80.4,6.4,28.0,0.0,0.03715,0.05379,0.46938,0.6167,0.665,0.85,0.60885,0.08571,0,0.3998,0,0,0,0
Dang,0,0.3,0.2,3.16,6.4,0.607,975,27,53.4,17.2,32.4,0.0,0.00091,0.00144,0.49361,0.60712,0,0,0.06898,0.77143,0,0.61753,0,0,0,0
Jamnagar,1,31.4,7.5,3.32,6.5,0.766,20,2,76.2,8.6,27.6,1.0,0.10451,0.05354,0.51122,0.76626,0.95,0.9,0.52381,0.05714,0,0.38158,0,0,0,0
Vadodara,1,19.0,2.8,4.49,8.0,0.67,39,2,73.2,10.8,22.3,0.0,0.06317,0.02019,0.56101,0.67006,0.9025,0.9,0.46407,0.05714,0,0.11381,1,0,0,0
Bhuj,0,6.0,3.8,2.19,5.8,0.123,110,4,51.8,11.8,29.8,1.0,0.02014,0.02735,0.37729,0.12261,0.725,0.8,0.0362,0.11429,0,0.49158,0,0,0,0
Navsari,1,56.9,20.2,4.64,7.3,0.917,11,1,87.8,14.0,29.4,1.0,0.18967,0.14408,0.63622,0.91709,0.9725,0.95,0.7561,0.02857,0,0.46931,0,0,0,1
Navsari,1,53.4,29.9,3.97,7.3,0.689,11,1,80.1,18.8,22.3,1.0,0.17795,0.2133,0.54395,0.68865,0.9725,0.95,0.60161,0.02857,0,0.1151,1,0,0,0
Rajkot,0,7.4,3.9,1.35,7.2,0.232,134,3,56.0,13.7,30.8,0.0,0.02466,0.0282,0.18806,0.2317,0.665,0.85,0.12092,0.08571,0,0.54088,0,0,0,0
Bhuj,1,23.8,13.9,2.99,5.8,0.493,110,4,82.5,19.3,25.6,1.0,0.07917,0.09896,0.51483,0.49332,0.725,0.8,0.65097,0.11429,0,0.27754,0,0,0,0
Surat,1,38.0,20.9,5.45,9.4,0.937,13,1,81.5,31.9,26.1,1.0,0.12661,0.14931,0.5799,0.93708,0.9675,0.95,0.63006,0.02857,0.14834,0.30596,0,0,0,0
Valsad,1,8.3,2.9,3.24,7.0,0.868,12,2,85.9,19.2,31.3,1.0,0.02781,0.02067,0.46256,0.86777,0.97,0.9,0.71703,0.05714,0,0.56271,0,0,0,0
Navsari,1,48.8,15.0,5.54,7.3,0.86,11,1,80.3,17.9,25.9,1.0,0.16252,0.10706,0.75911,0.86039,0.9725,0.95,0.60675,0.02857,0,0.2964,0,0,0,0
Valsad,1,36.9,20.4,5.5,7.0,0.977,12,2,92.5,14.7,26.1,1.0,0.12295,0.1456,0.78579,0.97667,0.97,0.9,0.8494,0.05714,0,0.30279,0,0,1,0
Rajkot,1,20.2,11.1,3.31,7.2,0.506,134,3,86.1,14.2,33.5,0.0,0.06746,0.07943,0.46038,0.50642,0.665,0.85,0.72236,0.08571,0,0.67593,0,0,0,0
Vadodara,0,9.9,2.2,3.13,8.0,0.374,39,2,49.9,32.1,30.6,0.0,0.03302,0.01599,0.39089,0.37445,0.9025,0.9,0,0.05714,0.15131,0.53199,0,0,0,0
Porbandar,0,4.2,3.1,3.0,6.2,0.278,8,1,48.9,40.3,30.9,1.0,0.01389,0.02227,0.48371,0.27826,0.98,0.95,0,0.02857,0.2532,0.54735,0,0,0,0
Valsad,0,19.2,11.0,3.95,7.0,0.596,12,2,56.0,32.6,35.6,1.0,0.06385,0.07871,0.5638,0.59624,0.97,0.9,0.12054,0.05714,0.15736,0.78216,0,0,0,0
Navsari,0,19.0,3.2,3.38,7.3,0.579,11,1,60.7,30.4,32.0,1.0,0.06321,0.02257,0.46238,0.57928,0.9725,0.95,0.21408,0.02857,0.13032,0.59912,0,0,0,0
Navsari,1,112.0,39.9,6.18,7.3,1.0,11,1,92.3,12.4,24.9,1.0,0.37326,0.2853,0.84621,1.0,0.9725,0.95,0.8458,0.02857,0,0.24553,0,0,0,0
Navsari,1,54.1,14.4,4.37,7.3,0.925,11,1,86.0,78.8,24.0,1.0,0.18022,0.103,0.5983,0.92505,0.9725,0.95,0.71967,0.02857,0.73476,0.1979,0,0,1,0
Bhuj,1,33.5,24.7,3.29,5.8,0.291,110,4,78.2,7.5,25.3,1.0,0.11159,0.17633,0.56746,0.29133,0.725,0.8,0.56471,0.11429,0,0.26393,1,0,0,0
Bhuj,0,0.5,0.2,1.51,5.8,0.038,110,4,61.2,24.0,31.8,1.0,0.00156,0.00173,0.26067,0.03828,0.725,0.8,0.22416,0.11429,0.0506,0.59176,0,0,0,0
Surat,1,104.9,38.8,6.67,9.4,0.901,13,1,93.9,19.7,26.5,1.0,0.34968,0.27683,0.70922,0.9011,0.9675,0.95,0.87746,0.02857,0,0.32411,1,0,0,0
Ahmedabad,1,23.2,19.3,3.87,8.5,0.779,53,2,80.6,10.2,24.1,0.0,0.07742,0.13812,0.45486,0.77864,0.8675,0.9,0.61206,0.05714,0,0.20597,0,0,0,0
Navsari,1,125.7,21.4,5.94,7.3,1.0,11,1,84.5,16.9,26.8,1.0,0.41885,0.15298,0.81433,1.0,0.9725,0.95,0.69081,0.02857,0,0.33968,0,0,0,0
Bhuj,0,4.7,1.3,2.49,5.8,0.203,110,4,58.4,18.7,30.3,1.0,0.01557,0.00929,0.42958,0.20293,0.725,0.8,0.16866,0.11429,0,0.51369,0,0,0,0
Rajkot,1,19.9,11.7,3.75,7.2,0.633,134,3,85.3,2,24.7,0.0,0.06625,0.08352,0.52087,0.6328,0.665,0.85,0.70635,0.08571,0,0.23319,0,0,0,0
Bhuj,0,1.0,0.5,2.27,5.8,0.131,110,4,49.8,21.1,32.0,1.0,0.00347,0.00333,0.39087,0.13057,0.725,0.8,0,0.11429,0.01378,0.59823,0,0,0,0
Rajkot,0,1.8,0.9,1.84,7.2,0.059,134,3,55.7,17.8,35.8,0.0,0.00615,0.00644,0.25587,0.05889,0.665,0.85,0.11411,0.08571,0,0.78821,0,0,0,0
Navsari,0,5.4,2.9,3.23,7.3,0.473,11,1,64.4,19.0,33.5,1.0,0.01786,0.02042,0.44255,0.4726,0.9725,0.95,0.28846,0.02857,0,0.67441,0,0,0,0
Porbandar,0,9.1,3.8,1.43,6.2,0.334,8,1,50.4,36.1,33.0,1.0,0.03046,0.02725,0.23085,0.33437,0.98,0.95,0.00708,0.02857,0.20109,0.65238,0,0,0,0
Bhavnagar,0,4.4,2.4,2.58,7.4,0.367,24,2,59.2,16.9,31.9,1.0,0.01458,0.01731,0.34869,0.36678,0.94,0.9,0.18498,0.05714,0,0.59364,0,0,0,0
Patan,0,3.8,1.5,2.4,6.0,0.202,70,1,58.0,37.4,33.5,0.0,0.01272,0.01095,0.40005,0.20228,0.825,0.95,0.15992,0.02857,0.21777,0.67578,0,0,0,0
Rajkot,0,1.2,0.4,3.21,7.2,0.355,134,3,49.2,21.0,35.9,0.0,0.00415,0.00258,0.44646,0.35547,0.665,0.85,0,0.08571,0.01196,0.79549,0,0,0,0
Valsad,1,108.0,16.3,5.36,7.0,0.935,12,2,86.7,30.7,25.2,1.0,0.3599,0.11658,0.76579,0.93527,0.97,0.9,0.73325,0.05714,0.13426,0.26097,0,0,0,0
Bhavnagar,0,2.7,1.4,2.77,7.4,0.367,24,2,61.4,3.9,32.3,1.0,0.0091,0.00998,0.37446,0.36721,0.94,0.9,0.22787,0.05714,0,0.61675,0,0,0,0
Jamnagar,0,7.2,2.6,2.48,6.5,0.284,20,2,54.8,18.4,33.9,1.0,0.02414,0.01888,0.38163,0.28442,0.95,0.9,0.09673,0.05714,0,0.69458,1,0,0,0
Ahmedabad,1,55.9,14.8,4.67,8.5,0.687,53,2,71.9,54.2,28.2,0.0,0.18628,0.10538,0.54952,0.68688,0.8675,0.9,0.43887,0.05714,0.42795,0.40881,0,0,0,0
Navsari,1,24.2,13.6,3.81,7.3,0.821,11,1,81.6,38.7,26.8,1.0,0.08079,0.09742,0.52172,0.82053,0.9725,0.95,0.63162,0.02857,0.23385,0.3417,0,0,0,0
Valsad,1,31.0,13.6,4.34,7.0,0.91,12,2,70.6,2.7,26.6,1.0,0.10335,0.09736,0.62016,0.90957,0.97,0.9,0.41231,0.05714,0,0.32812,0,0,0,0
Ahmedabad,1,16.3,5.6,4.36,8.5,0.758,53,2,74.1,34.3,24.9,0.0,0.05427,0.04032,0.51343,0.75805,0.8675,0.9,0.48159,0.05714,0.17853,0.24721,0,0,0,0
Dang,0,1.3,1.1,2.04,6.4,0.564,975,27,51.0,10.5,32.0,0.0,0.00434,0.0079,0.31834,0.56411,0,0,0.01917,0.77143,0,0.60056,0,0,0,0
Porbandar,1,30.0,10.6,2.72,6.2,0.751,8,1,85.1,42.8,27.6,1.0,0.09988,0.0754,0.43869,0.75104,0.98,0.95,0.70122,0.02857,0.28461,0.37931,1,0,0,0
Bhuj,0,0.9,0.2,1.83,5.8,0.359,110,4,50.1,43.1,34.1,1.0,0.00314,0.00126,0.3163,0.35908,0.725,0.8,0.00289,0.11429,0.28879,0.70495,0,0,1,0
Vadodara,1,97.8,55.3,5.82,8.0,0.644,39,2,92.7,23.1,26.9,0.0,0.32595,0.39465,0.72772,0.6444,0.9025,0.9,0.85477,0.05714,0.03873,0.34492,1,0,0,0
Jamnagar,1,4.2,2.9,4.07,6.5,0.759,20,2,71.2,13.8,29.9,1.0,0.01391,0.02059,0.62617,0.75858,0.95,0.9,0.42458,0.05714,0,0.49661,0,0,0,0
Rajkot,1,15.0,7.5,3.14,7.2,0.544,134,3,98.0,18.5,26.6,0.0,0.05004,0.05354,0.4361,0.54385,0.665,0.85,0.96029,0.08571,0,0.33217,0,0,0,0
Vadodara,0,7.3,3.5,2.74,8.0,0.315,39,2,48.9,2,33.5,0.0,0.02436,0.02476,0.34196,0.31545,0.9025,0.9,0,0.05714,0,0.67542,0,0,0,0
Bhavnagar,1,62.7,53.3,4.78,7.4,0.779,24,2,86.6,9.8,28.9,1.0,0.20906,0.38078,0.6465,0.77867,0.94,0.9,0.73267,0.05714,0,0.44318,0,0,0,1
Jamnagar,1,24.1,9.4,3.56,6.5,0.55,20,2,69.5,9.1,27.1,1.0,0.0805,0.06709,0.54717,0.55014,0.95,0.9,0.38941,0.05714,0,0.35689,0,0,0,0
Valsad,0,4.2,2.1,3.1,7.0,0.652,12,2,67.5,5.7,35.9,1.0,0.01387,0.0148,0.44273,0.65206,0.97,0.9,0.35015,0.05714,0,0.79286,0,0,0,0
Dang,0,10.4,6.3,3.2,6.4,0.611,975,27,65.2,17.5,32.5,0.0,0.03462,0.04479,0.49994,0.61094,0,0,0.30333,0.77143,0,0.62565,0,0,0,0
Patan,1,5.2,4.3,1.84,6.0,0.557,70,1,72.2,11.6,28.4,0.0,0.01746,0.03065,0.30714,0.55698,0.825,0.95,0.44479,0.02857,0,0.42072,0,0,0,0
Porbandar,1,32.9,24.0,3.22,6.2,0.755,8,1,69.2,10.1,24.8,1.0,0.10974,0.17177,0.51936,0.75459,0.98,0.95,0.38491,0.02857,0,0.23895,1,0,0,0
Rajkot,0,6.2,1.5,2.45,7.2,0.232,134,3,48.1,22.2,33.2,0.0,0.02082,0.01076,0.33988,0.23232,0.665,0.85,0,0.08571,0.0274,0.66123,0,0,0,0
Dang,1,104.8,26.2,4.53,6.4,0.881,975,27,87.9,14.0,23.2,0.0,0.34919,0.18725,0.70792,0.88111,0,0,0.75885,0.77143,0,0.16216,0,0,0,0
Navsari,0,7.2,2.2,2.85,7.3,0.453,11,1,50.9,35.1,29.6,1.0,0.02416,0.01551,0.39058,0.45288,0.9725,0.95,0.01749,0.02857,0.18931,0.48177,1,0,0,0
Rajkot,0,1.6,0.7,2.21,7.2,0.242,134,3,45.6,15.0,35.4,0.0,0.00523,0.00522,0.30706,0.24197,0.665,0.85,0,0.08571,0,0.76938,0,0,0,0
Porbandar,1,59.4,18.4,4.26,6.2,0.764,8,1,91.5,17.0,27.5,1.0,0.19806,0.13167,0.68643,0.76356,0.98,0.95,0.82918,0.02857,0,0.37694,0,0,0,0
Navsari,1,100.9,30.7,6.36,7.3,1.0,11,1,94.8,16.2,23.7,1.0,0.33644,0.21894,0.8709,1.0,0.9725,0.95,0.89658,0.02857,0,0.18734,1,0,0,0
Dang,1,93.9,39.2,4.72,6.4,1.0,975,27,94.3,4.0,26.1,0.0,0.31293,0.27988,0.73716,1.0,0,0,0.88633,0.77143,0,0.30416,0,1,0,0
Valsad,0,13.2,1.1,4.03,7.0,0.527,12,2,47.4,5.5,31.3,1.0,0.04389,0.0082,0.57577,0.527,0.97,0.9,0,0.05714,0,0.56329,0,0,0,0
Valsad,1,3.7,1.1,3.27,7.0,0.892,12,2,83.1,16.7,30.1,1.0,0.01244,0.00795,0.46672,0.89194,0.97,0.9,0.66131,0.05714,0,0.50377,0,0,0,0
Porbandar,0,1.3,0.8,2.37,6.2,0.378,8,1,40.2,12.2,31.2,1.0,0.00433,0.00556,0.38238,0.37802,0.98,0.95,0,0.02857,0,0.55949,0,0,0,0
Porbandar,1,1.1,0.5,2.7,6.2,0.738,8,1,71.5,9.6,23.3,1.0,0.0038,0.00368,0.43579,0.73847,0.98,0.95,0.43025,0.02857,0,0.16665,0,0,0,0
Navsari,0,5.7,2.9,4.44,7.3,0.571,11,1,46.8,5.2,28.8,1.0,0.01887,0.02075,0.60838,0.57133,0.9725,0.95,0,0.02857,0,0.44095,0,0,0,0
Bhavnagar,0,3.3,0.8,2.89,7.4,0.33,24,2,42.6,58.9,32.2,1.0,0.01098,0.00558,0.39025,0.32977,0.94,0.9,0,0.05714,0.4862,0.61152,0,0,0,0
Porbandar,1,20.7,17.6,3.0,6.2,0.723,8,1,77.1,6.2,24.3,1.0,0.06912,0.12589,0.484,0.72317,0.98,0.95,0.54256,0.02857,0,0.21253,0,0,0,0
Dang,1,11.6,5.1,3.48,6.4,0.917,975,27,79.7,18.9,27.2,0.0,0.03883,0.03675,0.544,0.91666,0,0,0.59434,0.77143,0,0.36248,0,0,0,0
Navsari,1,27.6,12.0,4.89,7.3,0.872,11,1,90.9,6.6,27.5,1.0,0.09202,0.08597,0.67031,0.87235,0.9725,0.95,0.81806,0.02857,0,0.37655,0,0,0,0
Surat,0,4.7,3.2,3.96,9.4,0.455,13,1,43.5,37.4,33.3,1.0,0.01557,0.02279,0.42155,0.4554,0.9675,0.95,0,0.02857,0.21736,0.66695,0,0,0,0
Bhuj,1,5.4,2.1,1.68,5.8,0.45,110,4,73.9,36.9,26.5,1.0,0.018,0.01508,0.28948,0.44953,0.725,0.8,0.47772,0.11429,0.2114,0.32366,0,0,0,0
Vadodara,1,14.1,11.5,2.24,8.0,0.7,39,2,86.9,21.5,26.3,0.0,0.0469,0.08217,0.28001,0.69971,0.9025,0.9,0.73844,0.05714,0.01856,0.3173,0,0,0,0
Ahmedabad,1,17.6,3.2,3.62,8.5,0.71,53,2,76.5,3.7,26.9,0.0,0.05852,0.02266,0.42605,0.71031,0.8675,0.9,0.5293,0.05714,0,0.34273,0,0,0,0
Valsad,0,1.2,0.5,3.41,7.0,0.456,12,2,62.7,10.2,34.1,1.0,0.00387,0.0038,0.48657,0.45586,0.97,0.9,0.25419,0.05714,0,0.70608,1,0,0,0
Bhavnagar,0,4.5,3.7,3.31,7.4,0.335,24,2,59.4,28.0,32.0,1.0,0.01497,0.0264,0.44776,0.33549,0.94,0.9,0.18781,0.05714,0.10033,0.59794,0,0,0,0
Patan,1,1.5,0.9,2.55,6.0,0.503,70,1,78.1,20.5,28.2,0.0,0.00491,0.0061,0.42471,0.5035,0.825,0.95,0.56291,0.02857,0.00686,0.409,0,0,0,0
Patan,0,0.8,0.3,1.76,6.0,0.087,70,1,41.1,15.3,33.3,0.0,0.00279,0.00201,0.29287,0.0871,0.825,0.95,0,0.02857,0,0.66581,0,0,0,0
Ahmedabad,0,12.7,8.8,3.91,8.5,0.388,53,2,36.7,11.5,31.3,0.0,0.0422,0.06289,0.45946,0.3882,0.8675,0.9,0,0.05714,0,0.56525,0,0,0,0
Ahmedabad,0,20.0,16.9,3.58,8.5,0.469,53,2,57.8,26.1,32.6,0.0,0.06652,0.1205,0.42138,0.46862,0.8675,0.9,0.15634,0.05714,0.07682,0.63007,0,0,1,0
Jamnagar,0,7.9,1.6,3.08,6.5,0.337,20,2,52.0,6.8,32.4,1.0,0.02618,0.01116,0.4733,0.33718,0.95,0.9,0.04071,0.05714,0,0.62209,0,0,0,1
Patan,1,44.5,16.0,3.97,6.0,0.606,70,1,89.7,30.3,28.8,0.0,0.14818,0.11407,0.66173,0.60554,0.825,0.95,0.79314,0.02857,0.12902,0.44231,1,0,0,0
Dang,1,88.5,56.4,4.38,6.4,0.969,975,27,87.9,3.5,25.7,0.0,0.29489,0.40269,0.6846,0.96944,0,0,0.75805,0.77143,0,0.28441,1,0,0,0
Dang,1,52.8,32.3,4.24,6.4,0.934,975,27,83.5,7.9,26.8,0.0,0.17601,0.2307,0.6626,0.93373,0,0,0.66997,0.77143,0,0.33772,0,1,0,0
Ahmedabad,1,38.9,10.7,5.19,8.5,0.828,53,2,91.3,8.4,28.2,0.0,0.12969,0.07619,0.61085,0.82823,0.8675,0.9,0.82566,0.05714,0,0.40942,1,0,0,0
Bhuj,0,3.9,0.6,2.36,5.8,0.061,110,4,66.5,10.1,29.3,1.0,0.01294,0.0045,0.40726,0.06104,0.725,0.8,0.32961,0.11429,0,0.46726,0,0,0,0
Valsad,1,44.9,14.7,4.66,7.0,0.93,12,2,85.8,22.0,25.5,1.0,0.1496,0.10521,0.66624,0.92977,0.97,0.9,0.71639,0.05714,0.02464,0.27721,0,0,0,0
Dang,1,29.6,14.7,4.18,6.4,0.881,975,27,69.0,7.5,25.2,0.0,0.09883,0.10474,0.65373,0.881,0,0,0.3798,0.77143,0,0.25971,0,0,0,0
Bhavnagar,1,40.5,9.4,5.4,7.4,0.732,24,2,86.1,20.4,28.1,1.0,0.13497,0.06722,0.72952,0.73153,0.94,0.9,0.72186,0.05714,0.00519,0.40268,0,0,0,0
Navsari,0,17.4,8.7,3.52,7.3,0.486,11,1,42.5,4.7,30.6,1.0,0.05809,0.06222,0.48259,0.48553,0.9725,0.95,0,0.02857,0,0.52898,0,0,0,0
Bhuj,0,2.6,1.1,2.52,5.8,0.029,110,4,52.3,23.8,30.9,1.0,0.00859,0.00817,0.43515,0.02858,0.725,0.8,0.04664,0.11429,0.04793,0.545,0,0,0,0
Valsad,1,48.6,14.0,4.79,7.0,0.844,12,2,77.4,13.5,29.3,1.0,0.16187,0.09986,0.68386,0.84355,0.97,0.9,0.54842,0.05714,0,0.46697,1,0,0,0
Navsari,0,11.9,6.1,2.54,7.3,0.465,11,1,42.9,29.3,31.8,1.0,0.03953,0.04384,0.34737,0.46514,0.9725,0.95,0,0.02857,0.1159,0.59149,0,0,0,0
Dang,1,54.4,19.7,4.75,6.4,0.98,975,27,74.1,44.5,27.5,0.0,0.18118,0.14099,0.74147,0.9802,0,0,0.48156,0.77143,0.3065,0.37688,0,0,1,0
Patan,1,40.9,25.3,4.03,6.0,0.633,70,1,80.6,17.3,25.8,0.0,0.13648,0.1809,0.67163,0.63272,0.825,0.95,0.61106,0.02857,0,0.29004,0,0,0,0
Dang,1,56.3,32.1,5.38,6.4,1.0,975,27,77.4,6.0,25.6,0.0,0.1877,0.22911,0.84024,1.0,0,0,0.54739,0.77143,0,0.27822,1,0,0,0
Surat,1,104.3,19.0,7.71,9.4,0.997,13,1,85.8,93.1,22.4,1.0,0.3476,0.13548,0.82013,0.99742,0.9675,0.95,0.71594,0.02857,0.91374,0.12219,1,0,1,0
Vadodara,1,41.0,7.5,4.54,8.0,0.791,39,2,87.7,11.1,28.4,0.0,0.13665,0.05353,0.56762,0.79143,0.9025,0.9,0.75432,0.05714,0,0.41866,0,0,0,0
Navsari,0,11.8,4.5,3.44,7.3,0.565,11,1,50.1,3.1,32.5,1.0,0.03924,0.03221,0.47184,0.5646,0.9725,0.95,0.00271,0.02857,0,0.62734,0,0,0,0
Bhuj,1,23.0,3.0,2.7,5.8,0.522,110,4,86.0,94.7,30.1,1.0,0.07661,0.02132,0.46526,0.5217,0.725,0.8,0.71924,0.11429,0.93414,0.50327,1,0,1,0
Vadodara,1,9.6,4.2,4.16,8.0,0.903,39,2,82.5,23.3,31.1,0.0,0.03193,0.03035,0.51968,0.90319,0.9025,0.9,0.64995,0.05714,0.0413,0.55678,0,0,0,0
Surat,0,1.2,0.3,4.28,9.4,0.36,13,1,54.3,13.3,31.0,1.0,0.00408,0.00232,0.45545,0.36012,0.9675,0.95,0.08632,0.02857,0,0.55166,0,0,0,0
Bhavnagar,0,3.9,2.5,3.07,7.4,0.366,24,2,59.4,14.7,32.5,1.0,0.01314,0.01817,0.41527,0.36648,0.94,0.9,0.18725,0.05714,0,0.62738,0,0,0,0
Ahmedabad,1,9.3,2.7,4.11,8.5,0.727,53,2,79.6,41.3,24.8,0.0,0.0309,0.01909,0.48385,0.72716,0.8675,0.9,0.59257,0.05714,0.26591,0.23851,0,0,0,0
Porbandar,1,127.4,48.4,5.83,6.2,0.925,8,1,89.6,2.7,22.3,1.0,0.42463,0.34549,0.94066,0.92495,0.98,0.95,0.79208,0.02857,0,0.11257,1,0,0,1
Navsari,1,30.5,8.6,4.13,7.3,0.853,11,1,85.3,47.6,23.1,1.0,0.1018,0.06119,0.56632,0.85298,0.9725,0.95,0.7051,0.02857,0.34439,0.15255,0,0,0,1
Vadodara,0,5.8,1.3,2.47,8.0,0.346,39,2,48.1,16.4,32.7,0.0,0.01921,0.00952,0.30865,0.34607,0.9025,0.9,0,0.05714,0,0.63303,0,0,0,0
Patan,1,15.0,3.3,3.0,6.0,0.515,70,1,78.3,15.8,28.2,0.0,0.05002,0.02348,0.50046,0.51464,0.825,0.95,0.56645,0.02857,0,0.40924,0,0,0,0
Porbandar,1,49.3,34.3,2.65,6.2,0.682,8,1,81.1,11.4,26.7,1.0,0.1645,0.24484,0.4267,0.68218,0.98,0.95,0.62177,0.02857,0,0.33268,0,0,0,0
Bhuj,1,14.9,7.2,2.9,5.8,0.512,110,4,80.2,25.9,24.4,1.0,0.04979,0.05113,0.5004,0.51216,0.725,0.8,0.60423,0.11429,0.07317,0.22002,0,0,0,1
Navsari,1,43.4,26.8,4.24,7.3,1.0,11,1,86.3,10.1,26.4,1.0,0.14476,0.19146,0.58113,1.0,0.9725,0.95,0.72559,0.02857,0,0.3201,1,0,0,1
Rajkot,1,13.9,7.8,3.72,7.2,0.556,134,3,70.0,25.6,26.9,0.0,0.04621,0.05549,0.51692,0.55589,0.665,0.85,0.40035,0.08571,0.0694,0.34585,0,0,0,0
Porbandar,1,7.3,1.2,3.62,6.2,0.678,8,1,83.1,121.3,27.6,1.0,0.02449,0.00855,0.58462,0.67794,0.98,0.95,0.66293,0.02857,1,0.37886,0,0,0,0
Rajkot,1,21.7,1.8,4.18,7.2,0.61,134,3,79.6,40.9,27.8,0.0,0.07232,0.0129,0.58041,0.61049,0.665,0.85,0.59277,0.08571,0.26147,0.38971,0,0,0,0
Vadodara,1,38.9,24.1,3.92,8.0,0.675,39,2,78.5,11.2,27.0,0.0,0.12976,0.17242,0.48972,0.67482,0.9025,0.9,0.57024,0.05714,0,0.34918,1,0,0,0
Valsad,0,1.8,0.9,4.03,7.0,0.503,12,2,54.5,9.7,32.1,1.0,0.00584,0.00664,0.57565,0.50315,0.97,0.9,0.09041,0.05714,0,0.60299,0,0,0,0
Valsad,1,31.8,9.8,4.02,7.0,0.994,12,2,78.4,10.0,27.1,1.0,0.10614,0.06986,0.57451,0.99437,0.97,0.9,0.56731,0.05714,0,0.35465,0,0,0,0
Rajkot,1,59.0,33.6,5.33,7.2,0.623,134,3,81.5,14.8,27.0,0.0,0.19677,0.23965,0.73992,0.62258,0.665,0.85,0.63067,0.08571,0,0.3523,1,0,0,1
Surat,1,105.3,37.2,7.38,9.4,0.957,13,1,80.6,4.7,19.5,1.0,0.35091,0.26565,0.7849,0.95668,0.9675,0.95,0.6125,0.02857,0,0,1,0,0,1
Bhuj,1,2.2,0.3,3.04,5.8,0.432,110,4,88.3,11.3,26.3,1.0,0.00717,0.0018,0.52422,0.43208,0.725,0.8,0.76577,0.11429,0,0.31567,0,0,0,0
Navsari,0,16.3,6.5,2.85,7.3,0.454,11,1,55.1,21.8,36.3,1.0,0.05427,0.04676,0.39074,0.4536,0.9725,0.95,0.10212,0.02857,0.02189,0.81286,0,0,0,0
Bhavnagar,0,1.2,0.6,2.66,7.4,0.38,24,2,57.9,8.8,35.6,1.0,0.00389,0.00454,0.35951,0.38042,0.94,0.9,0.1576,0.05714,0,0.77937,0,0,0,0
Valsad,1,51.3,24.5,3.95,7.0,0.979,12,2,79.2,7.0,27.8,1.0,0.17105,0.17467,0.56395,0.97891,0.97,0.9,0.58371,0.05714,0,0.39023,0,0,0,0
Ahmedabad,1,10.6,1.6,4.12,8.5,0.674,53,2,87.5,15.1,30.4,0.0,0.03518,0.01174,0.48476,0.67397,0.8675,0.9,0.7502,0.05714,0,0.52117,0,0,0,0
Porbandar,1,8.6,5.9,2.82,6.2,0.655,8,1,73.5,4.1,27.3,1.0,0.02875,0.0419,0.45454,0.65457,0.98,0.95,0.46946,0.02857,0,0.36428,0,0,0,0
Ahmedabad,0,4.9,0.9,3.3,8.5,0.374,53,2,69.2,18.5,30.7,0.0,0.01649,0.00633,0.38829,0.37405,0.8675,0.9,0.3832,0.05714,0,0.5333,1,0,0,0
Valsad,1,25.7,2.4,4.28,7.0,1.0,12,2,76.2,33.3,29.3,1.0,0.08557,0.01729,0.61093,1.0,0.97,0.9,0.52492,0.05714,0.16637,0.46395,0,0,1,0
Bhuj,0,0.5,0.2,2.09,5.8,0.194,110,4,55.5,24.8,27.6,1.0,0.00153,0.00125,0.36013,0.19378,0.725,0.8,0.10995,0.11429,0.05968,0.38215,0,0,0,0
Bhuj,1,14.3,10.2,2.71,5.8,0.495,110,4,83.9,3.3,24.5,1.0,0.0478,0.07297,0.46668,0.49516,0.725,0.8,0.67741,0.11429,0,0.22591,0,0,0,0
Porbandar,1,13.2,7.4,2.06,6.2,0.681,8,1,100,8.1,25.6,1.0,0.04388,0.05281,0.33283,0.68142,0.98,0.95,1,0.02857,0,0.2809,1,0,0,0
Patan,1,9.0,3.1,1.92,6.0,0.529,70,1,68.6,9.1,26.0,0.0,0.0299,0.02199,0.32063,0.52856,0.825,0.95,0.37128,0.02857,0,0.29905,0,1,0,0
Rajkot,1,22.1,5.7,3.64,7.2,0.677,134,3,100,68.9,31.0,0.0,0.07381,0.04051,0.5057,0.67719,0.665,0.85,1,0.08571,0.61102,0.55086,1,0,1,0
Jamnagar,1,16.2,8.9,3.81,6.5,0.739,20,2,88.8,26.0,27.2,1.0,0.05415,0.06391,0.58569,0.73944,0.95,0.9,0.77555,0.05714,0.07483,0.36027,0,0,0,0
Bhuj,0,5.8,2.3,2.6,5.8,0.213,110,4,56.3,121.8,31.2,1.0,0.01949,0.01672,0.44793,0.21255,0.725,0.8,0.12619,0.11429,1,0.55789,0,0,0,0
Bhuj,0,0.7,0.3,2.1,5.8,0.216,110,4,46.9,19.9,33.5,1.0,0.00243,0.00186,0.36144,0.21591,0.725,0.8,0,0.11429,0,0.67416,0,0,0,0
Valsad,0,9.4,2.9,3.47,7.0,0.518,12,2,58.9,40.6,32.3,1.0,0.03136,0.02092,0.49574,0.51811,0.97,0.9,0.17882,0.05714,0.2571,0.61571,1,0,0,0
Patan,1,17.9,1.7,3.34,6.0,0.401,70,1,76.9,9.7,28.3,0.0,0.0596,0.01209,0.55749,0.40135,0.825,0.95,0.5389,0.02857,0,0.41367,0,0,0,0
Rajkot,1,10.4,2.7,4.37,7.2,0.543,134,3,76.0,3.9,27.5,0.0,0.03454,0.01955,0.60652,0.54287,0.665,0.85,0.52049,0.08571,0,0.37386,0,0,0,0
Dang,0,1.7,0.6,1.89,6.4,0.544,975,27,60.5,17.1,30.7,0.0,0.00582,0.00431,0.29569,0.54386,0,0,0.20951,0.77143,0,0.53376,0,0,0,0
Surat,1,32.5,5.1,6.0,9.4,0.848,13,1,91.0,15.5,28.1,1.0,0.10838,0.03662,0.63843,0.84846,0.9675,0.95,0.81936,0.02857,0,0.4027,1,0,0,0
Porbandar,1,16.7,12.3,3.11,6.2,0.737,8,1,77.4,56.3,25.6,1.0,0.05583,0.08756,0.5011,0.73706,0.98,0.95,0.54812,0.02857,0.45363,0.28199,0,0,1,0
Bhavnagar,1,33.2,5.8,4.05,7.4,0.67,24,2,90.2,36.7,24.9,1.0,0.11076,0.04122,0.54698,0.66952,0.94,0.9,0.80366,0.05714,0.20831,0.24431,1,0,0,0
Vadodara,1,57.6,21.7,6.25,8.0,0.601,39,2,88.6,69.3,27.4,0.0,0.19195,0.15489,0.78152,0.60061,0.9025,0.9,0.77291,0.05714,0.61687,0.36755,0,0,0,0
Rajkot,0,3.9,2.9,3.64,7.2,0.327,134,3,54.5,32.1,33.9,0.0,0.01314,0.02097,0.50585,0.32699,0.665,0.85,0.09024,0.08571,0.15152,0.69639,0,0,0,0
Bhavnagar,0,10.2,2.7,3.09,7.4,0.385,24,2,52.3,15.3,32.9,1.0,0.0339,0.01902,0.41815,0.38503,0.94,0.9,0.04581,0.05714,0,0.64747,1,0,0,0
Surat,0,3.6,0.2,3.04,9.4,0.468,13,1,51.5,10.1,28.2,1.0,0.012,0.00174,0.32331,0.46811,0.9675,0.95,0.0303,0.02857,0,0.4085,0,0,0,0
Ahmedabad,1,58.7,47.7,5.63,8.5,0.785,53,2,78.8,10.7,23.2,0.0,0.19571,0.34053,0.66277,0.78508,0.8675,0.9,0.5767,0.05714,0,0.15912,0,0,0,1
Bhuj,0,2.3,1.4,1.99,5.8,0.02,110,4,46.2,54.6,33.8,1.0,0.0077,0.00996,0.34263,0.02,0.725,0.8,0,0.11429,0.43194,0.68875,0,0,0,0
Rajkot,0,6.7,2.5,3.1,7.2,0.272,134,3,51.6,2,29.7,0.0,0.02226,0.01758,0.43052,0.27237,0.665,0.85,0.0316,0.08571,0,0.48484,0,0,0,0
Navsari,1,4.8,1.6,4.71,7.3,0.721,11,1,90.0,11.5,19.4,1.0,0.01602,0.01134,0.64585,0.7207,0.9725,0.95,0.79918,0.02857,0,0,0,0,0,0
Patan,1,31.1,18.2,2.53,6.0,0.539,70,1,83.4,3.5,29.5,0.0,0.10361,0.12987,0.42144,0.53871,0.825,0.95,0.66737,0.02857,0,0.47633,0,0,0,0
Vadodara,0,2.4,0.8,3.06,8.0,0.422,39,2,59.1,10.3,29.4,0.0,0.00806,0.00541,0.38306,0.42165,0.9025,0.9,0.18225,0.05714,0,0.46972,0,0,0,0
Porbandar,0,2.8,1.2,3.06,6.2,0.397,8,1,52.2,33.3,30.4,1.0,0.00946,0.00857,0.49414,0.39702,0.98,0.95,0.0431,0.02857,0.16617,0.52051,0,0,0,0
Ahmedabad,1,29.1,21.0,4.45,8.5,0.831,53,2,67.6,8.6,29.8,0.0,0.097,0.14982,0.52317,0.83124,0.8675,0.9,0.35267,0.05714,0,0.49211,1,0,0,0
Porbandar,0,5.6,3.6,2.17,6.2,0.398,8,1,40.1,17.6,36.1,1.0,0.01864,0.02569,0.35064,0.39847,0.98,0.95,0,0.02857,0,0.80536,0,0,0,0
Navsari,1,126.7,52.2,6.69,7.3,1.0,11,1,83.9,43.7,23.2,1.0,0.42235,0.37282,0.91662,1.0,0.9725,0.95,0.67736,0.02857,0.2963,0.15879,1,0,0,1
Navsari,1,23.8,4.1,3.88,7.3,0.801,11,1,92.8,31.8,24.0,1.0,0.07949,0.02918,0.53123,0.80079,0.9725,0.95,0.85559,0.02857,0.1479,0.19767,0,0,0,0
Surat,0,10.9,4.4,4.68,9.4,0.601,13,1,47.6,18.6,34.2,1.0,0.03633,0.03171,0.49777,0.60054,0.9675,0.95,0,0.02857,0,0.70981,1,0,0,0
Bhuj,0,0.6,0.2,2.22,5.8,0.107,110,4,54.2,4.3,34.3,1.0,0.00186,0.00123,0.38208,0.10667,0.725,0.8,0.08379,0.11429,0,0.71511,0,0,0,0
Jamnagar,1,34.4,14.1,2.22,6.5,0.617,20,2,75.6,17.9,29.0,1.0,0.11465,0.10048,0.34121,0.61678,0.95,0.9,0.51263,0.05714,0,0.45083,0,0,0,0
Valsad,1,75.3,56.7,5.87,7.0,0.899,12,2,93.4,24.4,27.8,1.0,0.25106,0.40507,0.83843,0.89934,0.97,0.9,0.86738,0.05714,0.0551,0.39189,0,0,0,0
Bhuj,0,5.2,1.8,1.7,5.8,0.103,110,4,59.8,44.5,32.9,1.0,0.01731,0.01263,0.29266,0.10317,0.725,0.8,0.19697,0.11429,0.30647,0.64384,0,0,0,0
Dang,0,5.4,2.8,2.48,6.4,0.582,975,27,49.9,14.8,28.2,0.0,0.01816,0.01978,0.38778,0.5821,0,0,0,0.77143,0,0.41029,0,0,0,0
Bhuj,1,9.1,5.1,2.41,5.8,0.504,110,4,81.6,25.8,25.9,1.0,0.03048,0.03614,0.41611,0.504,0.725,0.8,0.63226,0.11429,0.07305,0.29737,0,0,0,0
Vadodara,1,67.5,46.1,5.34,8.0,0.793,39,2,97.5,15.3,25.4,0.0,0.22489,0.32947,0.66786,0.79292,0.9025,0.9,0.94912,0.05714,0,0.27019,0,0,0,0
Bhavnagar,1,13.2,3.4,4.21,7.4,0.639,24,2,92.9,13.6,23.9,1.0,0.04398,0.0241,0.56877,0.63863,0.94,0.9,0.85765,0.05714,0,0.19513,1,0,0,0
Patan,0,2.7,0.2,1.52,6.0,0.181,70,1,54.3,4.4,30.9,0.0,0.00884,0.00178,0.25291,0.18131,0.825,0.95,0.08673,0.02857,0,0.54631,0,0,0,0
Patan,1,41.3,6.0,3.01,6.0,0.565,70,1,77.5,21.1,22.6,0.0,0.13768,0.04285,0.5023,0.56497,0.825,0.95,0.549,0.02857,0.01392,0.1323,0,0,0,0
Porbandar,1,26.4,17.0,3.64,6.2,0.688,8,1,85.7,14.9,29.6,1.0,0.08802,0.12139,0.58643,0.68849,0.98,0.95,0.71444,0.02857,0,0.48248,1,0,0,0
Bhuj,1,4.9,1.8,2.17,5.8,0.331,110,4,75.5,125.4,25.3,1.0,0.01648,0.01257,0.37331,0.33129,0.725,0.8,0.51025,0.11429,1,0.26706,0,0,1,0
Rajkot,1,25.8,12.4,3.01,7.2,0.551,134,3,75.0,10.2,23.4,0.0,0.08598,0.08886,0.41828,0.55136,0.665,0.85,0.50044,0.08571,0,0.1681,0,0,0,0
Patan,1,5.4,3.4,2.99,6.0,0.674,70,1,73.8,33.0,23.1,0.0,0.01804,0.02456,0.49778,0.67383,0.825,0.95,0.47568,0.02857,0.16296,0.15335,0,0,0,0
Jamnagar,0,5.0,2.5,3.4,6.5,0.441,20,2,57.8,38.9,30.9,1.0,0.01666,0.01756,0.52374,0.44112,0.95,0.9,0.15621,0.05714,0.23653,0.54287,0,0,0,0
Navsari,0,7.8,4.4,3.02,7.3,0.62,11,1,57.8,24.0,32.3,1.0,0.02605,0.03143,0.41308,0.61956,0.9725,0.95,0.15668,0.02857,0.04999,0.61546,0,0,0,0
Valsad,0,14.8,3.0,2.95,7.0,0.538,12,2,44.8,37.7,31.4,1.0,0.04934,0.02155,0.42157,0.5383,0.97,0.9,0,0.05714,0.22144,0.56916,0,0,1,0
Porbandar,1,18.7,6.2,3.71,6.2,0.751,8,1,91.6,15.0,27.0,1.0,0.06221,0.04462,0.59771,0.75063,0.98,0.95,0.83271,0.02857,0,0.35012,0,0,0,0
Ahmedabad,1,31.6,25.3,4.8,8.5,0.818,53,2,86.5,10.4,24.3,0.0,0.10523,0.18061,0.56444,0.8181,0.8675,0.9,0.73099,0.05714,0,0.213,0,0,0,0
Bhuj,1,8.8,5.4,2.02,5.8,0.523,110,4,85.8,28.5,27.6,1.0,0.02949,0.03875,0.34808,0.52274,0.725,0.8,0.71582,0.11429,0.10569,0.37988,1,0,0,0
Vadodara,1,12.5,4.7,3.8,8.0,0.735,39,2,88.6,52.3,24.8,0.0,0.04164,0.03344,0.47456,0.73478,0.9025,0.9,0.77195,0.05714,0.40368,0.24164,0,0,0,0
Vadodara,1,16.9,3.8,4.79,8.0,0.729,39,2,82.7,16.2,29.0,0.0,0.05618,0.0273,0.59887,0.72887,0.9025,0.9,0.65416,0.05714,0,0.45044,1,0,0,1
Vadodara,1,34.4,10.9,4.99,8.0,0.775,39,2,78.7,26.4,27.7,0.0,0.11463,0.078,0.62366,0.77478,0.9025,0.9,0.57359,0.05714,0.08062,0.38552,1,0,0,0
Vadodara,1,37.8,31.4,4.09,8.0,0.794,39,2,85.5,8.3,31.1,0.0,0.12604,0.22395,0.51134,0.79368,0.9025,0.9,0.71073,0.05714,0,0.55529,0,0,0,0
Navsari,1,44.1,9.7,5.23,7.3,0.978,11,1,82.7,23.7,26.4,1.0,0.1471,0.06935,0.71647,0.97767,0.9725,0.95,0.6542,0.02857,0.04685,0.31961,1,0,0,0
Vadodara,1,44.6,25.5,5.53,8.0,0.769,39,2,81.7,3.9,23.7,0.0,0.14869,0.18199,0.69179,0.7687,0.9025,0.9,0.63365,0.05714,0,0.18379,0,0,0,0
Dang,1,49.7,17.0,4.14,6.4,0.943,975,27,79.4,2.2,27.3,0.0,0.1658,0.12123,0.64651,0.94277,0,0,0.58834,0.77143,0,0.36596,0,1,0,0
Vadodara,0,7.8,1.2,3.69,8.0,0.478,39,2,63.1,24.8,31.7,0.0,0.02596,0.00824,0.46114,0.47824,0.9025,0.9,0.26208,0.05714,0.0606,0.58596,0,0,0,0
Dang,1,43.8,20.9,4.74,6.4,0.953,975,27,87.2,15.5,26.3,0.0,0.14593,0.14958,0.74112,0.95331,0,0,0.7432,0.77143,0,0.31503,1,0,0,0
Surat,1,81.4,35.4,7.86,9.4,0.929,13,1,78.2,5.7,24.9,1.0,0.27142,0.25266,0.83596,0.92949,0.9675,0.95,0.56354,0.02857,0,0.24564,1,0,0,0
Jamnagar,1,26.2,10.8,3.28,6.5,0.736,20,2,76.7,36.3,28.3,1.0,0.08723,0.07735,0.50439,0.73646,0.95,0.9,0.53466,0.05714,0.20433,0.41456,1,0,0,0
Valsad,1,6.3,1.8,4.28,7.0,0.909,12,2,76.3,14.4,23.7,1.0,0.02109,0.0131,0.61123,0.90946,0.97,0.9,0.52622,0.05714,0,0.18384,0,0,0,0
Jamnagar,0,0.7,0.5,3.75,6.5,0.214,20,2,72.6,50.3,35.0,1.0,0.00238,0.00331,0.57662,0.21441,0.95,0.9,0.45115,0.05714,0.3787,0.7505,0,0,1,0
Patan,1,11.6,3.2,3.08,6.0,0.616,70,1,71.4,30.0,30.2,0.0,0.0388,0.02277,0.51281,0.61586,0.825,0.95,0.42809,0.02857,0.12441,0.5125,0,0,0,0
Navsari,1,28.2,12.4,4.22,7.3,0.933,11,1,82.8,38.8,27.3,1.0,0.09411,0.08851,0.57757,0.93322,0.9725,0.95,0.65514,0.02857,0.23462,0.36352,0,0,0,0
Porbandar,1,12.5,8.2,3.3,6.2,0.676,8,1,81.6,2.8,29.1,1.0,0.04158,0.05866,0.5318,0.67611,0.98,0.95,0.63202,0.02857,0,0.45577,0,0,0,0
Surat,1,65.4,11.6,7.14,9.4,0.84,13,1,69.0,33.7,26.3,1.0,0.21807,0.08268,0.75925,0.8401,0.9675,0.95,0.38088,0.02857,0.17123,0.3168,1,0,0,1
Patan,1,36.0,14.4,3.47,6.0,0.536,70,1,87.0,3.7,26.1,0.0,0.12009,0.10288,0.57905,0.53616,0.825,0.95,0.74075,0.02857,0,0.3051,0,0,0,0
Porbandar,0,9.1,4.3,1.69,6.2,0.391,8,1,59.5,16.3,30.8,1.0,0.03024,0.03037,0.27255,0.39093,0.98,0.95,0.18902,0.02857,0,0.53975,0,0,0,0
Bhavnagar,1,25.7,8.4,3.37,7.4,0.548,24,2,82.9,39.2,26.0,1.0,0.08579,0.05986,0.45563,0.54756,0.94,0.9,0.65758,0.05714,0.24017,0.29809,0,0,1,0
Valsad,1,15.5,3.3,4.16,7.0,1.0,12,2,82.5,16.0,29.7,1.0,0.05161,0.02351,0.59443,1.0,0.97,0.9,0.65071,0.05714,0,0.48555,0,0,0,0
Navsari,0,4.0,2.1,2.58,7.3,0.509,11,1,55.9,30.5,34.1,1.0,0.01331,0.01492,0.35366,0.50925,0.9725,0.95,0.11766,0.02857,0.1311,0.70643,0,0,0,0
Bhavnagar,1,14.7,5.2,4.27,7.4,0.607,24,2,75.4,5.2,29.0,1.0,0.04916,0.03698,0.57745,0.60672,0.94,0.9,0.509,0.05714,0,0.45015,0,0,0,0
Dang,1,115.6,44.2,5.13,6.4,0.977,975,27,85.2,27.8,24.5,0.0,0.3855,0.31555,0.80136,0.97727,0,0,0.70317,0.77143,0.09738,0.22714,1,0,0,0
Ahmedabad,0,0.8,0.4,3.58,8.5,0.519,53,2,51.0,17.8,32.7,0.0,0.0028,0.00321,0.4215,0.51857,0.8675,0.9,0.01988,0.05714,0,0.63385,0,0,0,0
Ahmedabad,0,4.6,0.8,4.06,8.5,0.538,53,2,47.6,22.2,33.1,0.0,0.01543,0.00606,0.47751,0.53803,0.8675,0.9,0,0.05714,0.02721,0.65418,1,0,0,0
Dang,0,5.2,3.0,1.7,6.4,0.48,975,27,55.7,9.9,30.4,0.0,0.01734,0.0217,0.26638,0.47953,0,0,0.11335,0.77143,0,0.51796,0,0,0,0
Patan,1,12.7,4.1,3.76,6.0,0.632,70,1,97.2,20.2,25.4,0.0,0.04219,0.02911,0.62653,0.63214,0.825,0.95,0.94444,0.02857,0.00274,0.26806,0,0,0,0
Rajkot,1,32.1,10.2,3.67,7.2,0.541,134,3,66.1,25.6,29.6,0.0,0.10714,0.07297,0.50931,0.54121,0.665,0.85,0.32198,0.08571,0.07049,0.47797,0,0,0,0
Surat,0,6.6,1.5,4.59,9.4,0.544,13,1,60.1,18.7,30.2,1.0,0.02202,0.01052,0.48838,0.54375,0.9675,0.95,0.20171,0.02857,0,0.5089,0,0,0,0
Valsad,1,41.8,33.5,5.4,7.0,1.0,12,2,77.4,4.8,23.7,1.0,0.13938,0.23962,0.77145,1.0,0.97,0.9,0.54804,0.05714,0,0.18411,0,0,0,0
Jamnagar,1,23.8,1.6,3.31,6.5,0.712,20,2,88.3,11.9,28.3,1.0,0.07928,0.01122,0.50912,0.71232,0.95,0.9,0.7657,0.05714,0,0.41557,0,0,0,0
Vadodara,1,46.6,27.4,5.08,8.0,0.795,39,2,87.9,6.2,26.3,0.0,0.15549,0.19538,0.63459,0.79513,0.9025,0.9,0.75819,0.05714,0,0.31325,0,0,0,0
Valsad,0,12.1,6.9,3.46,7.0,0.544,12,2,56.9,17.9,32.4,1.0,0.0405,0.04956,0.49476,0.54385,0.97,0.9,0.13887,0.05714,0,0.62124,0,0,0,0
Valsad,0,4.1,2.4,4.17,7.0,0.547,12,2,38.2,10.0,33.6,1.0,0.0138,0.01727,0.59526,0.54749,0.97,0.9,0,0.05714,0,0.68057,1,0,0,0
Dang,0,10.4,4.6,3.67,6.4,0.672,975,27,49.6,9.4,34.0,0.0,0.03472,0.03292,0.57418,0.67169,0,0,0,0.77143,0,0.70038,0,0,0,0
Rajkot,1,15.8,8.2,4.14,7.2,0.635,134,3,77.1,14.6,25.9,0.0,0.05275,0.05844,0.57489,0.63546,0.665,0.85,0.54296,0.08571,0,0.29364,0,0,0,0
Surat,0,10.9,2.0,4.7,9.4,0.503,13,1,50.3,24.1,30.6,1.0,0.03648,0.01424,0.49988,0.50276,0.9675,0.95,0.0057,0.02857,0.05185,0.52866,0,0,0,0
Rajkot,0,7.3,1.5,3.23,7.2,0.128,134,3,52.9,24.4,35.0,0.0,0.02449,0.01092,0.44851,0.12845,0.665,0.85,0.05702,0.08571,0.05554,0.74785,0,0,0,0
Navsari,1,91.6,77.9,4.9,7.3,1.0,11,1,87.2,41.6,23.6,1.0,0.3054,0.55626,0.6706,1.0,0.9725,0.95,0.74327,0.02857,0.27002,0.17889,1,0,0,0
Ahmedabad,1,89.8,57.6,5.68,8.5,0.864,53,2,99.2,22.5,24.5,0.0,0.29922,0.41177,0.66835,0.86442,0.8675,0.9,0.985,0.05714,0.03136,0.22253,1,0,0,1
Valsad,0,1.9,0.5,2.71,7.0,0.521,12,2,45.5,24.4,34.6,1.0,0.00638,0.00365,0.38719,0.52083,0.97,0.9,0,0.05714,0.05458,0.7325,0,0,0,0
Vadodara,0,7.7,2.8,3.52,8.0,0.362,39,2,50.2,18.2,33.2,0.0,0.02559,0.02004,0.44003,0.36151,0.9025,0.9,0.00355,0.05714,0,0.66131,0,0,0,0
Surat,1,140.2,20.1,8.55,9.4,0.968,13,1,85.8,7.7,25.4,1.0,0.4672,0.14383,0.90925,0.96785,0.9675,0.95,0.71604,0.02857,0,0.27111,1,0,0,0
Dang,0,19.9,9.8,3.24,6.4,0.752,975,27,48.4,9.1,28.3,0.0,0.06646,0.07029,0.50588,0.75187,0,0,0,0.77143,0,0.41581,0,0,0,0
Dang,1,19.3,2.9,3.33,6.4,1.0,975,27,82.8,9.6,26.3,0.0,0.06423,0.02097,0.52068,1.0,0,0,0.65638,0.77143,0,0.31738,1,0,0,0
Surat,0,8.0,0.9,3.43,9.4,0.481,13,1,47.2,8.8,34.5,1.0,0.0268,0.00656,0.3652,0.48142,0.9675,0.95,0,0.02857,0,0.72262,0,0,0,0
Dang,0,5.8,1.5,3.63,6.4,0.638,975,27,53.6,18.6,31.1,0.0,0.01929,0.01051,0.56732,0.63827,0,0,0.07249,0.77143,0,0.55396,0,0,0,0
Rajkot,0,3.3,0.9,3.23,7.2,0.224,134,3,47.5,8.2,32.8,0.0,0.01097,0.00661,0.44904,0.22389,0.665,0.85,0,0.08571,0,0.64087,0,0,0,0
Rajkot,1,88.9,15.8,5.45,7.2,0.691,134,3,74.8,13.2,30.0,0.0,0.29647,0.1127,0.75743,0.69127,0.665,0.85,0.49614,0.08571,0,0.49909,0,0,0,0
Patan,1,9.1,2.3,2.96,6.0,0.467,70,1,76.0,3.2,30.4,0.0,0.03036,0.01654,0.49411,0.46652,0.825,0.95,0.52004,0.02857,0,0.51886,1,0,0,0
Patan,0,6.3,2.9,2.84,6.0,0.208,70,1,47.2,8.1,33.9,0.0,0.02101,0.02095,0.47372,0.20837,0.825,0.95,0,0.02857,0,0.69379,0,0,0,0
Surat,1,48.5,32.2,5.24,9.4,0.876,13,1,88.9,15.6,25.9,1.0,0.16169,0.22966,0.55791,0.87565,0.9675,0.95,0.77858,0.02857,0,0.29358,0,0,0,0
Patan,0,4.7,1.7,1.92,6.0,0.181,70,1,51.1,16.6,28.1,0.0,0.01574,0.01232,0.31946,0.18143,0.825,0.95,0.02132,0.02857,0,0.40384,0,0,0,0
Porbandar,1,24.1,11.6,2.78,6.2,0.654,8,1,85.8,12.5,28.2,1.0,0.0805,0.08318,0.44852,0.65359,0.98,0.95,0.7164,0.02857,0,0.41217,0,0,0,0
Dang,0,2.9,0.6,3.61,6.4,0.724,975,27,44.9,20.0,33.6,0.0,0.00954,0.00417,0.56378,0.72445,0,0,0,0.77143,0,0.67961,0,0,0,0
Dang,1,21.6,9.3,3.98,6.4,1.0,975,27,93.1,35.8,26.8,0.0,0.0721,0.06676,0.62223,1.0,0,0,0.86297,0.77143,0.19788,0.34122,0,1,1,0
Porbandar,0,1.1,0.5,2.68,6.2,0.275,8,1,47.7,20.8,34.5,1.0,0.00353,0.00379,0.43175,0.27507,0.98,0.95,0,0.02857,0.00984,0.72596,0,0,0,0
Navsari,1,84.5,55.2,4.72,7.3,0.999,11,1,94.6,24.5,22.6,1.0,0.28182,0.39416,0.64714,0.99878,0.9725,0.95,0.89253,0.02857,0.05563,0.12819,1,0,0,1
Bhavnagar,0,8.7,3.7,3.34,7.4,0.273,24,2,45.0,20.5,33.0,1.0,0.02904,0.02653,0.45099,0.27267,0.94,0.9,0,0.05714,0.00667,0.64882,0,0,0,0
Jamnagar,1,38.9,5.4,3.76,6.5,0.73,20,2,77.3,19.3,28.4,1.0,0.1297,0.03836,0.57774,0.7299,0.95,0.9,0.5457,0.05714,0,0.42131,1,0,0,0
Jamnagar,1,22.1,8.3,2.22,6.5,0.744,20,2,82.9,11.2,25.2,1.0,0.07376,0.05939,0.34191,0.74391,0.95,0.9,0.65762,0.05714,0,0.26078,0,0,0,0
Surat,1,53.6,14.9,6.36,9.4,0.928,13,1,86.2,24.9,26.4,1.0,0.1787,0.10672,0.67709,0.92755,0.9675,0.95,0.72393,0.02857,0.06065,0.32242,1,0,0,0
Bhuj,0,10.2,2.8,2.41,5.8,0.152,110,4,58.4,21.0,31.1,1.0,0.03406,0.02016,0.41509,0.1523,0.725,0.8,0.16861,0.11429,0.01271,0.55302,0,0,0,0
Ahmedabad,1,14.7,4.9,4.83,8.5,0.757,53,2,82.0,26.0,32.3,0.0,0.04911,0.03521,0.56879,0.75669,0.8675,0.9,0.63956,0.05714,0.07459,0.61677,0,0,0,0
Surat,1,29.4,20.5,5.0,9.4,0.865,13,1,73.0,14.7,26.4,1.0,0.09783,0.14645,0.5319,0.86519,0.9675,0.95,0.46093,0.02857,0,0.32249,0,1,0,0
Valsad,0,2.6,2.0,3.36,7.0,0.491,12,2,55.1,3.8,34.9,1.0,0.00878,0.0142,0.48057,0.49128,0.97,0.9,0.10145,0.05714,0,0.74483,0,0,0,0
Rajkot,0,4.8,0.7,2.34,7.2,0.354,134,3,56.8,14.8,29.3,0.0,0.01603,0.00521,0.32512,0.35363,0.665,0.85,0.13519,0.08571,0,0.46297,0,0,0,0
Porbandar,1,0.8,0.1,2.84,6.2,0.633,8,1,69.3,13.2,27.2,1.0,0.00261,0.00086,0.45798,0.63267,0.98,0.95,0.38669,0.02857,0,0.35806,0,1,0,0
Valsad,1,133.3,70.1,5.27,7.0,1.0,12,2,78.4,19.8,24.6,1.0,0.44428,0.50041,0.75317,1.0,0.97,0.9,0.56791,0.05714,0,0.23099,1,0,0,0
Navsari,1,189.7,29.4,8.31,7.3,1.0,11,1,100,142.6,25.4,1.0,0.63233,0.21019,1.13773,1.0,0.9725,0.95,1,0.02857,1,0.26892,1,0,1,1
Bhavnagar,1,37.0,7.6,4.8,7.4,0.697,24,2,84.9,13.3,31.2,1.0,0.12336,0.05433,0.64913,0.69706,0.94,0.9,0.69782,0.05714,0,0.55935,0,0,0,0
Navsari,1,81.4,30.4,5.44,7.3,0.899,11,1,81.9,25.2,29.3,1.0,0.27144,0.21697,0.74588,0.89948,0.9725,0.95,0.63758,0.02857,0.06446,0.46465,1,0,0,0
Vadodara,1,22.0,10.4,4.02,8.0,0.722,39,2,82.5,23.5,26.8,0.0,0.07347,0.07454,0.50253,0.72242,0.9025,0.9,0.64918,0.05714,0.04406,0.33773,0,0,0,0
Bhavnagar,0,6.6,4.4,3.47,7.4,0.413,24,2,57.0,30.7,29.0,1.0,0.022,0.03159,0.46938,0.41267,0.94,0.9,0.14016,0.05714,0.13324,0.45017,1,0,0,1
Porbandar,1,14.2,7.5,4.04,6.2,0.743,8,1,78.6,21.6,27.2,1.0,0.04735,0.05332,0.65106,0.74282,0.98,0.95,0.57144,0.02857,0.02039,0.35836,0,0,0,0
Jamnagar,1,6.9,2.9,2.79,6.5,0.603,20,2,84.8,35.6,28.2,1.0,0.02313,0.02086,0.42943,0.60339,0.95,0.9,0.69616,0.05714,0.19484,0.41031,0,0,0,0
Valsad,1,95.2,53.3,5.69,7.0,0.896,12,2,81.1,9.2,19.4,1.0,0.31727,0.38087,0.81327,0.89551,0.97,0.9,0.62116,0.05714,0,0,1,0,0,0
Valsad,1,26.8,9.3,4.52,7.0,0.98,12,2,77.1,23.4,26.3,1.0,0.08923,0.06618,0.6463,0.97976,0.97,0.9,0.54273,0.05714,0.04242,0.31568,0,0,0,0
Ahmedabad,1,29.2,7.3,4.59,8.5,0.882,53,2,83.6,5.8,29.9,0.0,0.0972,0.05226,0.53976,0.88163,0.8675,0.9,0.6713,0.05714,0,0.49744,0,1,0,0
Patan,1,22.2,3.3,4.53,6.0,0.494,70,1,76.1,6.1,27.4,0.0,0.07403,0.02387,0.7544,0.49439,0.825,0.95,0.52217,0.02857,0,0.37039,0,0,0,0
Navsari,0,6.4,1.2,2.6,7.3,0.577,11,1,39.7,10.6,30.0,1.0,0.02142,0.00827,0.35589,0.5768,0.9725,0.95,0,0.02857,0,0.49757,0,0,0,0
Porbandar,1,64.4,44.0,4.21,6.2,0.631,8,1,83.5,27.6,24.7,1.0,0.21464,0.31403,0.67868,0.63116,0.98,0.95,0.66963,0.02857,0.09448,0.23365,0,0,0,0
Bhavnagar,1,38.3,15.8,3.51,7.4,0.645,24,2,77.1,5.9,24.5,1.0,0.1276,0.11263,0.47427,0.64451,0.94,0.9,0.54243,0.05714,0,0.22697,1,0,0,0
Navsari,0,7.0,2.3,4.15,7.3,0.521,11,1,60.3,6.6,30.9,1.0,0.02319,0.01653,0.56896,0.52106,0.9725,0.95,0.20674,0.02857,0,0.54596,0,0,0,1
Valsad,1,39.2,9.4,3.59,7.0,1.0,12,2,74.6,33.8,26.7,1.0,0.13066,0.06707,0.51274,1.0,0.97,0.9,0.49248,0.05714,0.17243,0.33555,1,1,0,1
Surat,0,5.0,0.3,4.21,9.4,0.432,13,1,45.2,30.4,32.2,1.0,0.01677,0.0018,0.44741,0.43198,0.9675,0.95,0,0.02857,0.13061,0.61057,0,0,0,0
Jamnagar,0,0.5,0.2,1.81,6.5,0.287,20,2,59.5,7.7,32.8,1.0,0.00163,0.00139,0.27862,0.28693,0.95,0.9,0.18973,0.05714,0,0.63949,0,0,0,0
Bhavnagar,1,19.6,7.3,3.51,7.4,0.671,24,2,80.1,2.2,29.7,1.0,0.06524,0.05232,0.47474,0.67093,0.94,0.9,0.60222,0.05714,0,0.48385,1,0,0,0
Surat,1,30.4,24.3,5.1,9.4,0.747,13,1,80.4,9.0,27.5,1.0,0.10147,0.17384,0.54261,0.74694,0.9675,0.95,0.60862,0.02857,0,0.37681,0,0,0,0
Bhuj,1,13.7,7.8,3.05,5.8,0.547,110,4,85.6,11.2,24.1,1.0,0.04569,0.05571,0.52638,0.54702,0.725,0.8,0.71127,0.11429,0,0.20646,1,0,0,0
Ahmedabad,1,21.8,14.4,4.48,8.5,0.683,53,2,73.4,37.3,28.2,0.0,0.07253,0.10299,0.52656,0.68263,0.8675,0.9,0.46721,0.05714,0.21619,0.40952,0,0,0,0
Valsad,1,74.0,46.9,4.13,7.0,0.872,12,2,76.1,71.3,30.3,1.0,0.24681,0.33505,0.59065,0.87223,0.97,0.9,0.52138,0.05714,0.64159,0.51551,1,0,1,0
Bhuj,1,6.5,2.6,2.9,5.8,0.492,110,4,76.3,5.6,23.5,1.0,0.02167,0.01871,0.50076,0.49208,0.725,0.8,0.52656,0.11429,0,0.17532,0,0,0,0
Bhavnagar,0,4.6,2.6,2.15,7.4,0.532,24,2,54.1,42.6,31.8,1.0,0.01542,0.01827,0.29063,0.53205,0.94,0.9,0.08118,0.05714,0.28225,0.58828,0,0,0,0
Porbandar,1,19.5,6.8,3.23,6.2,0.698,8,1,76.4,13.2,28.7,1.0,0.06489,0.04877,0.52052,0.69789,0.98,0.95,0.52876,0.02857,0,0.43483,0,0,0,0
Jamnagar,0,6.1,1.3,3.18,6.5,0.214,20,2,64.4,11.7,29.7,1.0,0.02021,0.00937,0.48851,0.21354,0.95,0.9,0.28868,0.05714,0,0.48283,0,0,0,0
Bhuj,1,36.3,5.4,2.22,5.8,0.541,110,4,89.8,28.2,19.5,1.0,0.12086,0.03839,0.38206,0.54094,0.725,0.8,0.79684,0.11429,0.10236,0,0,0,0,1
Rajkot,1,35.0,9.0,3.94,7.2,0.645,134,3,84.7,14.9,27.1,0.0,0.11679,0.06446,0.54788,0.64486,0.665,0.85,0.69401,0.08571,0,0.35721,0,0,0,0
Patan,1,13.4,2.3,2.97,6.0,0.447,70,1,76.0,28.1,26.2,0.0,0.04472,0.0162,0.49475,0.44733,0.825,0.95,0.52048,0.02857,0.10095,0.31151,0,0,0,0
Dang,0,10.8,5.3,2.28,6.4,0.588,975,27,43.2,22.5,35.9,0.0,0.03588,0.03815,0.35658,0.58759,0,0,0,0.77143,0.03136,0.79615,0,0,0,0
Jamnagar,0,3.3,2.1,2.22,6.5,0.387,20,2,47.2,4.5,33.8,1.0,0.01106,0.01478,0.3417,0.38733,0.95,0.9,0,0.05714,0,0.6875,0,0,0,0
Ahmedabad,1,23.6,8.5,4.79,8.5,0.913,53,2,81.8,2,20.7,0.0,0.07858,0.06073,0.56392,0.91294,0.8675,0.9,0.6363,0.05714,0,0.03408,1,0,0,0
Rajkot,0,7.3,3.4,3.03,7.2,0.182,134,3,47.5,59.7,36.5,0.0,0.02427,0.02402,0.42129,0.18202,0.665,0.85,0,0.08571,0.49609,0.82285,0,0,0,0
Jamnagar,1,66.1,28.5,5.07,6.5,0.705,20,2,84.4,25.4,25.2,1.0,0.22024,0.20323,0.77976,0.705,0.95,0.9,0.68865,0.05714,0.06715,0.26143,0,0,0,0
Valsad,1,12.1,6.2,4.74,7.0,0.94,12,2,81.8,25.0,25.3,1.0,0.04025,0.04408,0.67783,0.93988,0.97,0.9,0.63526,0.05714,0.06297,0.26413,0,0,0,1
Porbandar,1,5.9,1.2,2.57,6.2,0.585,8,1,81.3,8.9,29.4,1.0,0.01961,0.00882,0.4151,0.58523,0.98,0.95,0.626,0.02857,0,0.46779,0,0,0,0
Ahmedabad,1,75.1,20.8,5.26,8.5,0.75,53,2,79.6,3.1,26.8,0.0,0.25023,0.14893,0.61873,0.74995,0.8675,0.9,0.59279,0.05714,0,0.34096,0,0,0,0
Valsad,1,10.9,7.2,3.82,7.0,1.0,12,2,81.6,36.2,24.1,1.0,0.03629,0.0512,0.54545,1.0,0.97,0.9,0.63284,0.05714,0.203,0.20547,0,0,0,0
Ahmedabad,1,29.7,8.5,4.43,8.5,0.725,53,2,84.3,28.8,25.2,0.0,0.09888,0.06068,0.52152,0.72549,0.8675,0.9,0.6851,0.05714,0.11032,0.26068,1,0,0,0
Patan,0,4.4,1.7,3.22,6.0,0.3,70,1,49.7,50.0,32.0,0.0,0.01476,0.01224,0.53714,0.30024,0.825,0.95,0,0.02857,0.37447,0.59788,1,0,0,0
Surat,0,2.6,0.9,3.73,9.4,0.472,13,1,50.5,20.2,33.2,1.0,0.00857,0.00618,0.39647,0.47196,0.9675,0.95,0.00997,0.02857,0.00293,0.65838,0,0,0,0
Dang,1,58.1,7.1,4.18,6.4,0.986,975,27,92.0,2,25.2,0.0,0.19353,0.05047,0.65318,0.98554,0,0,0.84089,0.77143,0,0.25791,0,1,0,0
Bhuj,1,4.4,0.5,2.33,5.8,0.473,110,4,97.0,10.1,30.8,1.0,0.01464,0.00379,0.40219,0.473,0.725,0.8,0.9398,0.11429,0,0.53863,0,0,0,0
Rajkot,1,5.5,3.0,3.08,7.2,0.608,134,3,82.3,5.6,27.5,0.0,0.01843,0.02131,0.42743,0.60781,0.665,0.85,0.64568,0.08571,0,0.37495,0,0,0,0
Navsari,0,10.4,6.5,2.82,7.3,0.437,11,1,52.4,38.8,31.0,1.0,0.03454,0.04662,0.38676,0.4369,0.9725,0.95,0.04863,0.02857,0.23472,0.54773,0,0,1,0
Ahmedabad,1,18.9,6.2,5.15,8.5,0.737,53,2,80.8,15.3,31.2,0.0,0.06286,0.04433,0.60602,0.73698,0.8675,0.9,0.61612,0.05714,0,0.56141,0,0,0,0
Rajkot,1,4.4,1.3,3.95,7.2,0.611,134,3,81.3,7.0,30.0,0.0,0.01456,0.0093,0.548,0.61119,0.665,0.85,0.62531,0.08571,0,0.49833,0,0,0,0
Rajkot,1,31.4,14.3,3.7,7.2,0.551,134,3,71.6,29.9,26.2,0.0,0.1045,0.10228,0.51383,0.55052,0.665,0.85,0.43104,0.08571,0.12411,0.30837,1,0,0,1
Rajkot,1,18.5,0.9,3.01,7.2,0.644,134,3,79.4,30.1,28.2,0.0,0.06178,0.00662,0.41743,0.64404,0.665,0.85,0.58797,0.08571,0.12605,0.41234,1,0,0,0
Vadodara,0,5.6,0.8,3.52,8.0,0.379,39,2,42.7,2,33.4,0.0,0.01882,0.00572,0.44058,0.37901,0.9025,0.9,0,0.05714,0,0.67182,0,0,0,0
Navsari,0,9.1,3.4,3.43,7.3,0.625,11,1,50.5,27.8,32.0,1.0,0.03041,0.02444,0.46962,0.62474,0.9725,0.95,0.01054,0.02857,0.09725,0.59952,0,0,1,0
Surat,1,26.2,3.8,5.54,9.4,0.933,13,1,84.0,28.8,27.3,1.0,0.08747,0.02697,0.58899,0.93346,0.9675,0.95,0.68033,0.02857,0.10954,0.36422,1,0,0,0
Navsari,0,25.1,11.9,3.54,7.3,0.504,11,1,61.7,2.8,29.3,1.0,0.08355,0.08471,0.4856,0.50367,0.9725,0.95,0.23331,0.02857,0,0.46535,0,0,0,0
Jamnagar,0,5.0,0.2,2.37,6.5,0.312,20,2,50.7,12.0,35.0,1.0,0.01655,0.00177,0.36479,0.31165,0.95,0.9,0.01473,0.05714,0,0.74921,0,0,0,0
Jamnagar,1,12.1,8.2,2.85,6.5,0.699,20,2,84.7,23.3,26.1,1.0,0.04039,0.05829,0.4388,0.69938,0.95,0.9,0.69419,0.05714,0.04083,0.30464,0,0,0,0
Surat,1,26.9,3.6,5.56,9.4,0.848,13,1,85.2,28.9,26.5,1.0,0.08964,0.02542,0.5912,0.84776,0.9675,0.95,0.70497,0.02857,0.11138,0.32317,0,0,0,0
Jamnagar,0,3.9,3.3,3.42,6.5,0.299,20,2,39.3,56.2,30.2,1.0,0.01309,0.02383,0.52633,0.29941,0.95,0.9,0,0.05714,0.45257,0.50789,0,0,0,0
Surat,1,31.2,20.7,6.27,9.4,0.937,13,1,96.6,9.4,24.2,1.0,0.104,0.14783,0.66681,0.93716,0.9675,0.95,0.93296,0.02857,0,0.20804,0,0,0,0
Bhavnagar,1,15.3,9.1,3.78,7.4,0.752,24,2,81.8,19.5,26.0,1.0,0.05087,0.06528,0.51083,0.75161,0.94,0.9,0.63655,0.05714,0,0.29769,0,0,0,0
Navsari,1,10.3,6.3,4.1,7.3,0.888,11,1,76.5,20.6,28.5,1.0,0.03446,0.04477,0.56208,0.88779,0.9725,0.95,0.53012,0.02857,0.00767,0.42723,0,0,0,0
Navsari,0,9.9,3.6,2.84,7.3,0.614,11,1,42.1,8.7,29.9,1.0,0.03304,0.02595,0.38851,0.6143,0.9725,0.95,0,0.02857,0,0.49306,0,0,0,0
Valsad,1,135.6,85.5,4.84,7.0,1.0,12,2,78.4,46.8,25.7,1.0,0.4521,0.6104,0.69151,1.0,0.97,0.9,0.56737,0.05714,0.33478,0.28481,1,0,0,0
Patan,0,2.9,0.4,1.41,6.0,0.133,70,1,65.0,10.6,29.6,0.0,0.0097,0.00267,0.23527,0.13318,0.825,0.95,0.29999,0.02857,0,0.47755,0,0,0,0
Surat,0,6.1,1.8,4.4,9.4,0.496,13,1,65.7,108.8,34.4,1.0,0.02021,0.01309,0.468,0.4955,0.9675,0.95,0.31461,0.02857,1,0.72065,0,0,1,0
Bhavnagar,0,2.8,1.3,2.81,7.4,0.356,24,2,39.8,64.8,29.1,1.0,0.00946,0.00926,0.37992,0.35641,0.94,0.9,0,0.05714,0.56011,0.45261,0,0,0,0
Porbandar,0,5.9,3.4,2.45,6.2,0.35,8,1,52.2,9.6,33.9,1.0,0.0198,0.02445,0.39584,0.35028,0.98,0.95,0.04451,0.02857,0,0.69615,0,0,0,0
Jamnagar,1,22.5,7.8,2.87,6.5,0.622,20,2,72.0,12.9,26.2,1.0,0.07512,0.05598,0.44223,0.62221,0.95,0.9,0.44084,0.05714,0,0.31159,0,0,1,0
Jamnagar,0,12.6,2.7,2.07,6.5,0.303,20,2,58.4,23.4,31.0,1.0,0.04189,0.0193,0.31843,0.30273,0.95,0.9,0.16752,0.05714,0.04242,0.55187,0,0,0,0
Patan,1,29.3,6.4,3.1,6.0,0.527,70,1,81.7,22.9,28.5,0.0,0.09776,0.04558,0.51719,0.52663,0.825,0.95,0.63332,0.02857,0.03616,0.42691,1,0,0,0
Porbandar,0,7.1,4.6,3.4,6.2,0.29,8,1,48.6,8.4,28.8,1.0,0.02364,0.03258,0.54842,0.28964,0.98,0.95,0,0.02857,0,0.43751,0,0,0,0
Porbandar,0,7.0,2.2,3.07,6.2,0.399,8,1,65.6,5.4,30.2,1.0,0.02348,0.01586,0.49544,0.39854,0.98,0.95,0.31106,0.02857,0,0.512,0,0,0,0
Ahmedabad,1,2.7,1.6,4.06,8.5,0.769,53,2,83.2,18.0,30.5,0.0,0.00901,0.0115,0.47784,0.76941,0.8675,0.9,0.66453,0.05714,0,0.52273,1,0,0,0
Bhavnagar,1,76.4,42.6,4.97,7.4,0.758,24,2,85.7,12.8,26.6,1.0,0.25466,0.30458,0.6718,0.75831,0.94,0.9,0.71446,0.05714,0,0.33238,0,0,0,0
Valsad,0,9.7,2.2,3.17,7.0,0.585,12,2,56.0,4.7,33.4,1.0,0.03229,0.01556,0.45308,0.58525,0.97,0.9,0.11955,0.05714,0,0.67203,0,0,0,0
Ahmedabad,1,45.1,7.8,4.92,8.5,0.746,53,2,73.9,11.2,23.9,0.0,0.15019,0.05538,0.5785,0.74637,0.8675,0.9,0.47702,0.05714,0,0.19609,0,0,1,0
Ahmedabad,0,11.0,5.9,3.86,8.5,0.488,53,2,48.3,55.3,30.4,0.0,0.03664,0.04228,0.45377,0.48768,0.8675,0.9,0,0.05714,0.44176,0.51949,0,0,0,1
Valsad,1,188.9,44.6,7.51,7.0,1.0,12,2,90.1,14.6,24.8,1.0,0.62982,0.31849,1.07345,1.0,0.97,0.9,0.80249,0.05714,0,0.24133,1,0,0,1
Patan,1,8.5,3.1,2.28,6.0,0.492,70,1,73.4,9.0,27.4,0.0,0.02822,0.02233,0.38042,0.4915,0.825,0.95,0.46882,0.02857,0,0.37118,0,0,0,0
Porbandar,0,9.3,3.7,3.15,6.2,0.363,8,1,54.6,15.9,33.8,1.0,0.03102,0.02644,0.50807,0.36291,0.98,0.95,0.09165,0.02857,0,0.69103,0,0,0,0
Vadodara,1,48.8,14.8,4.56,8.0,0.64,39,2,76.8,5.9,26.2,0.0,0.16254,0.10568,0.57024,0.63965,0.9025,0.9,0.5353,0.05714,0,0.31007,0,0,0,0
Jamnagar,0,7.7,2.1,1.83,6.5,0.3,20,2,50.8,8.4,34.3,1.0,0.02555,0.01526,0.28211,0.29986,0.95,0.9,0.01689,0.05714,0,0.71649,0,0,0,0
Rajkot,1,33.6,18.3,3.8,7.2,0.61,134,3,97.6,4.5,26.5,0.0,0.11186,0.13076,0.52744,0.60992,0.665,0.85,0.95223,0.08571,0,0.32476,0,0,0,0
Bhuj,1,13.3,0.9,2.68,5.8,0.489,110,4,83.5,14.3,24.3,1.0,0.04418,0.00627,0.46241,0.48878,0.725,0.8,0.66998,0.11429,0,0.21677,0,0,0,0
Porbandar,0,11.4,2.9,0.94,6.2,0.332,8,1,51.6,6.8,30.7,1.0,0.03789,0.02103,0.15099,0.33226,0.98,0.95,0.03156,0.02857,0,0.53321,0,0,0,0
Ahmedabad,0,3.2,0.6,3.15,8.5,0.524,53,2,62.3,25.2,32.5,0.0,0.01064,0.00417,0.37018,0.52427,0.8675,0.9,0.24506,0.05714,0.06504,0.62702,0,0,0,0
Rajkot,0,1.5,0.5,2.19,7.2,0.226,134,3,60.6,32.3,32.4,0.0,0.00513,0.00383,0.30353,0.22617,0.665,0.85,0.21292,0.08571,0.15337,0.61852,0,0,1,0
Bhuj,0,1.4,0.7,1.52,5.8,0.02,110,4,61.1,6.2,32.5,1.0,0.00477,0.00523,0.26137,0.02,0.725,0.8,0.22236,0.11429,0,0.62483,0,0,0,0
Rajkot,0,2.3,1.2,1.5,7.2,0.283,134,3,54.4,5.7,37.2,0.0,0.00772,0.00828,0.20853,0.28273,0.665,0.85,0.08735,0.08571,0,0.85984,0,0,0,0
Jamnagar,0,1.0,0.1,2.22,6.5,0.219,20,2,41.9,50.4,32.9,1.0,0.00318,0.00077,0.34093,0.21907,0.95,0.9,0,0.05714,0.37967,0.64421,0,0,0,0
Ahmedabad,0,5.8,1.1,3.71,8.5,0.465,53,2,46.5,24.8,32.3,0.0,0.01924,0.00779,0.43664,0.46515,0.8675,0.9,0,0.05714,0.06055,0.61295,0,0,0,0
Dang,1,205.4,80.3,7.31,6.4,1.0,975,27,82.8,26.0,24.0,0.0,0.68477,0.57382,1.14214,1.0,0,0,0.65601,0.77143,0.07498,0.20132,0,0,0,0
Valsad,1,21.3,8.5,3.41,7.0,0.861,12,2,75.2,24.8,26.2,1.0,0.07103,0.06097,0.48665,0.86141,0.97,0.9,0.50352,0.05714,0.05942,0.30853,1,0,0,0
Bhavnagar,0,1.3,0.8,2.93,7.4,0.432,24,2,55.9,37.7,31.3,1.0,0.00435,0.0054,0.39612,0.43233,0.94,0.9,0.11812,0.05714,0.2218,0.56299,1,0,0,0
Surat,0,4.0,1.0,4.69,9.4,0.534,13,1,53.9,8.9,32.4,1.0,0.01344,0.00683,0.49887,0.53403,0.9675,0.95,0.07895,0.02857,0,0.62001,0,0,0,0
Jamnagar,1,26.1,12.2,3.4,6.5,0.647,20,2,69.7,16.2,28.3,1.0,0.087,0.0871,0.52336,0.64688,0.95,0.9,0.39406,0.05714,0,0.41662,0,0,0,0
Surat,1,14.4,12.2,5.38,9.4,0.991,13,1,81.0,6.2,25.8,1.0,0.04801,0.08744,0.57222,0.99109,0.9675,0.95,0.61962,0.02857,0,0.28961,0,0,0,0
Ahmedabad,0,12.3,3.9,2.93,8.5,0.384,53,2,49.0,26.4,30.1,0.0,0.04084,0.02766,0.34422,0.38378,0.8675,0.9,0,0.05714,0.08001,0.50635,0,0,0,0
Porbandar,1,32.0,4.3,3.53,6.2,0.844,8,1,82.7,15.9,27.4,1.0,0.10671,0.03083,0.56933,0.8438,0.98,0.95,0.65336,0.02857,0,0.36812,0,0,0,0
Jamnagar,0,10.6,0.9,2.42,6.5,0.361,20,2,46.0,8.4,31.8,1.0,0.03523,0.00664,0.37277,0.36128,0.95,0.9,0,0.05714,0,0.59106,0,0,0,0
Valsad,1,33.6,16.9,5.04,7.0,1.0,12,2,77.9,4.3,28.6,1.0,0.11197,0.12039,0.72063,0.99985,0.97,0.9,0.55829,0.05714,0,0.43116,0,0,0,0
Jamnagar,1,22.9,12.6,2.41,6.5,0.754,20,2,70.2,11.4,25.0,1.0,0.07625,0.09024,0.37142,0.75382,0.95,0.9,0.40341,0.05714,0,0.25065,1,0,0,0
Navsari,1,25.0,4.2,4.48,7.3,0.773,11,1,82.6,16.3,24.4,1.0,0.08326,0.03022,0.61314,0.77344,0.9725,0.95,0.65196,0.02857,0,0.2212,0,0,0,0
Bhuj,1,18.7,5.7,3.29,5.8,0.42,110,4,83.2,79.5,25.8,1.0,0.06228,0.04098,0.56761,0.41995,0.725,0.8,0.66428,0.11429,0.74347,0.29023,0,0,1,0
Rajkot,1,4.2,2.4,3.4,7.2,0.561,134,3,85.3,12.1,26.2,0.0,0.01396,0.01713,0.47235,0.56086,0.665,0.85,0.70593,0.08571,0,0.30765,0,0,0,0
Navsari,1,20.3,9.5,4.0,7.3,0.812,11,1,73.5,24.1,26.2,1.0,0.0675,0.06796,0.54743,0.81245,0.9725,0.95,0.46947,0.02857,0.05067,0.30842,0,0,0,0
Vadodara,1,74.7,42.4,5.18,8.0,0.771,39,2,71.3,13.6,26.4,0.0,0.24885,0.30302,0.64714,0.77076,0.9025,0.9,0.42618,0.05714,0,0.3215,0,0,0,0
Navsari,1,50.6,17.5,4.68,7.3,0.71,11,1,81.7,3.7,28.6,1.0,0.16867,0.12472,0.64103,0.7098,0.9725,0.95,0.63429,0.02857,0,0.42939,1,0,0,1
Navsari,1,21.3,11.6,4.19,7.3,0.915,11,1,84.1,3.1,24.6,1.0,0.07103,0.08277,0.57371,0.91511,0.9725,0.95,0.68247,0.02857,0,0.23019,1,0,0,0
Valsad,0,22.6,8.5,3.23,7.0,0.675,12,2,44.4,29.3,32.2,1.0,0.07539,0.06091,0.46198,0.67486,0.97,0.9,0,0.05714,0.11639,0.61023,0,0,0,0
Bhavnagar,1,35.2,7.4,4.18,7.4,0.721,24,2,77.1,22.6,26.1,1.0,0.11737,0.05262,0.56512,0.72142,0.94,0.9,0.54147,0.05714,0.03225,0.3064,1,0,0,0
Jamnagar,1,55.4,17.7,3.56,6.5,0.714,20,2,83.7,2,25.9,1.0,0.18469,0.12658,0.54825,0.71379,0.95,0.9,0.67389,0.05714,0,0.29716,0,0,0,0
Navsari,0,5.6,2.1,3.43,7.3,0.611,11,1,56.2,2,31.6,1.0,0.01851,0.01505,0.4705,0.61115,0.9725,0.95,0.12304,0.02857,0,0.57871,0,0,0,0
Dang,0,3.6,1.6,2.77,6.4,0.6,975,27,50.6,19.9,32.0,0.0,0.012,0.01152,0.43316,0.5996,0,0,0.01199,0.77143,0,0.60176,0,0,0,0
Bhavnagar,1,21.8,12.3,4.07,7.4,0.669,24,2,76.6,7.3,30.1,1.0,0.07279,0.08811,0.54933,0.66871,0.94,0.9,0.53173,0.05714,0,0.50678,1,0,0,0
Porbandar,0,3.6,1.2,3.13,6.2,0.381,8,1,56.4,15.2,33.1,1.0,0.01186,0.00887,0.50514,0.38059,0.98,0.95,0.12899,0.02857,0,0.6568,0,0,1,0
Bhavnagar,0,3.1,1.2,2.13,7.4,0.347,24,2,53.1,24.9,33.7,1.0,0.01035,0.0083,0.28763,0.3472,0.94,0.9,0.06236,0.05714,0.06134,0.68348,0,0,0,0
Patan,1,44.0,22.2,2.39,6.0,0.629,70,1,69.7,46.9,26.6,0.0,0.1466,0.15851,0.39832,0.62937,0.825,0.95,0.39427,0.02857,0.33629,0.3322,0,0,0,0
Valsad,0,2.5,1.4,3.36,7.0,0.547,12,2,45.8,14.7,33.2,1.0,0.00842,0.00973,0.48042,0.54677,0.97,0.9,0,0.05714,0,0.66037,0,0,0,0
Vadodara,1,26.4,22.4,4.86,8.0,0.774,39,2,71.8,5.6,24.8,0.0,0.0879,0.16011,0.60735,0.77358,0.9025,0.9,0.43566,0.05714,0,0.24097,0,0,0,0
Surat,0,6.0,4.3,4.12,9.4,0.522,13,1,60.0,31.8,33.2,1.0,0.01998,0.03088,0.43848,0.52221,0.9675,0.95,0.20069,0.02857,0.14756,0.65854,1,0,0,0
Jamnagar,0,15.2,12.9,2.62,6.5,0.243,20,2,55.1,17.3,34.9,1.0,0.05055,0.09208,0.40355,0.24301,0.95,0.9,0.10214,0.05714,0,0.74466,0,0,0,0
Jamnagar,1,28.7,21.9,3.06,6.5,0.681,20,2,95.2,36.5,28.8,1.0,0.09558,0.15669,0.47122,0.68124,0.95,0.9,0.90353,0.05714,0.20565,0.44143,0,0,0,0
Porbandar,1,39.4,23.4,3.06,6.2,0.63,8,1,82.6,6.1,29.6,1.0,0.13133,0.16691,0.49434,0.63016,0.98,0.95,0.65123,0.02857,0,0.47952,0,0,0,1
Surat,1,131.9,6.6,8.56,9.4,0.975,13,1,78.1,9.3,24.6,1.0,0.43968,0.04712,0.91029,0.9745,0.9675,0.95,0.5627,0.02857,0,0.22909,1,0,0,0
Bhavnagar,1,54.3,7.7,3.96,7.4,0.704,24,2,74.7,2,29.9,1.0,0.18105,0.05501,0.53494,0.70397,0.94,0.9,0.49311,0.05714,0,0.49271,0,0,0,0
Porbandar,1,42.4,24.5,3.96,6.2,0.817,8,1,80.4,5.3,23.6,1.0,0.14125,0.1749,0.63867,0.81729,0.98,0.95,0.6072,0.02857,0,0.17819,1,0,0,0
Rajkot,1,14.8,10.3,4.66,7.2,0.636,134,3,77.2,40.6,25.4,0.0,0.04942,0.07369,0.64755,0.63623,0.665,0.85,0.54384,0.08571,0.25806,0.27235,0,0,0,0
Jamnagar,1,11.2,4.3,2.61,6.5,0.679,20,2,81.9,56.0,30.3,1.0,0.03744,0.03076,0.40203,0.67889,0.95,0.9,0.63865,0.05714,0.44978,0.51478,0,0,0,1
Porbandar,1,91.9,67.2,4.3,6.2,0.78,8,1,84.7,29.9,29.2,1.0,0.30638,0.47967,0.69338,0.77978,0.98,0.95,0.69395,0.02857,0.12368,0.4604,1,0,0,0
Porbandar,0,10.9,5.1,2.68,6.2,0.25,8,1,54.7,41.2,34.1,1.0,0.03627,0.03647,0.43223,0.25024,0.98,0.95,0.09394,0.02857,0.26493,0.70715,1,0,0,0
Vadodara,1,15.6,11.7,4.52,8.0,0.772,39,2,73.6,18.3,27.9,0.0,0.05186,0.08348,0.56469,0.77184,0.9025,0.9,0.47102,0.05714,0,0.39386,0,1,0,0
Jamnagar,0,5.8,1.7,2.32,6.5,0.344,20,2,36.2,9.5,30.4,1.0,0.0192,0.01188,0.35659,0.34417,0.95,0.9,0,0.05714,0,0.51813,0,0,0,0
Valsad,1,40.5,12.5,4.53,7.0,0.932,12,2,82.1,62.7,25.4,1.0,0.13489,0.08895,0.6478,0.93178,0.97,0.9,0.6421,0.05714,0.53414,0.26869,1,0,0,0
Porbandar,1,20.5,4.4,2.78,6.2,0.712,8,1,79.9,22.0,24.4,1.0,0.06817,0.03142,0.44778,0.71237,0.98,0.95,0.59777,0.02857,0.0246,0.22114,0,0,0,0
Navsari,1,102.7,59.4,5.44,7.3,0.962,11,1,89.8,3.3,25.6,1.0,0.34224,0.42437,0.74561,0.96182,0.9725,0.95,0.79693,0.02857,0,0.28247,1,0,0,1
Ahmedabad,1,34.4,10.1,5.41,8.5,0.804,53,2,85.3,20.1,26.6,0.0,0.11469,0.07238,0.63678,0.80441,0.8675,0.9,0.70667,0.05714,0.0007,0.32811,0,0,0,0
Ahmedabad,1,28.2,10.6,4.71,8.5,0.762,53,2,73.8,2,29.6,0.0,0.09389,0.07594,0.55444,0.76203,0.8675,0.9,0.47576,0.05714,0,0.48144,0,0,0,0
Porbandar,0,4.5,3.0,2.94,6.2,0.25,8,1,53.6,3.8,31.1,1.0,0.01501,0.02178,0.47478,0.24962,0.98,0.95,0.07226,0.02857,0,0.55463,0,0,0,0
Bhavnagar,1,57.5,29.1,4.86,7.4,0.841,24,2,86.5,39.9,29.9,1.0,0.19179,0.20782,0.65617,0.84116,0.94,0.9,0.72919,0.05714,0.24892,0.49347,1,0,1,0
Dang,1,48.1,18.1,4.5,6.4,0.991,975,27,77.0,23.6,27.9,0.0,0.1602,0.12955,0.70365,0.99057,0,0,0.54026,0.77143,0.04541,0.39368,0,0,0,1
Navsari,1,18.4,5.8,3.87,7.3,0.849,11,1,86.2,2.9,24.6,1.0,0.06134,0.04123,0.52963,0.84854,0.9725,0.95,0.72391,0.02857,0,0.23004,0,0,0,0
Rajkot,1,14.8,10.2,2.2,7.2,0.538,134,3,81.0,9.5,28.8,0.0,0.04929,0.07267,0.30562,0.53807,0.665,0.85,0.62099,0.08571,0,0.44197,0,0,0,0
Patan,1,69.3,43.5,3.22,6.0,0.613,70,1,80.5,31.2,29.0,0.0,0.23112,0.3108,0.53619,0.61275,0.825,0.95,0.60963,0.02857,0.14008,0.44754,1,0,0,0
Navsari,1,26.8,9.2,4.64,7.3,0.918,11,1,79.7,21.5,26.8,1.0,0.0895,0.06605,0.63599,0.91796,0.9725,0.95,0.59311,0.02857,0.01833,0.3412,1,0,0,0
Vadodara,0,0.8,0.2,3.69,8.0,0.517,39,2,48.6,10.8,28.7,0.0,0.00258,0.00116,0.46097,0.51696,0.9025,0.9,0,0.05714,0,0.43481,1,0,0,0
Ahmedabad,0,2.0,0.7,3.5,8.5,0.551,53,2,57.6,23.6,32.2,0.0,0.00663,0.00497,0.41212,0.55118,0.8675,0.9,0.15101,0.05714,0.0449,0.61021,0,0,0,0
Porbandar,0,7.3,1.0,2.87,6.2,0.24,8,1,43.0,17.0,34.4,1.0,0.02441,0.007,0.46283,0.24032,0.98,0.95,0,0.02857,0,0.71776,0,0,0,0
Jamnagar,1,9.9,2.1,3.53,6.5,0.706,20,2,72.2,22.5,28.0,1.0,0.03304,0.01495,0.54248,0.70594,0.95,0.9,0.44313,0.05714,0.03109,0.39967,0,0,1,0
Valsad,1,66.7,36.5,6.01,7.0,1.0,12,2,83.8,32.5,27.9,1.0,0.22232,0.26055,0.85835,1.0,0.97,0.9,0.67596,0.05714,0.1559,0.39696,1,0,0,0
Surat,1,13.7,4.6,4.82,9.4,0.737,13,1,90.4,21.5,25.7,1.0,0.04568,0.03265,0.51304,0.7372,0.9675,0.95,0.80852,0.02857,0.01816,0.28581,0,0,0,0
Valsad,0,5.0,1.9,3.29,7.0,0.667,12,2,53.9,20.8,34.4,1.0,0.0167,0.01386,0.46991,0.66691,0.97,0.9,0.07804,0.05714,0.00947,0.72092,0,0,0,0
Bhuj,1,0.6,0.4,1.98,5.8,0.538,110,4,78.1,12.6,27.4,1.0,0.00214,0.00273,0.34169,0.53799,0.725,0.8,0.56113,0.11429,0,0.36798,1,0,0,0
Ahmedabad,0,2.0,1.4,3.5,8.5,0.335,53,2,41.8,25.8,35.0,0.0,0.00669,0.01028,0.4116,0.33522,0.8675,0.9,0,0.05714,0.07299,0.75141,0,0,0,0
Surat,0,21.7,5.3,4.23,9.4,0.571,13,1,33.8,5.9,30.5,1.0,0.07238,0.03764,0.4499,0.57089,0.9675,0.95,0,0.02857,0,0.52562,0,0,0,0
Vadodara,0,18.0,1.0,2.88,8.0,0.42,39,2,50.6,34.5,36.4,0.0,0.0601,0.00742,0.35983,0.42032,0.9025,0.9,0.01264,0.05714,0.18165,0.81907,0,0,0,0
Patan,1,32.7,22.8,2.51,6.0,0.528,70,1,83.5,19.3,29.7,0.0,0.10897,0.16289,0.41908,0.52822,0.825,0.95,0.66948,0.02857,0,0.48321,0,0,0,0
Dang,1,47.9,3.8,3.89,6.4,1.0,975,27,92.6,26.3,23.7,0.0,0.15981,0.02716,0.60835,1.0,0,0,0.85216,0.77143,0.07923,0.18716,0,0,0,1
Navsari,1,42.4,17.9,5.47,7.3,0.826,11,1,75.5,14.2,25.5,1.0,0.14122,0.12757,0.74865,0.82556,0.9725,0.95,0.51,0.02857,0,0.27503,0,0,0,0
Jamnagar,1,64.8,36.9,3.55,6.5,0.828,20,2,69.0,26.0,28.1,1.0,0.21593,0.26348,0.54654,0.82763,0.95,0.9,0.37971,0.05714,0.07445,0.40369,0,0,0,0
Bhuj,0,3.4,1.1,3.4,5.8,0.152,110,4,61.5,15.0,32.0,1.0,0.01126,0.00787,0.5868,0.15198,0.725,0.8,0.23007,0.11429,0,0.5999,0,0,0,0
Surat,1,69.6,18.1,6.3,9.4,0.922,13,1,88.7,11.3,26.5,1.0,0.23208,0.12898,0.66985,0.92186,0.9675,0.95,0.77488,0.02857,0,0.32645,1,0,0,0
Surat,1,22.8,7.3,5.42,9.4,0.876,13,1,82.2,31.7,28.6,1.0,0.07593,0.05221,0.57687,0.87589,0.9675,0.95,0.64459,0.02857,0.14683,0.42779,0,0,0,0
Vadodara,0,1.1,0.3,3.2,8.0,0.407,39,2,57.6,10.4,32.7,0.0,0.00376,0.00195,0.39947,0.40744,0.9025,0.9,0.15121,0.05714,0,0.63421,0,0,0,0
Ahmedabad,0,12.3,3.2,3.13,8.5,0.383,53,2,60.9,2.4,29.8,0.0,0.04106,0.02298,0.36811,0.3826,0.8675,0.9,0.21706,0.05714,0,0.48839,0,0,0,0
Bhavnagar,0,5.2,0.8,2.95,7.4,0.448,24,2,50.0,11.1,35.0,1.0,0.01729,0.00602,0.39895,0.44815,0.94,0.9,0.00032,0.05714,0,0.74944,0,0,0,0
Dang,1,102.1,15.3,4.57,6.4,1.0,975,27,92.1,10.2,27.3,0.0,0.34031,0.10925,0.71452,1.0,0,0,0.84284,0.77143,0,0.36646,0,0,0,0
Patan,1,33.7,24.3,2.91,6.0,0.658,70,1,80.6,12.3,21.9,0.0,0.11224,0.17365,0.48452,0.65835,0.825,0.95,0.61162,0.02857,0,0.09351,0,0,0,0
Patan,1,11.9,6.4,3.33,6.0,0.533,70,1,81.2,11.0,29.2,0.0,0.03966,0.04604,0.55556,0.53263,0.825,0.95,0.62466,0.02857,0,0.45885,0,0,0,0
Dang,1,41.6,35.3,4.08,6.4,0.871,975,27,73.7,4.7,29.9,0.0,0.13861,0.25247,0.63693,0.87092,0,0,0.47449,0.77143,0,0.49566,0,0,0,0
Valsad,0,15.2,8.6,2.83,7.0,0.5,12,2,58.8,15.9,33.2,1.0,0.05059,0.06159,0.4042,0.50037,0.97,0.9,0.17574,0.05714,0,0.66155,0,0,0,0
Valsad,1,18.1,11.4,3.83,7.0,0.965,12,2,83.0,7.7,27.3,1.0,0.06018,0.08141,0.54784,0.96479,0.97,0.9,0.6608,0.05714,0,0.36297,0,0,0,0
Ahmedabad,0,8.2,7.0,4.43,8.5,0.476,53,2,57.5,14.8,35.7,0.0,0.02738,0.04979,0.52119,0.4757,0.8675,0.9,0.15083,0.05714,0,0.78262,0,0,0,0
Ahmedabad,1,22.1,4.7,5.76,8.5,0.81,53,2,88.4,4.8,29.3,0.0,0.0737,0.0335,0.67748,0.81021,0.8675,0.9,0.7689,0.05714,0,0.46446,1,0,0,0
Bhuj,1,16.1,7.3,2.1,5.8,0.459,110,4,70.7,34.0,25.7,1.0,0.05372,0.0521,0.36167,0.45923,0.725,0.8,0.41463,0.11429,0.17549,0.28279,0,0,0,0
Jamnagar,1,15.1,9.2,3.05,6.5,0.664,20,2,68.0,17.2,28.8,1.0,0.05046,0.06574,0.46854,0.66414,0.95,0.9,0.35911,0.05714,0,0.44117,0,0,0,0
Dang,0,24.6,17.8,3.43,6.4,0.698,975,27,67.9,5.1,34.0,0.0,0.0821,0.12695,0.53604,0.69793,0,0,0.35722,0.77143,0,0.69827,0,0,0,0
Bhuj,1,24.8,10.0,2.81,5.8,0.439,110,4,70.1,40.4,25.5,1.0,0.08262,0.07118,0.48466,0.4393,0.725,0.8,0.40143,0.11429,0.25553,0.2734,0,0,0,1
Surat,1,78.6,34.2,6.38,9.4,0.907,13,1,89.1,38.4,27.6,1.0,0.26203,0.24449,0.6786,0.90685,0.9675,0.95,0.78265,0.02857,0.22988,0.37857,0,0,0,1
Jamnagar,0,6.9,1.8,3.09,6.5,0.289,20,2,48.7,11.3,32.7,1.0,0.02305,0.01269,0.47574,0.2887,0.95,0.9,0,0.05714,0,0.63456,0,0,0,0
Dang,0,7.5,2.8,3.52,6.4,0.655,975,27,57.9,11.3,35.2,0.0,0.02494,0.02006,0.54961,0.65499,0,0,0.15785,0.77143,0,0.76154,0,0,0,0
Rajkot,0,2.5,1.7,3.04,7.2,0.296,134,3,51.2,31.1,32.5,0.0,0.00846,0.01187,0.42273,0.29566,0.665,0.85,0.024,0.08571,0.13921,0.62544,0,0,0,0
Jamnagar,1,79.8,29.9,4.49,6.5,0.646,20,2,85.1,23.7,25.7,1.0,0.2659,0.21344,0.6911,0.64631,0.95,0.9,0.70201,0.05714,0.04582,0.28498,0,0,0,0
Rajkot,0,4.2,2.7,2.49,7.2,0.14,134,3,63.3,57.5,34.3,0.0,0.01412,0.01911,0.34635,0.13982,0.665,0.85,0.26508,0.08571,0.46862,0.71252,0,0,0,0
Bhavnagar,0,4.9,1.9,2.95,7.4,0.512,24,2,43.8,17.3,34.5,1.0,0.01635,0.01374,0.39882,0.51156,0.94,0.9,0,0.05714,0,0.72516,0,0,0,0
Navsari,1,191.2,50.0,7.06,7.3,1.0,11,1,88.6,16.1,26.5,1.0,0.63725,0.35742,0.96728,1.0,0.9725,0.95,0.77293,0.02857,0,0.3238,1,0,0,1
Navsari,1,65.1,27.6,5.14,7.3,0.929,11,1,82.0,13.0,22.3,1.0,0.217,0.19687,0.70357,0.92913,0.9725,0.95,0.64068,0.02857,0,0.11259,1,0,0,0
Navsari,0,1.3,1.1,2.69,7.3,0.534,11,1,44.0,38.3,30.4,1.0,0.00441,0.00804,0.3679,0.53388,0.9725,0.95,0,0.02857,0.2284,0.52137,0,0,1,0
Patan,1,1.5,0.6,2.32,6.0,0.471,70,1,70.2,17.0,30.3,0.0,0.00486,0.00409,0.387,0.47087,0.825,0.95,0.40466,0.02857,0,0.51411,0,0,0,0
Navsari,0,35.1,16.8,4.72,7.3,0.584,11,1,52.7,16.8,35.8,1.0,0.11697,0.12007,0.64691,0.58401,0.9725,0.95,0.05341,0.02857,0,0.79228,0,0,0,0
Jamnagar,1,43.5,33.9,4.76,6.5,0.528,20,2,82.1,16.3,22.7,1.0,0.14515,0.24223,0.73173,0.52829,0.95,0.9,0.64122,0.05714,0,0.13618,0,0,0,0
Ahmedabad,0,7.3,1.6,3.35,8.5,0.384,53,2,55.0,39.2,36.7,0.0,0.02446,0.01171,0.3945,0.38373,0.8675,0.9,0.09977,0.05714,0.23943,0.83598,0,0,0,0
Navsari,0,4.7,3.0,2.66,7.3,0.55,11,1,64.0,11.3,31.8,1.0,0.01559,0.02159,0.36427,0.5505,0.9725,0.95,0.27952,0.02857,0,0.58848,0,0,0,0
Valsad,1,27.6,14.1,3.92,7.0,0.888,12,2,75.5,6.8,28.8,1.0,0.09197,0.10041,0.55986,0.88837,0.97,0.9,0.50992,0.05714,0,0.44127,0,0,0,0
Surat,1,16.9,4.8,5.94,9.4,0.981,13,1,80.6,17.1,27.0,1.0,0.05635,0.034,0.63161,0.98145,0.9675,0.95,0.61134,0.02857,0,0.34871,1,0,0,0
Jamnagar,0,1.1,0.5,3.08,6.5,0.323,20,2,57.5,18.2,30.1,1.0,0.00365,0.00368,0.47315,0.32284,0.95,0.9,0.14957,0.05714,0,0.50252,0,0,0,0
Porbandar,1,2.6,0.4,3.23,6.2,0.71,8,1,71.5,58.4,24.0,1.0,0.00878,0.0029,0.5217,0.71046,0.98,0.95,0.42957,0.02857,0.48041,0.19867,0,0,0,0
Valsad,1,5.1,2.1,4.09,7.0,0.899,12,2,85.0,6.4,27.1,1.0,0.0169,0.01476,0.58373,0.89877,0.97,0.9,0.70061,0.05714,0,0.35317,1,0,0,0
Bhuj,1,9.7,6.5,2.25,5.8,0.565,110,4,79.6,4.0,25.9,1.0,0.03245,0.04657,0.3882,0.5655,0.725,0.8,0.59178,0.11429,0,0.2949,0,0,0,0
Navsari,1,82.0,16.0,5.46,7.3,0.883,11,1,89.3,29.5,25.9,1.0,0.2732,0.11425,0.74854,0.8829,0.9725,0.95,0.78623,0.02857,0.11894,0.29498,0,0,0,1
Bhavnagar,1,30.4,17.3,4.53,7.4,0.777,24,2,80.5,10.3,28.2,1.0,0.10148,0.12346,0.61223,0.7766,0.94,0.9,0.61054,0.05714,0,0.41009,0,0,0,0
Ahmedabad,0,8.7,6.6,3.43,8.5,0.437,53,2,47.5,40.8,28.5,0.0,0.02907,0.04719,0.40335,0.43747,0.8675,0.9,0,0.05714,0.26035,0.42658,0,0,0,0
Patan,1,15.3,9.9,2.72,6.0,0.448,70,1,81.7,11.9,24.1,0.0,0.05106,0.07051,0.45372,0.44797,0.825,0.95,0.63445,0.02857,0,0.20563,1,0,0,0
Porbandar,1,138.8,90.7,5.07,6.2,0.823,8,1,92.1,39.4,27.2,1.0,0.46266,0.64795,0.81699,0.82337,0.98,0.95,0.84291,0.02857,0.2419,0.35841,1,0,0,0
Vadodara,1,52.8,13.7,4.81,8.0,0.743,39,2,83.6,8.9,24.0,0.0,0.17602,0.09751,0.60136,0.74293,0.9025,0.9,0.67143,0.05714,0,0.19809,1,0,0,0
Bhavnagar,1,109.9,53.3,5.91,7.4,0.871,24,2,89.0,38.3,24.1,1.0,0.3664,0.38049,0.79883,0.87059,0.94,0.9,0.77928,0.05714,0.22895,0.20463,0,0,0,1
Bhavnagar,1,26.2,6.9,4.35,7.4,0.796,24,2,73.2,29.6,27.2,1.0,0.08718,0.04906,0.5884,0.79607,0.94,0.9,0.46434,0.05714,0.12024,0.35801,0,0,0,0
Rajkot,1,24.3,4.8,2.9,7.2,0.565,134,3,85.7,26.2,29.5,0.0,0.08083,0.03429,0.40324,0.56523,0.665,0.85,0.71319,0.08571,0.07802,0.47328,0,0,0,0
Ahmedabad,1,3.5,1.7,3.81,8.5,0.685,53,2,71.7,14.7,30.6,0.0,0.01154,0.01181,0.44835,0.68502,0.8675,0.9,0.43437,0.05714,0,0.52914,0,0,0,0
Vadodara,1,14.4,6.7,4.79,8.0,0.783,39,2,68.9,32.6,29.5,0.0,0.04814,0.04752,0.5992,0.78282,0.9025,0.9,0.37753,0.05714,0.15694,0.47494,0,0,0,1
Ahmedabad,0,13.6,4.0,3.41,8.5,0.375,53,2,53.7,3.0,30.8,0.0,0.04537,0.02891,0.40123,0.37483,0.8675,0.9,0.07304,0.05714,0,0.53847,0,0,0,0
Ahmedabad,1,3.2,1.2,3.96,8.5,0.805,53,2,73.6,10.2,27.8,0.0,0.01051,0.0086,0.46582,0.80473,0.8675,0.9,0.4719,0.05714,0,0.38962,0,1,0,0
Rajkot,1,16.2,2.9,2.81,7.2,0.471,134,3,79.1,5.3,25.7,0.0,0.05406,0.02055,0.39023,0.47066,0.665,0.85,0.58231,0.08571,0,0.28744,1,0,0,0
Porbandar,0,1.3,0.2,1.81,6.2,0.395,8,1,43.8,30.7,26.6,1.0,0.00434,0.00126,0.29187,0.39451,0.98,0.95,0,0.02857,0.13326,0.32971,0,0,0,0
Surat,1,53.0,15.3,5.8,9.4,0.757,13,1,90.5,13.7,28.7,1.0,0.17668,0.10925,0.61652,0.75664,0.9675,0.95,0.81041,0.02857,0,0.4365,0,0,0,0
Jamnagar,1,21.3,16.4,2.88,6.5,0.577,20,2,70.0,22.1,26.4,1.0,0.07101,0.11695,0.44358,0.57729,0.95,0.9,0.39905,0.05714,0.02624,0.32235,0,0,1,0
Rajkot,0,1.3,0.7,2.04,7.2,0.232,134,3,62.6,24.3,31.0,0.0,0.00443,0.00479,0.28275,0.232,0.665,0.85,0.25199,0.08571,0.05378,0.55048,0,0,0,0
Vadodara,1,94.8,38.0,6.8,8.0,0.877,39,2,88.1,9.8,24.2,0.0,0.31594,0.27173,0.85051,0.87669,0.9025,0.9,0.76114,0.05714,0,0.21131,0,0,0,0
Bhavnagar,0,3.5,1.1,3.05,7.4,0.346,24,2,58.8,9.0,33.6,1.0,0.0118,0.00763,0.41239,0.34567,0.94,0.9,0.17556,0.05714,0,0.68172,0,0,0,0
Valsad,1,40.8,15.1,3.96,7.0,0.953,12,2,85.2,13.2,26.2,1.0,0.13587,0.10759,0.56604,0.95267,0.97,0.9,0.70302,0.05714,0,0.31116,0,0,0,0
Ahmedabad,0,10.3,4.2,3.52,8.5,0.467,53,2,51.6,34.6,36.2,0.0,0.0345,0.02972,0.41389,0.46675,0.8675,0.9,0.03137,0.05714,0.18256,0.81052,0,0,0,0
Jamnagar,1,46.0,25.0,4.2,6.5,0.739,20,2,80.7,3.0,26.7,1.0,0.15326,0.17872,0.64656,0.739,0.95,0.9,0.61469,0.05714,0,0.33535,0,1,0,0
Dang,1,69.9,43.1,4.55,6.4,1.0,975,27,86.2,40.1,25.2,0.0,0.23298,0.30775,0.71167,1.0,0,0,0.72429,0.77143,0.25098,0.26214,0,1,0,0
Vadodara,1,50.3,28.8,4.87,8.0,0.76,39,2,80.5,8.9,26.6,0.0,0.1677,0.20554,0.60832,0.75971,0.9025,0.9,0.60925,0.05714,0,0.32989,1,0,0,0
Rajkot,1,33.5,5.5,3.95,7.2,0.72,134,3,68.1,37.4,28.0,0.0,0.11161,0.03912,0.54817,0.71988,0.665,0.85,0.36171,0.08571,0.21777,0.40111,0,0,0,0
Surat,1,19.1,7.1,6.02,9.4,0.817,13,1,69.1,41.1,28.2,1.0,0.0636,0.05074,0.63999,0.81721,0.9675,0.95,0.38216,0.02857,0.26428,0.4107,0,0,0,0
Navsari,1,74.1,43.0,5.27,7.3,0.881,11,1,89.8,38.3,29.5,1.0,0.2469,0.30714,0.72222,0.88061,0.9725,0.95,0.79647,0.02857,0.22925,0.47496,0,0,0,0
Valsad,1,31.6,17.2,4.42,7.0,1.0,12,2,83.4,38.0,21.4,1.0,0.10526,0.12278,0.63072,1.0,0.97,0.9,0.66788,0.05714,0.22534,0.07166,0,0,0,0
Bhavnagar,0,2.0,0.2,2.59,7.4,0.424,24,2,51.9,5.5,31.9,1.0,0.0068,0.00111,0.35019,0.42446,0.94,0.9,0.03811,0.05714,0,0.59364,0,0,0,0
Bhavnagar,0,3.8,1.3,2.71,7.4,0.245,24,2,47.4,3.3,36.5,1.0,0.01281,0.00897,0.36615,0.24465,0.94,0.9,0,0.05714,0,0.82422,0,0,0,0
Porbandar,1,21.5,4.6,3.03,6.2,0.731,8,1,83.4,10.5,25.8,1.0,0.07155,0.03314,0.48798,0.73103,0.98,0.95,0.66758,0.02857,0,0.28842,0,0,0,0
Ahmedabad,1,31.1,10.5,4.51,8.5,0.763,53,2,81.4,23.1,27.7,0.0,0.10376,0.07486,0.53054,0.76303,0.8675,0.9,0.62856,0.05714,0.03832,0.38471,0,0,0,0
Dang,0,4.6,3.6,3.08,6.4,0.646,975,27,52.0,3.7,35.2,0.0,0.01528,0.02605,0.48183,0.6464,0,0,0.03963,0.77143,0,0.76098,0,0,0,0
Patan,0,1.0,0.6,1.69,6.0,0.179,70,1,47.1,28.6,35.8,0.0,0.00336,0.00454,0.28159,0.17936,0.825,0.95,0,0.02857,0.10769,0.7905,0,0,0,0
Jamnagar,0,2.4,0.6,2.55,6.5,0.391,20,2,41.0,10.6,31.7,1.0,0.00796,0.00415,0.39277,0.39065,0.95,0.9,0,0.05714,0,0.58374,0,0,0,0
Porbandar,1,12.8,3.2,2.88,6.2,0.647,8,1,72.8,10.2,25.3,1.0,0.04262,0.02262,0.46404,0.64719,0.98,0.95,0.45514,0.02857,0,0.26351,0,0,0,0
Bhuj,1,8.5,2.1,2.32,5.8,0.488,110,4,70.9,6.7,25.3,1.0,0.02836,0.01493,0.39921,0.48841,0.725,0.8,0.41853,0.11429,0,0.26478,0,0,0,0
Jamnagar,0,1.5,0.2,1.5,6.5,0.349,20,2,50.2,5.0,30.3,1.0,0.00506,0.00133,0.23107,0.34855,0.95,0.9,0.00375,0.05714,0,0.51605,0,0,0,0
Porbandar,0,2.0,0.7,3.7,6.2,0.339,8,1,49.4,9.2,33.2,1.0,0.00668,0.00518,0.59655,0.33883,0.98,0.95,0,0.02857,0,0.66075,0,0,0,0
Rajkot,1,4.5,2.4,2.19,7.2,0.489,134,3,84.0,14.0,28.3,0.0,0.01507,0.01731,0.30349,0.48879,0.665,0.85,0.68093,0.08571,0,0.41301,0,0,0,0
Bhuj,0,1.9,1.1,1.23,5.8,0.256,110,4,52.6,2,33.3,1.0,0.00632,0.00753,0.21184,0.25631,0.725,0.8,0.05297,0.11429,0,0.66395,0,0,0,0
Valsad,1,8.3,4.6,3.27,7.0,0.842,12,2,82.2,4.7,26.1,1.0,0.0276,0.03312,0.46675,0.84218,0.97,0.9,0.64388,0.05714,0,0.30725,0,0,0,0
Vadodara,0,6.8,3.6,3.03,8.0,0.295,39,2,44.0,22.4,38.0,0.0,0.02252,0.02582,0.37842,0.295,0.9025,0.9,0,0.05714,0.03045,0.89951,0,0,0,0
Bhavnagar,1,28.0,16.4,3.49,7.4,0.725,24,2,78.4,45.8,28.0,1.0,0.09332,0.11726,0.47209,0.72508,0.94,0.9,0.5676,0.05714,0.3229,0.39864,1,0,1,0
Valsad,1,93.9,79.8,5.56,7.0,0.888,12,2,78.4,11.9,24.4,1.0,0.31313,0.57034,0.79474,0.88837,0.97,0.9,0.56701,0.05714,0,0.21889,1,0,0,1
Dang,0,5.7,2.0,1.89,6.4,0.701,975,27,48.5,11.6,35.0,0.0,0.01916,0.01432,0.29455,0.70091,0,0,0,0.77143,0,0.75183,0,1,0,0
Ahmedabad,1,69.6,8.4,3.67,8.5,0.799,53,2,77.4,8.0,25.7,0.0,0.23202,0.05981,0.43138,0.79939,0.8675,0.9,0.5482,0.05714,0,0.28671,0,0,0,0
Porbandar,0,4.6,1.5,2.65,6.2,0.326,8,1,35.5,29.6,32.1,1.0,0.0152,0.01106,0.42761,0.32591,0.98,0.95,0,0.02857,0.12008,0.60481,0,0,0,0
Valsad,0,0.4,0.1,2.78,7.0,0.615,12,2,48.1,41.3,34.3,1.0,0.00131,0.00095,0.39712,0.61487,0.97,0.9,0,0.05714,0.26567,0.71257,0,0,0,0
Jamnagar,0,9.6,2.2,2.57,6.5,0.362,20,2,44.3,11.9,32.9,1.0,0.03194,0.01555,0.39565,0.36239,0.95,0.9,0,0.05714,0,0.64588,0,0,0,1
Navsari,0,11.0,6.5,3.83,7.3,0.501,11,1,59.5,14.7,32.3,1.0,0.03677,0.04634,0.52421,0.50142,0.9725,0.95,0.18928,0.02857,0,0.61327,0,0,1,0
Ahmedabad,1,23.5,7.3,5.35,8.5,0.787,53,2,75.9,7.6,27.6,0.0,0.07827,0.05199,0.62927,0.7872,0.8675,0.9,0.51717,0.05714,0,0.3806,1,0,0,0
Porbandar,0,1.5,1.1,3.19,6.2,0.372,8,1,56.2,5.1,28.1,1.0,0.00516,0.00752,0.51427,0.37166,0.98,0.95,0.12496,0.02857,0,0.40449,0,0,0,0
Dang,0,11.4,3.1,2.54,6.4,0.405,975,27,46.9,6.7,31.5,0.0,0.03789,0.02247,0.39621,0.4045,0,0,0,0.77143,0,0.57569,0,0,0,0
Bhavnagar,1,9.9,7.4,3.71,7.4,0.695,24,2,68.9,31.8,23.1,1.0,0.03303,0.05267,0.50069,0.69527,0.94,0.9,0.37745,0.05714,0.148,0.15567,1,0,0,0
Surat,1,6.0,2.0,5.22,9.4,0.799,13,1,72.0,11.8,28.1,1.0,0.01986,0.01425,0.55492,0.79941,0.9675,0.95,0.44002,0.02857,0,0.40665,0,0,0,0
Jamnagar,1,11.0,9.3,4.19,6.5,0.56,20,2,78.1,19.4,28.0,1.0,0.03666,0.06653,0.64521,0.55972,0.95,0.9,0.56193,0.05714,0,0.39955,1,0,0,0
Bhavnagar,0,3.2,1.7,3.28,7.4,0.323,24,2,56.0,10.4,32.5,1.0,0.01052,0.01217,0.44301,0.32265,0.94,0.9,0.12016,0.05714,0,0.6242,0,0,0,0
Patan,0,5.5,3.1,2.07,6.0,0.271,70,1,42.6,19.6,33.5,0.0,0.01817,0.02192,0.34491,0.27111,0.825,0.95,0,0.02857,0,0.67404,0,0,0,0
Valsad,1,9.7,4.6,3.64,7.0,0.912,12,2,88.3,23.0,27.8,1.0,0.0323,0.03318,0.51997,0.91196,0.97,0.9,0.76691,0.05714,0.03698,0.38842,0,0,0,0
Rajkot,1,64.4,41.6,4.7,7.2,0.6,134,3,81.5,11.7,23.4,0.0,0.21457,0.29687,0.65279,0.60039,0.665,0.85,0.63019,0.08571,0,0.17216,0,0,0,1
Valsad,1,66.0,15.7,3.88,7.0,0.998,12,2,79.2,9.0,25.7,1.0,0.2201,0.11189,0.55444,0.99772,0.97,0.9,0.58387,0.05714,0,0.28716,0,0,1,0
Bhavnagar,1,15.1,8.1,4.7,7.4,0.81,24,2,77.9,5.5,28.1,1.0,0.05045,0.05755,0.63575,0.81017,0.94,0.9,0.55892,0.05714,0,0.40381,0,0,0,0
Porbandar,0,2.5,1.3,2.68,6.2,0.194,8,1,58.7,19.5,30.1,1.0,0.00849,0.00948,0.43235,0.1938,0.98,0.95,0.17328,0.02857,0,0.5042,0,0,0,0
Valsad,0,2.0,0.6,1.94,7.0,0.516,12,2,44.4,46.9,28.7,1.0,0.00664,0.00397,0.27773,0.51612,0.97,0.9,0,0.05714,0.33686,0.43435,1,0,0,0
Porbandar,0,12.0,6.2,1.74,6.2,0.444,8,1,54.1,20.0,39.9,1.0,0.03987,0.04415,0.28078,0.4441,0.98,0.95,0.08281,0.02857,0.00014,0.99511,0,0,0,0
Ahmedabad,1,64.1,20.4,5.3,8.5,0.874,53,2,71.3,36.2,22.3,0.0,0.21366,0.14587,0.62407,0.87383,0.8675,0.9,0.42563,0.05714,0.20202,0.11439,0,0,0,0
Dang,1,65.9,16.9,4.55,6.4,1.0,975,27,81.6,3.9,28.6,0.0,0.21971,0.12046,0.71023,1.0,0,0,0.63294,0.77143,0,0.42782,0,0,0,0
Porbandar,1,31.1,19.6,2.77,6.2,0.674,8,1,82.7,3.5,30.2,1.0,0.10355,0.14033,0.44716,0.6743,0.98,0.95,0.65465,0.02857,0,0.5117,1,0,0,1
Valsad,1,44.1,17.6,5.07,7.0,0.979,12,2,86.1,13.0,27.8,1.0,0.14711,0.12567,0.72389,0.97886,0.97,0.9,0.72292,0.05714,0,0.39048,0,0,0,0
Porbandar,1,5.3,2.8,1.69,6.2,0.723,8,1,76.9,29.1,27.2,1.0,0.01769,0.02029,0.27237,0.72283,0.98,0.95,0.53865,0.02857,0.11375,0.35891,0,0,0,0
Ahmedabad,1,22.1,13.8,4.84,8.5,0.763,53,2,90.4,4.8,26.8,0.0,0.07371,0.09857,0.5699,0.76262,0.8675,0.9,0.80823,0.05714,0,0.34141,0,0,0,0
Bhuj,1,2.8,0.8,2.63,5.8,0.269,110,4,80.6,20.0,25.2,1.0,0.00945,0.00545,0.45365,0.2694,0.725,0.8,0.61244,0.11429,0,0.2615,1,0,0,0
Dang,0,4.9,2.4,2.14,6.4,0.554,975,27,62.0,33.3,33.0,0.0,0.01632,0.01712,0.33446,0.55391,0,0,0.24013,0.77143,0.16662,0.65025,0,0,0,0
Navsari,1,17.9,3.0,4.75,7.3,0.882,11,1,80.0,9.0,28.9,1.0,0.0598,0.02123,0.65101,0.88188,0.9725,0.95,0.59965,0.02857,0,0.4448,1,0,0,0
Porbandar,1,41.4,27.7,3.86,6.2,0.705,8,1,80.7,26.9,26.5,1.0,0.138,0.19758,0.62334,0.7054,0.98,0.95,0.61391,0.02857,0.08595,0.32476,1,0,0,0
Rajkot,0,2.0,1.5,1.98,7.2,0.23,134,3,56.8,9.8,32.1,0.0,0.00677,0.01056,0.27533,0.23031,0.665,0.85,0.13548,0.08571,0,0.60657,0,0,1,0
Valsad,1,89.4,31.7,5.54,7.0,0.974,12,2,90.8,13.9,22.7,1.0,0.29802,0.22623,0.79192,0.97373,0.97,0.9,0.8162,0.05714,0,0.13489,1,0,0,0
Navsari,1,29.2,18.3,4.96,7.3,0.926,11,1,80.6,25.9,30.2,1.0,0.09729,0.13075,0.67903,0.92615,0.9725,0.95,0.61184,0.02857,0.07321,0.50968,0,0,0,0
Vadodara,0,16.7,9.3,3.81,8.0,0.507,39,2,52.9,23.8,31.3,0.0,0.05567,0.06645,0.47614,0.50714,0.9025,0.9,0.05769,0.05714,0.04698,0.5654,0,1,0,0
Bhuj,0,3.9,2.4,3.06,5.8,0.136,110,4,55.1,11.7,30.3,1.0,0.01299,0.01733,0.52825,0.13615,0.725,0.8,0.10266,0.11429,0,0.51457,0,0,0,0
Navsari,0,3.2,2.1,2.8,7.3,0.607,11,1,52.9,7.2,30.5,1.0,0.01051,0.01524,0.38343,0.60694,0.9725,0.95,0.05883,0.02857,0,0.52454,0,0,0,0
Bhavnagar,1,36.7,9.2,4.18,7.4,0.745,24,2,78.9,7.5,29.2,1.0,0.12238,0.0655,0.56445,0.74454,0.94,0.9,0.57881,0.05714,0,0.45906,0,0,0,0
Ahmedabad,1,40.8,7.9,5.48,8.5,0.95,53,2,82.6,10.2,24.5,0.0,0.13588,0.0564,0.64483,0.95035,0.8675,0.9,0.65224,0.05714,0,0.22274,1,0,0,0
Dang,1,12.4,6.9,3.78,6.4,0.879,975,27,82.9,12.3,35.4,0.0,0.04134,0.04901,0.58995,0.87857,0,0,0.65787,0.77143,0,0.76906,0,0,0,0
Surat,1,30.9,7.9,4.6,9.4,0.792,13,1,73.6,26.7,25.3,1.0,0.10294,0.05635,0.48893,0.79219,0.9675,0.95,0.47171,0.02857,0.08315,0.26416,1,0,0,0
Rajkot,1,8.0,4.2,3.2,7.2,0.572,134,3,74.6,2,27.2,0.0,0.02658,0.02979,0.44438,0.5719,0.665,0.85,0.49273,0.08571,0,0.35756,0,0,0,0
Porbandar,0,3.5,1.7,1.96,6.2,0.241,8,1,55.2,15.7,28.2,1.0,0.01156,0.01204,0.31676,0.24111,0.98,0.95,0.10456,0.02857,0,0.408,0,0,0,0
Patan,1,49.8,26.9,3.76,6.0,0.576,70,1,79.9,11.9,29.1,0.0,0.16587,0.1921,0.62631,0.57643,0.825,0.95,0.59861,0.02857,0,0.45609,1,1,0,0
Jamnagar,1,31.3,7.9,2.83,6.5,0.599,20,2,77.0,18.1,23.2,1.0,0.1042,0.05648,0.43507,0.59946,0.95,0.9,0.53932,0.05714,0,0.16245,0,0,0,0
Porbandar,1,14.9,4.6,3.4,6.2,0.541,8,1,79.0,14.8,23.5,1.0,0.04978,0.03257,0.54767,0.54141,0.98,0.95,0.58041,0.02857,0,0.17447,0,0,0,0
Surat,1,18.3,12.5,4.81,9.4,0.87,13,1,72.5,29.9,27.4,1.0,0.06109,0.08922,0.51138,0.87049,0.9675,0.95,0.44918,0.02857,0.12362,0.37064,1,0,0,1
Bhuj,0,0.9,0.3,1.81,5.8,0.099,110,4,47.5,26.5,35.1,1.0,0.003,0.00191,0.31191,0.09921,0.725,0.8,0,0.11429,0.08095,0.75555,0,0,0,0
Dang,0,0.5,0.2,3.21,6.4,0.661,975,27,52.0,18.3,30.8,0.0,0.00157,0.00112,0.50124,0.66113,0,0,0.03932,0.77143,0,0.54222,0,0,0,0
Dang,1,98.8,58.5,5.5,6.4,0.981,975,27,90.6,6.7,26.0,0.0,0.32927,0.41793,0.85866,0.9812,0,0,0.81156,0.77143,0,0.29821,0,1,0,0
Rajkot,1,45.1,5.3,3.3,7.2,0.588,134,3,75.4,7.4,26.8,0.0,0.15045,0.03753,0.45858,0.58751,0.665,0.85,0.50782,0.08571,0,0.33961,0,0,0,0
Bhavnagar,0,8.0,4.1,2.61,7.4,0.381,24,2,57.2,42.7,33.7,1.0,0.02659,0.0294,0.35245,0.38069,0.94,0.9,0.14404,0.05714,0.28393,0.68546,0,0,0,0
Surat,0,9.8,2.7,4.37,9.4,0.437,13,1,51.8,15.0,30.8,1.0,0.03269,0.01942,0.46448,0.43665,0.9675,0.95,0.0356,0.02857,0,0.53979,0,0,0,0
Patan,1,19.4,16.4,3.52,6.0,0.473,70,1,84.9,7.8,28.8,0.0,0.0645,0.11749,0.58743,0.47298,0.825,0.95,0.6981,0.02857,0,0.43965,1,0,0,1
Vadodara,1,61.9,41.4,5.64,8.0,0.757,39,2,76.6,28.3,26.9,0.0,0.20643,0.29598,0.70463,0.75696,0.9025,0.9,0.5327,0.05714,0.10371,0.3455,1,0,0,0
Surat,0,3.7,1.6,3.99,9.4,0.556,13,1,45.0,8.2,33.6,1.0,0.01229,0.01121,0.42401,0.55555,0.9675,0.95,0,0.02857,0,0.68143,0,0,0,0
Patan,0,3.5,2.4,1.8,6.0,0.225,70,1,43.9,5.0,33.5,0.0,0.01179,0.01683,0.30024,0.22464,0.825,0.95,0,0.02857,0,0.67526,0,0,0,0
Bhuj,1,39.4,31.2,3.15,5.8,0.433,110,4,78.4,27.4,28.2,1.0,0.13138,0.22317,0.54315,0.43305,0.725,0.8,0.56864,0.11429,0.09262,0.41052,0,0,0,0
Vadodara,0,11.6,2.7,2.65,8.0,0.313,39,2,53.5,19.5,32.1,0.0,0.03868,0.01905,0.33186,0.31348,0.9025,0.9,0.0702,0.05714,0,0.60343,0,0,0,0
Navsari,1,45.7,7.7,4.07,7.3,0.845,11,1,86.2,6.6,25.2,1.0,0.1525,0.05501,0.55814,0.84546,0.9725,0.95,0.72478,0.02857,0,0.25931,1,0,0,0
Rajkot,1,9.6,8.0,3.18,7.2,0.5,134,3,88.9,7.3,27.5,0.0,0.03186,0.05699,0.44124,0.49968,0.665,0.85,0.77828,0.08571,0,0.37709,0,0,0,0
Patan,0,1.8,0.3,1.05,6.0,0.163,70,1,49.7,3.8,29.2,0.0,0.00586,0.00235,0.17542,0.16349,0.825,0.95,0,0.02857,0,0.46129,0,0,0,0
Jamnagar,0,5.8,0.7,2.78,6.5,0.343,20,2,58.8,4.0,31.2,1.0,0.01944,0.00521,0.4282,0.34321,0.95,0.9,0.17675,0.05714,0,0.55829,0,1,0,0
Porbandar,1,58.5,11.6,3.44,6.2,0.791,8,1,68.2,6.8,24.5,1.0,0.19503,0.08314,0.55523,0.79053,0.98,0.95,0.36422,0.02857,0,0.22408,0,0,0,0
Dang,1,105.7,66.5,5.22,6.4,1.0,975,27,93.5,6.2,26.3,0.0,0.35224,0.47516,0.81513,1.0,0,0,0.86912,0.77143,0,0.31716,0,0,0,0
Bhavnagar,0,2.4,1.1,2.68,7.4,0.216,24,2,46.8,40.0,30.2,1.0,0.00788,0.00808,0.36236,0.21639,0.94,0.9,0,0.05714,0.24949,0.50786,0,0,0,0
Valsad,1,45.1,38.4,4.88,7.0,0.959,12,2,73.9,47.6,25.4,1.0,0.15048,0.27408,0.69688,0.95874,0.97,0.9,0.47721,0.05714,0.34446,0.26848,0,0,0,0
Valsad,0,3.0,0.4,3.38,7.0,0.47,12,2,47.9,26.2,34.6,1.0,0.00991,0.00261,0.48226,0.46999,0.97,0.9,0,0.05714,0.07768,0.72821,0,0,0,0
Valsad,1,114.2,28.3,6.25,7.0,1.0,12,2,90.3,13.3,25.1,1.0,0.38055,0.20201,0.89248,1.0,0.97,0.9,0.8055,0.05714,0,0.25443,1,0,0,0
Patan,1,30.7,17.7,2.13,6.0,0.454,70,1,70.3,12.6,28.8,0.0,0.10247,0.12678,0.35511,0.45377,0.825,0.95,0.40522,0.02857,0,0.44015,0,0,0,0
Valsad,1,14.9,8.0,4.53,7.0,0.95,12,2,71.9,34.5,27.5,1.0,0.04968,0.05739,0.64734,0.94997,0.97,0.9,0.43841,0.05714,0.18134,0.37311,1,0,0,0
Porbandar,1,13.0,8.4,3.71,6.2,0.644,8,1,85.9,6.0,26.5,1.0,0.04327,0.06007,0.59846,0.64393,0.98,0.95,0.71834,0.02857,0,0.32379,0,0,0,1
Navsari,1,67.5,33.4,5.0,7.3,0.777,11,1,87.9,10.0,27.4,1.0,0.22491,0.23857,0.68485,0.77692,0.9725,0.95,0.75773,0.02857,0,0.3687,0,0,0,0
Vadodara,0,8.2,0.9,3.4,8.0,0.39,39,2,44.9,9.1,29.4,0.0,0.02729,0.00607,0.42453,0.39014,0.9025,0.9,0,0.05714,0,0.47106,0,0,0,0
Patan,0,3.2,1.2,2.33,6.0,0.246,70,1,51.3,5.1,34.8,0.0,0.01052,0.00841,0.38898,0.24642,0.825,0.95,0.02699,0.02857,0,0.73887,0,0,0,0
Vadodara,0,12.5,9.7,3.56,8.0,0.409,39,2,62.7,21.5,32.7,0.0,0.04183,0.0693,0.44516,0.40892,0.9025,0.9,0.2532,0.05714,0.01911,0.63259,0,0,0,0
Bhuj,0,2.3,1.7,0.94,5.8,0.192,110,4,48.1,10.2,33.6,1.0,0.00758,0.0122,0.16201,0.19247,0.725,0.8,0,0.11429,0,0.68063,0,0,0,0
Surat,1,107.1,45.9,8.68,9.4,0.974,13,1,85.3,37.2,22.7,1.0,0.35716,0.32758,0.92375,0.9744,0.9675,0.95,0.70695,0.02857,0.21518,0.13558,1,0,0,1
Surat,1,25.6,15.6,5.03,9.4,0.921,13,1,77.4,15.6,28.4,1.0,0.08548,0.11116,0.53508,0.92127,0.9675,0.95,0.54762,0.02857,0,0.41763,0,0,0,0
Porbandar,1,51.9,25.3,3.11,6.2,0.759,8,1,65.0,19.9,26.7,1.0,0.1731,0.18093,0.50212,0.75879,0.98,0.95,0.30051,0.02857,0,0.33623,0,0,0,0
Bhavnagar,0,5.3,2.1,2.18,7.4,0.278,24,2,38.8,10.2,31.8,1.0,0.01772,0.01519,0.29497,0.27758,0.94,0.9,0,0.05714,0,0.58919,0,0,0,0
Bhuj,0,1.0,0.3,1.72,5.8,0.177,110,4,40.6,8.9,33.1,1.0,0.00319,0.002,0.29704,0.1775,0.725,0.8,0,0.11429,0,0.65422,1,0,0,0
Surat,1,31.4,6.3,5.4,9.4,0.87,13,1,76.1,27.6,28.1,1.0,0.10468,0.04479,0.57436,0.86967,0.9675,0.95,0.52221,0.02857,0.09456,0.40632,0,0,0,0
Valsad,0,20.8,10.2,4.5,7.0,0.68,12,2,57.6,10.8,33.9,1.0,0.06925,0.0731,0.64284,0.68019,0.97,0.9,0.15101,0.05714,0,0.69571,1,0,0,0
Jamnagar,0,7.5,2.0,2.54,6.5,0.37,20,2,51.9,33.7,34.6,1.0,0.02503,0.01438,0.39041,0.36967,0.95,0.9,0.03725,0.05714,0.17091,0.72805,0,0,0,0
Navsari,1,68.5,13.4,4.29,7.3,0.969,11,1,74.0,9.2,31.3,1.0,0.22828,0.0958,0.58822,0.96947,0.9725,0.95,0.48024,0.02857,0,0.56564,1,0,0,0
Vadodara,0,3.1,0.5,2.88,8.0,0.395,39,2,32.4,24.6,34.8,0.0,0.01033,0.00365,0.35971,0.3947,0.9025,0.9,0,0.05714,0.05727,0.74174,0,0,0,0
Surat,1,20.9,11.9,6.41,9.4,0.884,13,1,82.8,20.2,24.5,1.0,0.06978,0.08474,0.68162,0.88424,0.9675,0.95,0.65628,0.02857,0.00191,0.22669,0,0,0,0
Bhuj,0,8.4,2.6,2.1,5.8,0.081,110,4,56.0,5.9,34.8,1.0,0.0281,0.01879,0.36226,0.08058,0.725,0.8,0.11951,0.11429,0,0.73883,0,0,0,0
Jamnagar,1,4.4,2.1,4.06,6.5,0.747,20,2,74.0,7.4,28.3,1.0,0.01463,0.01516,0.62482,0.74734,0.95,0.9,0.48075,0.05714,0,0.41348,0,0,0,0
Rajkot,1,14.2,3.3,3.87,7.2,0.632,134,3,78.4,31.1,27.1,0.0,0.04724,0.02369,0.53747,0.63211,0.665,0.85,0.56838,0.08571,0.13898,0.35515,0,0,0,0
Navsari,1,16.5,7.3,4.96,7.3,0.867,11,1,92.1,12.5,25.4,1.0,0.05484,0.05243,0.67938,0.8669,0.9725,0.95,0.84241,0.02857,0,0.27192,0,0,0,0
Porbandar,1,5.3,1.5,2.62,6.2,0.675,8,1,87.5,7.7,24.3,1.0,0.0176,0.01042,0.42271,0.67469,0.98,0.95,0.75088,0.02857,0,0.2134,0,0,0,0
Surat,0,43.7,17.0,4.86,9.4,0.639,13,1,67.7,22.9,36.6,1.0,0.14567,0.12139,0.51666,0.63947,0.9675,0.95,0.35312,0.02857,0.03624,0.8275,0,0,0,0
Navsari,1,126.4,66.2,6.78,7.3,1.0,11,1,92.4,35.5,24.3,1.0,0.4213,0.47306,0.92808,1.0,0.9725,0.95,0.84791,0.02857,0.19388,0.21573,0,0,0,0
Porbandar,1,17.4,3.4,3.29,6.2,0.726,8,1,79.9,2.6,29.9,1.0,0.05815,0.02442,0.53031,0.72552,0.98,0.95,0.59806,0.02857,0,0.49478,0,0,0,0
Surat,1,63.5,9.5,6.09,9.4,0.923,13,1,90.0,35.0,29.3,1.0,0.21162,0.06786,0.64821,0.92313,0.9675,0.95,0.80097,0.02857,0.18696,0.46301,0,0,1,0
Bhavnagar,1,89.9,13.9,5.24,7.4,0.751,24,2,85.1,6.8,27.5,1.0,0.29966,0.0992,0.70846,0.75117,0.94,0.9,0.70247,0.05714,0,0.37597,1,0,0,0
Navsari,0,8.0,1.8,3.44,7.3,0.581,11,1,55.0,9.5,29.5,1.0,0.0266,0.01283,0.47141,0.58071,0.9725,0.95,0.10093,0.02857,0,0.47565,0,0,0,0
Navsari,1,48.3,22.5,4.39,7.3,0.858,11,1,88.4,6.5,31.2,1.0,0.16088,0.16056,0.60196,0.85757,0.9725,0.95,0.76757,0.02857,0,0.56234,0,0,0,0
Patan,0,1.6,0.6,1.29,6.0,0.166,70,1,60.8,9.3,37.4,0.0,0.00535,0.00462,0.21578,0.16618,0.825,0.95,0.21599,0.02857,0,0.86804,0,0,0,0
Patan,1,14.4,2.9,3.19,6.0,0.618,70,1,84.1,6.5,26.1,0.0,0.04792,0.02081,0.53136,0.61812,0.825,0.95,0.6813,0.02857,0,0.30376,0,0,0,0
Porbandar,1,42.5,14.1,4.73,6.2,0.738,8,1,83.4,70.3,21.6,1.0,0.14162,0.10042,0.76215,0.73754,0.98,0.95,0.66887,0.02857,0.62831,0.08235,0,0,0,0
Jamnagar,0,1.2,0.6,1.63,6.5,0.276,20,2,52.0,31.4,32.8,1.0,0.00385,0.00451,0.25152,0.27645,0.95,0.9,0.03966,0.05714,0.14201,0.63961,0,0,0,0
Surat,1,12.7,3.7,5.43,9.4,0.953,13,1,89.5,16.2,22.8,1.0,0.04227,0.02609,0.57764,0.95332,0.9675,0.95,0.79032,0.02857,0,0.13767,1,0,0,0
Jamnagar,1,40.5,19.0,4.34,6.5,0.638,20,2,75.2,10.3,26.1,1.0,0.13509,0.13587,0.66821,0.63796,0.95,0.9,0.50301,0.05714,0,0.30322,1,0,0,0
Rajkot,0,10.9,1.9,2.8,7.2,0.167,134,3,59.1,10.4,30.7,0.0,0.03636,0.01385,0.38945,0.16722,0.665,0.85,0.18177,0.08571,0,0.53256,0,0,0,0
Dang,0,3.8,2.5,3.32,6.4,0.549,975,27,45.8,22.2,36.6,0.0,0.01274,0.01779,0.51855,0.54941,0,0,0,0.77143,0.02811,0.83089,0,0,0,0
Vadodara,1,111.7,54.4,6.31,8.0,0.863,39,2,79.9,30.3,21.8,0.0,0.3723,0.38867,0.78882,0.86321,0.9025,0.9,0.59804,0.05714,0.12909,0.09136,1,0,0,0
Patan,1,9.8,2.2,3.0,6.0,0.497,70,1,81.2,10.4,22.5,0.0,0.03271,0.01593,0.50031,0.49691,0.825,0.95,0.6248,0.02857,0,0.12637,0,0,0,0
Dang,0,9.4,3.8,3.05,6.4,0.725,975,27,71.2,5.5,30.8,0.0,0.03124,0.02732,0.47587,0.7246,0,0,0.42354,0.77143,0,0.54201,0,0,0,0
Rajkot,0,6.2,2.7,2.72,7.2,0.315,134,3,48.9,2.6,28.3,0.0,0.02055,0.01908,0.37846,0.3146,0.665,0.85,0,0.08571,0,0.41284,0,0,0,0
Bhuj,1,5.8,3.0,2.82,5.8,0.362,110,4,71.1,9.0,26.1,1.0,0.01935,0.02168,0.4858,0.36211,0.725,0.8,0.42294,0.11429,0,0.304,0,0,0,0
Vadodara,0,21.1,5.5,3.68,8.0,0.482,39,2,62.1,4.0,33.6,0.0,0.07037,0.03944,0.45958,0.48163,0.9025,0.9,0.2419,0.05714,0,0.68089,0,0,0,0
Dang,0,25.3,11.6,3.07,6.4,0.591,975,27,48.2,21.6,32.0,0.0,0.08445,0.0825,0.47996,0.59093,0,0,0,0.77143,0.0198,0.60222,0,0,0,0
Porbandar,1,6.0,3.2,3.45,6.2,0.731,8,1,74.1,4.1,29.0,1.0,0.01985,0.02304,0.55571,0.731,0.98,0.95,0.48286,0.02857,0,0.44836,0,0,1,0
Rajkot,1,46.6,17.6,4.28,7.2,0.694,134,3,79.8,22.4,27.7,0.0,0.15535,0.1255,0.59388,0.69444,0.665,0.85,0.59636,0.08571,0.0304,0.38641,1,0,0,1
Ahmedabad,1,66.4,15.5,5.52,8.5,0.847,53,2,94.2,15.0,25.0,0.0,0.22126,0.1104,0.64991,0.84673,0.8675,0.9,0.88359,0.05714,0,0.25016,0,0,0,1
Surat,1,1.4,0.2,3.83,9.4,0.814,13,1,72.8,2,24.9,1.0,0.00462,0.00165,0.40729,0.81415,0.9675,0.95,0.4561,0.02857,0,0.24482,0,0,0,0
Patan,1,4.6,2.8,3.11,6.0,0.555,70,1,83.0,20.2,25.7,0.0,0.01549,0.01991,0.51778,0.55498,0.825,0.95,0.66028,0.02857,0.00301,0.28547,0,0,0,0
Bhavnagar,0,5.2,1.6,3.13,7.4,0.404,24,2,48.5,18.8,31.3,1.0,0.01728,0.01131,0.42237,0.40374,0.94,0.9,0,0.05714,0,0.5672,0,0,0,0
Dang,0,3.9,0.9,2.33,6.4,0.547,975,27,53.4,23.0,34.5,0.0,0.01311,0.00664,0.36466,0.54727,0,0,0.06792,0.77143,0.03775,0.72415,0,0,0,0
Navsari,1,73.7,32.0,5.96,7.3,0.904,11,1,77.6,16.9,22.6,1.0,0.24554,0.22856,0.81612,0.90443,0.9725,0.95,0.55166,0.02857,0,0.13142,0,1,0,1
Bhavnagar,0,1.5,0.5,3.52,7.4,0.415,24,2,54.8,6.2,31.6,1.0,0.00499,0.00355,0.47623,0.41542,0.94,0.9,0.0952,0.05714,0,0.57844,0,0,0,0
Bhuj,0,3.4,1.2,2.67,5.8,0.02,110,4,59.6,2.7,28.8,1.0,0.01122,0.00885,0.46113,0.02,0.725,0.8,0.19118,0.11429,0,0.44004,0,0,0,0
Ahmedabad,0,3.9,1.4,3.49,8.5,0.477,53,2,59.0,7.3,29.3,0.0,0.01286,0.01018,0.41108,0.47719,0.8675,0.9,0.1805,0.05714,0,0.46674,0,0,0,0
Patan,1,11.8,3.6,1.95,6.0,0.461,70,1,79.5,38.8,29.5,0.0,0.03938,0.02546,0.32432,0.46052,0.825,0.95,0.58974,0.02857,0.23535,0.47273,0,0,0,0
Bhuj,0,3.9,1.9,1.65,5.8,0.21,110,4,54.6,8.2,30.3,1.0,0.01299,0.01325,0.28437,0.21012,0.725,0.8,0.09281,0.11429,0,0.51409,0,0,0,1
Rajkot,0,2.5,0.6,2.86,7.2,0.291,134,3,46.6,11.7,29.3,0.0,0.00827,0.00448,0.39789,0.2906,0.665,0.85,0,0.08571,0,0.46341,0,0,0,0
Porbandar,1,13.7,5.0,3.14,6.2,0.64,8,1,72.6,34.6,24.7,1.0,0.04575,0.03551,0.50696,0.63981,0.98,0.95,0.45244,0.02857,0.18225,0.23504,0,0,0,0
Jamnagar,0,15.8,2.9,3.12,6.5,0.357,20,2,48.2,12.5,33.5,1.0,0.05254,0.02066,0.48005,0.357,0.95,0.9,0,0.05714,0,0.67313,0,0,0,0
Bhuj,1,48.2,31.0,3.49,5.8,0.369,110,4,78.1,28.0,26.8,1.0,0.16064,0.22132,0.60095,0.36942,0.725,0.8,0.56181,0.11429,0.10024,0.33796,0,0,0,0
Valsad,1,31.0,11.5,3.84,7.0,0.916,12,2,88.9,25.7,22.5,1.0,0.10345,0.08243,0.54915,0.91564,0.97,0.9,0.77745,0.05714,0.07091,0.12701,0,0,0,0
Rajkot,0,2.3,1.7,2.16,7.2,0.383,134,3,29.3,5.3,35.3,0.0,0.00751,0.01198,0.29971,0.38295,0.665,0.85,0,0.08571,0,0.76467,0,0,0,0
Dang,1,44.5,23.1,4.77,6.4,1.0,975,27,91.2,25.5,24.7,0.0,0.14843,0.16532,0.74566,1.0,0,0,0.82378,0.77143,0.06895,0.23495,0,0,0,0
Patan,0,7.1,1.7,2.6,6.0,0.285,70,1,33.5,4.7,31.3,0.0,0.02372,0.01246,0.43325,0.28461,0.825,0.95,0,0.02857,0,0.56613,0,0,0,0
Jamnagar,1,18.3,9.0,3.35,6.5,0.619,20,2,74.0,17.9,24.2,1.0,0.061,0.06455,0.51553,0.6192,0.95,0.9,0.48052,0.05714,0,0.21118,0,0,0,0
Bhavnagar,0,6.1,3.0,2.57,7.4,0.441,24,2,57.4,4.4,34.7,1.0,0.02037,0.02168,0.34701,0.44082,0.94,0.9,0.14758,0.05714,0,0.7367,0,0,0,0
Bhavnagar,1,28.3,5.5,3.07,7.4,0.689,24,2,77.8,4.8,25.1,1.0,0.0942,0.03937,0.41491,0.68884,0.94,0.9,0.55572,0.05714,0,0.25267,0,0,0,0
Valsad,1,60.6,23.2,5.55,7.0,0.904,12,2,78.4,18.2,26.4,1.0,0.2019,0.16604,0.79231,0.90433,0.97,0.9,0.56746,0.05714,0,0.32112,0,0,0,1
Navsari,1,20.8,3.4,3.69,7.3,0.807,11,1,85.3,33.7,28.8,1.0,0.06928,0.02438,0.50487,0.80674,0.9725,0.95,0.70623,0.02857,0.17114,0.44128,1,0,0,0
Vadodara,1,47.6,2.9,4.23,8.0,0.689,39,2,88.0,45.2,27.5,0.0,0.15866,0.02039,0.52847,0.68891,0.9025,0.9,0.76058,0.05714,0.31555,0.37739,0,0,0,0
Surat,1,12.9,5.5,5.15,9.4,0.86,13,1,79.0,12.6,26.8,1.0,0.04303,0.03959,0.54746,0.86012,0.9675,0.95,0.57997,0.02857,0,0.34123,0,0,0,0
Navsari,1,44.3,19.6,5.15,7.3,0.914,11,1,70.9,18.1,24.1,1.0,0.14768,0.14031,0.705,0.9145,0.9725,0.95,0.41746,0.02857,0,0.20259,0,0,0,0
Surat,1,30.3,10.1,6.76,9.4,0.853,13,1,85.5,2.6,26.1,1.0,0.10084,0.07184,0.71928,0.85291,0.9675,0.95,0.71006,0.02857,0,0.304,1,0,0,0
Navsari,1,84.0,41.3,5.55,7.3,1.0,11,1,90.3,3.9,19.8,1.0,0.28008,0.2951,0.75976,1.0,0.9725,0.95,0.80557,0.02857,0,0,0,0,0,0
Patan,0,1.5,0.2,2.34,6.0,0.162,70,1,61.7,34.7,34.6,0.0,0.00505,0.00167,0.38971,0.16156,0.825,0.95,0.23321,0.02857,0.18414,0.73226,0,0,0,0
Porbandar,0,6.5,3.1,2.79,6.2,0.4,8,1,47.1,3.3,37.0,1.0,0.02162,0.02213,0.44962,0.39961,0.98,0.95,0,0.02857,0,0.84959,0,0,0,0
Bhavnagar,0,14.3,2.3,3.66,7.4,0.237,24,2,57.3,37.2,31.1,1.0,0.04764,0.01625,0.49451,0.23747,0.94,0.9,0.14683,0.05714,0.21441,0.55336,0,0,0,0
Jamnagar,0,11.4,6.9,1.16,6.5,0.369,20,2,54.3,25.1,29.7,1.0,0.03812,0.04913,0.17896,0.3687,0.95,0.9,0.08575,0.05714,0.06349,0.48627,0,0,0,0
Dang,0,10.1,3.5,2.94,6.4,0.623,975,27,43.0,13.3,29.9,0.0,0.0336,0.0253,0.45935,0.62324,0,0,0,0.77143,0,0.49259,0,0,1,0
Rajkot,1,16.1,1.4,3.22,7.2,0.517,134,3,79.2,15.6,28.1,0.0,0.05371,0.01006,0.44666,0.51656,0.665,0.85,0.58353,0.08571,0,0.40719,1,0,0,0
Navsari,0,3.0,2.1,4.13,7.3,0.429,11,1,50.7,19.1,30.3,1.0,0.01015,0.01472,0.56584,0.429,0.9725,0.95,0.01448,0.02857,0,0.5153,0,0,0,0
Bhavnagar,1,16.2,4.0,4.17,7.4,0.717,24,2,86.4,43.8,26.9,1.0,0.05407,0.02863,0.56346,0.71683,0.94,0.9,0.7282,0.05714,0.29792,0.34579,0,0,0,0
Porbandar,1,17.6,15.0,2.95,6.2,0.795,8,1,85.3,9.9,26.2,1.0,0.05874,0.10698,0.4754,0.79521,0.98,0.95,0.70538,0.02857,0,0.30845,1,0,0,0
Bhavnagar,1,47.0,35.3,5.07,7.4,0.705,24,2,70.6,16.6,25.5,1.0,0.15661,0.25247,0.68491,0.70511,0.94,0.9,0.41224,0.05714,0,0.27536,1,0,0,0
Rajkot,0,4.8,3.0,2.9,7.2,0.354,134,3,45.8,11.7,36.2,0.0,0.01585,0.0211,0.40292,0.35429,0.665,0.85,0,0.08571,0,0.80933,0,0,0,0
Ahmedabad,0,4.9,1.0,3.15,8.5,0.491,53,2,58.4,14.4,34.3,0.0,0.01618,0.00736,0.3706,0.49097,0.8675,0.9,0.1685,0.05714,0,0.71467,0,0,0,0
Navsari,0,11.1,2.9,3.2,7.3,0.47,11,1,50.2,7.8,32.7,1.0,0.03694,0.02083,0.43833,0.46997,0.9725,0.95,0.00446,0.02857,0,0.63575,0,0,0,0
Dang,1,29.0,12.1,4.73,6.4,0.972,975,27,75.4,18.2,24.3,0.0,0.09662,0.08639,0.73884,0.97174,0,0,0.50834,0.77143,0,0.21451,0,1,0,0
Porbandar,1,3.8,1.1,2.14,6.2,0.664,8,1,84.5,28.5,24.6,1.0,0.01252,0.00793,0.34479,0.66433,0.98,0.95,0.69085,0.02857,0.10613,0.22987,0,0,0,0
Navsari,0,2.4,0.8,3.6,7.3,0.451,11,1,48.9,64.1,31.1,1.0,0.00803,0.00593,0.49256,0.45124,0.9725,0.95,0,0.02857,0.55122,0.55538,0,0,0,0
Porbandar,1,60.1,39.0,4.45,6.2,0.84,8,1,93.7,36.1,24.0,1.0,0.20023,0.27839,0.71823,0.83973,0.98,0.95,0.87346,0.02857,0.20109,0.20007,1,0,0,0
Bhavnagar,1,81.5,16.3,5.55,7.4,0.835,24,2,88.3,9.5,24.1,1.0,0.27177,0.11678,0.74994,0.83549,0.94,0.9,0.76537,0.05714,0,0.20635,1,0,0,0
Bhuj,1,21.3,8.8,2.03,5.8,0.443,110,4,89.7,8.5,25.0,1.0,0.0711,0.06279,0.35033,0.44297,0.725,0.8,0.79409,0.11429,0,0.24967,0,0,0,0
Surat,1,25.2,4.9,6.03,9.4,0.847,13,1,84.1,42.5,26.8,1.0,0.08416,0.03486,0.64187,0.84694,0.9675,0.95,0.68125,0.02857,0.28122,0.34056,0,0,0,0
Patan,1,14.9,6.8,3.22,6.0,0.537,70,1,78.7,26.2,29.0,0.0,0.04951,0.04822,0.53655,0.53728,0.825,0.95,0.57444,0.02857,0.07807,0.44768,0,0,0,0
Vadodara,0,12.9,3.0,2.75,8.0,0.253,39,2,61.4,8.9,33.1,0.0,0.04293,0.02129,0.34315,0.25322,0.9025,0.9,0.22724,0.05714,0,0.65707,0,0,0,0
Bhavnagar,1,61.9,18.4,4.02,7.4,0.596,24,2,78.9,35.3,26.1,1.0,0.20619,0.13173,0.54294,0.59585,0.94,0.9,0.57844,0.05714,0.19081,0.30455,0,0,0,0
Rajkot,0,0.9,0.3,2.16,7.2,0.082,134,3,45.9,27.5,33.0,0.0,0.00315,0.0019,0.30067,0.08189,0.665,0.85,0,0.08571,0.09418,0.64819,0,0,0,0
Surat,0,2.7,0.5,2.35,9.4,0.403,13,1,62.1,18.9,32.6,1.0,0.00915,0.00356,0.24987,0.40264,0.9675,0.95,0.24136,0.02857,0,0.6324,0,0,1,0
Ahmedabad,1,21.2,6.1,5.11,8.5,0.837,53,2,82.2,12.7,23.8,0.0,0.07056,0.04343,0.60153,0.83693,0.8675,0.9,0.64308,0.05714,0,0.18869,1,0,0,0
Surat,1,10.2,4.3,4.81,9.4,0.951,13,1,78.6,59.6,29.8,1.0,0.03402,0.03065,0.51131,0.95091,0.9675,0.95,0.57215,0.02857,0.49468,0.48864,0,0,1,0
Vadodara,1,26.9,12.1,3.97,8.0,0.785,39,2,71.5,25.3,25.5,0.0,0.08951,0.0863,0.49675,0.78485,0.9025,0.9,0.42932,0.05714,0.06687,0.27475,0,0,0,0
Bhuj,1,15.0,6.0,2.51,5.8,0.418,110,4,80.6,68.9,28.5,1.0,0.04993,0.04305,0.43322,0.41829,0.725,0.8,0.61128,0.11429,0.6117,0.42347,1,0,0,0
Surat,0,10.7,5.2,4.89,9.4,0.503,13,1,56.2,4.1,27.6,1.0,0.0357,0.03747,0.51971,0.50331,0.9675,0.95,0.12348,0.02857,0,0.37975,0,0,0,0
Dang,1,65.0,13.5,5.13,6.4,0.965,975,27,84.0,4.0,24.9,0.0,0.21653,0.09653,0.80118,0.96466,0,0,0.67977,0.77143,0,0.24345,1,0,0,0
Surat,1,0.9,0.4,5.28,9.4,0.718,13,1,84.4,52.7,31.6,1.0,0.00299,0.00282,0.56164,0.71838,0.9675,0.95,0.68819,0.02857,0.40862,0.57997,0,0,0,0
Bhuj,1,3.5,2.0,1.62,5.8,0.456,110,4,77.3,15.4,31.0,1.0,0.01161,0.01413,0.2792,0.45648,0.725,0.8,0.54655,0.11429,0,0.5487,0,0,0,0
Bhavnagar,1,8.3,2.8,3.54,7.4,0.691,24,2,83.2,8.0,24.5,1.0,0.02759,0.01978,0.47823,0.69052,0.94,0.9,0.66449,0.05714,0,0.22435,0,0,1,0
Dang,1,34.7,23.2,3.22,6.4,1.0,975,27,84.4,19.8,23.9,0.0,0.11575,0.16536,0.50305,1.0,0,0,0.68715,0.77143,0,0.19505,0,0,0,0
Dang,1,47.6,30.7,4.21,6.4,0.984,975,27,65.8,32.1,27.5,0.0,0.15869,0.21953,0.65767,0.98353,0,0,0.31566,0.77143,0.15123,0.37299,0,1,0,1
Patan,0,1.3,0.2,2.01,6.0,0.235,70,1,55.2,15.4,27.5,0.0,0.00421,0.00144,0.33567,0.23535,0.825,0.95,0.1035,0.02857,0,0.37594,0,0,0,0
Bhavnagar,1,41.7,16.1,4.38,7.4,0.721,24,2,81.5,45.6,26.8,1.0,0.13898,0.11515,0.59136,0.72052,0.94,0.9,0.63016,0.05714,0.32024,0.33766,0,0,0,0
Valsad,0,7.8,2.7,3.86,7.0,0.624,12,2,56.7,32.4,30.3,1.0,0.02595,0.01955,0.55087,0.62373,0.97,0.9,0.13463,0.05714,0.15533,0.51681,0,0,0,0
Patan,1,19.2,3.6,2.6,6.0,0.483,70,1,84.2,28.5,27.3,0.0,0.06392,0.02545,0.43388,0.48272,0.825,0.95,0.68437,0.02857,0.10686,0.36508,0,0,0,0
Surat,0,11.9,2.0,4.0,9.4,0.558,13,1,51.6,8.4,30.4,1.0,0.03957,0.01462,0.42587,0.5584,0.9675,0.95,0.03194,0.02857,0,0.52108,0,0,0,0
Ahmedabad,0,15.0,3.4,3.98,8.5,0.406,53,2,43.5,29.2,33.1,0.0,0.05002,0.02416,0.46796,0.40646,0.8675,0.9,0,0.05714,0.11438,0.65278,0,0,0,0
Patan,0,2.2,0.7,1.39,6.0,0.22,70,1,47.7,42.4,31.2,0.0,0.00748,0.00464,0.23156,0.22039,0.825,0.95,0,0.02857,0.27969,0.5614,0,0,0,0
Patan,0,5.9,4.0,2.06,6.0,0.11,70,1,49.1,14.3,26.4,0.0,0.01968,0.02867,0.34289,0.10962,0.825,0.95,0,0.02857,0,0.31794,0,0,0,0
Jamnagar,0,6.5,3.6,1.87,6.5,0.123,20,2,50.9,17.4,31.8,1.0,0.02164,0.026,0.28803,0.12315,0.95,0.9,0.01801,0.05714,0,0.58846,0,0,0,0
Ahmedabad,0,16.3,6.8,3.66,8.5,0.403,53,2,57.3,3.8,32.0,0.0,0.05435,0.04877,0.43055,0.40293,0.8675,0.9,0.14613,0.05714,0,0.59863,0,0,0,0
Bhuj,1,12.1,7.7,2.85,5.8,0.428,110,4,86.6,10.9,28.5,1.0,0.04023,0.05527,0.49176,0.42804,0.725,0.8,0.73234,0.11429,0,0.4241,0,0,0,0
Ahmedabad,1,12.1,7.2,3.65,8.5,0.728,53,2,73.5,3.8,25.9,0.0,0.04017,0.05146,0.4292,0.72796,0.8675,0.9,0.46906,0.05714,0,0.29544,1,0,0,0
Rajkot,1,30.5,9.2,3.8,7.2,0.664,134,3,78.3,24.2,25.3,0.0,0.10159,0.06562,0.5283,0.66431,0.665,0.85,0.56573,0.08571,0.05301,0.26655,0,0,0,0
Bhuj,1,8.5,1.2,1.82,5.8,0.488,110,4,83.3,13.4,31.1,1.0,0.02839,0.00887,0.31427,0.48841,0.725,0.8,0.66647,0.11429,0,0.55466,0,0,0,0
Rajkot,0,9.8,6.6,3.26,7.2,0.197,134,3,58.0,47.2,32.8,0.0,0.03252,0.04735,0.45299,0.19745,0.665,0.85,0.15983,0.08571,0.33956,0.64237,0,0,0,0
Ahmedabad,0,1.7,1.4,4.04,8.5,0.456,53,2,57.7,12.0,33.6,0.0,0.00563,0.01025,0.47503,0.45598,0.8675,0.9,0.15366,0.05714,0,0.67956,0,0,0,0
Surat,1,23.5,20.0,5.8,9.4,0.807,13,1,78.2,11.6,26.4,1.0,0.07825,0.14252,0.61661,0.80667,0.9675,0.95,0.56467,0.02857,0,0.32225,0,0,0,0
Jamnagar,1,30.4,8.6,3.87,6.5,0.721,20,2,84.0,20.3,22.8,1.0,0.10141,0.06109,0.59501,0.72129,0.95,0.9,0.67958,0.05714,0.00413,0.14038,0,0,0,0
Ahmedabad,0,9.9,2.9,3.99,8.5,0.416,53,2,54.0,17.7,32.2,0.0,0.0329,0.02091,0.46942,0.41555,0.8675,0.9,0.07911,0.05714,0,0.60854,0,0,0,0
Vadodara,1,11.9,10.1,4.76,8.0,0.652,39,2,81.3,23.9,27.0,0.0,0.03963,0.07219,0.5947,0.65181,0.9025,0.9,0.62617,0.05714,0.04913,0.34772,0,0,0,0
Bhuj,1,11.4,6.4,2.08,5.8,0.383,110,4,74.3,11.5,30.7,1.0,0.03799,0.04602,0.35926,0.38287,0.725,0.8,0.48666,0.11429,0,0.5355,0,0,0,0
Jamnagar,1,7.9,0.6,2.26,6.5,0.626,20,2,71.7,8.2,29.2,1.0,0.02623,0.00396,0.34729,0.6259,0.95,0.9,0.43478,0.05714,0,0.46135,0,0,0,0
Valsad,1,74.3,22.9,5.94,7.0,0.958,12,2,87.3,15.1,28.6,1.0,0.24774,0.16343,0.84787,0.95842,0.97,0.9,0.74671,0.05714,0,0.43221,0,0,0,0
Porbandar,1,7.7,3.1,2.09,6.2,0.646,8,1,72.5,56.2,24.9,1.0,0.02559,0.02194,0.3378,0.64639,0.98,0.95,0.44971,0.02857,0.45303,0.24655,1,0,0,0
Porbandar,1,48.2,24.5,3.64,6.2,0.655,8,1,71.8,33.3,22.6,1.0,0.16069,0.17501,0.58633,0.65516,0.98,0.95,0.43521,0.02857,0.16577,0.12946,1,0,0,0
Valsad,1,25.4,9.2,4.85,7.0,0.97,12,2,76.4,8.7,27.0,1.0,0.08473,0.06573,0.69231,0.96995,0.97,0.9,0.52872,0.05714,0,0.35108,0,0,0,0
Rajkot,0,2.3,1.3,2.82,7.2,0.259,134,3,46.0,24.7,34.3,0.0,0.00774,0.00962,0.39204,0.25886,0.665,0.85,0,0.08571,0.05929,0.71657,0,0,0,0
Porbandar,1,31.1,3.5,2.43,6.2,0.755,8,1,84.1,10.3,25.3,1.0,0.10365,0.02469,0.39252,0.75504,0.98,0.95,0.68165,0.02857,0,0.26738,0,0,0,0
Navsari,0,13.8,6.9,2.81,7.3,0.568,11,1,60.1,51.6,33.8,1.0,0.04615,0.04956,0.38548,0.56842,0.9725,0.95,0.2026,0.02857,0.39455,0.68778,0,0,0,0
Bhuj,1,16.9,6.5,2.77,5.8,0.529,110,4,82.0,75.6,27.4,1.0,0.05627,0.04674,0.47698,0.52931,0.725,0.8,0.64002,0.11429,0.69528,0.36917,1,0,0,0
Vadodara,1,20.5,4.2,3.91,8.0,0.758,39,2,76.1,17.5,26.5,0.0,0.06822,0.03027,0.4891,0.75773,0.9025,0.9,0.52255,0.05714,0,0.32469,0,0,0,0
Jamnagar,1,19.4,13.0,3.97,6.5,0.684,20,2,79.0,23.6,28.6,1.0,0.06454,0.09282,0.61044,0.68414,0.95,0.9,0.57947,0.05714,0.04503,0.43113,0,0,0,0
Vadodara,0,2.6,0.5,3.29,8.0,0.371,39,2,48.9,22.6,31.6,0.0,0.00866,0.00324,0.41102,0.37121,0.9025,0.9,0,0.05714,0.03291,0.5817,0,0,0,0
Bhavnagar,1,16.8,4.4,5.12,7.4,0.757,24,2,78.5,19.7,27.4,1.0,0.05595,0.03155,0.69196,0.75662,0.94,0.9,0.57066,0.05714,0,0.36915,1,0,0,0
Rajkot,1,27.6,7.7,3.48,7.2,0.592,134,3,79.6,32.0,26.7,0.0,0.09202,0.05531,0.48277,0.59214,0.665,0.85,0.59178,0.08571,0.14987,0.33618,0,0,0,0
Navsari,1,58.3,17.9,4.49,7.3,0.917,11,1,75.0,5.4,25.8,1.0,0.19439,0.12791,0.61483,0.91728,0.9725,0.95,0.50031,0.02857,0,0.28816,1,0,0,0
Jamnagar,1,22.4,12.9,3.65,6.5,0.557,20,2,82.2,2.2,27.7,1.0,0.07465,0.092,0.56089,0.55695,0.95,0.9,0.64366,0.05714,0,0.38283,0,0,0,0
Ahmedabad,0,10.9,6.4,3.04,8.5,0.367,53,2,67.7,3.6,31.0,0.0,0.03637,0.04547,0.35733,0.3667,0.8675,0.9,0.3535,0.05714,0,0.55154,0,0,0,0
Vadodara,0,2.8,1.5,2.68,8.0,0.306,39,2,56.7,23.9,31.0,0.0,0.00919,0.01039,0.33543,0.30623,0.9025,0.9,0.13412,0.05714,0.04848,0.54796,0,0,0,1
Valsad,1,56.3,26.5,4.48,7.0,1.0,12,2,70.1,8.6,28.1,1.0,0.18752,0.18933,0.64003,1.0,0.97,0.9,0.40104,0.05714,0,0.40287,0,0,0,1
Porbandar,1,6.7,4.2,1.48,6.2,0.503,8,1,70.4,29.1,27.6,1.0,0.02239,0.03013,0.23886,0.50309,0.98,0.95,0.40815,0.02857,0.11345,0.3821,0,0,0,0
Valsad,1,23.2,2.7,3.72,7.0,0.739,12,2,86.7,5.2,28.0,1.0,0.0772,0.0194,0.53102,0.73858,0.97,0.9,0.73313,0.05714,0,0.40245,0,0,0,0
Patan,0,0.1,0.0,1.89,6.0,0.324,70,1,64.5,2,34.5,0.0,0.00019,4e-05,0.31558,0.32429,0.825,0.95,0.28989,0.02857,0,0.72664,1,0,0,0
Valsad,0,22.1,6.6,3.76,7.0,0.58,12,2,41.9,8.7,35.5,1.0,0.0736,0.04746,0.53683,0.57988,0.97,0.9,0,0.05714,0,0.77326,0,0,0,0
Vadodara,1,34.7,17.9,3.77,8.0,0.742,39,2,89.7,27.4,23.6,0.0,0.11558,0.12759,0.47091,0.74244,0.9025,0.9,0.79378,0.05714,0.092,0.17943,1,0,0,0
Bhuj,1,57.2,23.2,2.51,5.8,0.339,110,4,79.5,53.8,23.6,1.0,0.19083,0.16595,0.43346,0.33861,0.725,0.8,0.59023,0.11429,0.42305,0.17841,0,0,0,0
Bhavnagar,1,10.0,3.9,4.19,7.4,0.696,24,2,87.2,21.4,27.2,1.0,0.03331,0.0277,0.56655,0.69632,0.94,0.9,0.74488,0.05714,0.01742,0.35888,0,0,0,1
Bhuj,1,6.8,1.4,2.15,5.8,0.5,110,4,64.1,14.4,27.7,1.0,0.0225,0.0097,0.37135,0.50005,0.725,0.8,0.28298,0.11429,0,0.38537,0,0,0,0
Bhuj,0,0.5,0.2,1.74,5.8,0.087,110,4,55.9,10.0,29.8,1.0,0.0016,0.00118,0.29929,0.08744,0.725,0.8,0.11744,0.11429,0,0.48987,0,0,1,0
Bhuj,0,3.2,0.6,1.81,5.8,0.058,110,4,53.8,8.4,34.5,1.0,0.0107,0.00446,0.31245,0.0578,0.725,0.8,0.07685,0.11429,0,0.72654,0,0,0,0
Dang,1,39.8,4.3,4.84,6.4,0.912,975,27,74.2,14.4,29.0,0.0,0.13262,0.03086,0.75672,0.91228,0,0,0.48461,0.77143,0,0.44959,0,0,0,0
Ahmedabad,1,16.1,4.2,5.49,8.5,0.833,53,2,71.1,20.6,27.3,0.0,0.05359,0.03035,0.64638,0.83253,0.8675,0.9,0.42161,0.05714,0.00727,0.36729,0,0,0,0
Dang,1,44.9,15.3,3.4,6.4,1.0,975,27,74.7,27.4,28.0,0.0,0.14961,0.10897,0.53105,1.0,0,0,0.49421,0.77143,0.09245,0.39883,0,1,0,0
Surat,0,6.6,2.1,3.77,9.4,0.603,13,1,60.0,6.8,32.7,1.0,0.02216,0.01467,0.4011,0.60303,0.9675,0.95,0.19907,0.02857,0,0.63461,0,0,0,0
Patan,1,10.0,3.0,2.55,6.0,0.466,70,1,65.8,25.5,24.3,0.0,0.03318,0.02121,0.42427,0.46573,0.825,0.95,0.31601,0.02857,0.06888,0.21725,0,0,0,0
Surat,1,108.7,43.0,8.46,9.4,0.931,13,1,85.3,21.2,28.6,1.0,0.36231,0.30693,0.8998,0.93101,0.9675,0.95,0.70589,0.02857,0.01545,0.43032,1,0,0,0
Valsad,0,11.9,1.8,2.81,7.0,0.546,12,2,59.2,4.3,33.4,1.0,0.03953,0.0127,0.40213,0.54562,0.97,0.9,0.18303,0.05714,0,0.67028,0,0,0,0
Surat,0,18.9,11.4,3.79,9.4,0.449,13,1,48.1,4.3,36.2,1.0,0.06288,0.08153,0.40341,0.44878,0.9675,0.95,0,0.02857,0,0.81234,0,0,0,0
Porbandar,1,65.2,47.7,5.61,6.2,0.752,8,1,87.2,2,28.1,1.0,0.2172,0.34063,0.90533,0.75249,0.98,0.95,0.74439,0.02857,0,0.40401,1,0,0,0
Rajkot,0,1.7,0.8,2.27,7.2,0.226,134,3,52.7,7.6,30.7,0.0,0.00578,0.00597,0.31468,0.2261,0.665,0.85,0.05319,0.08571,0,0.53388,0,0,0,0
Bhavnagar,0,7.2,4.6,2.42,7.4,0.306,24,2,47.0,25.7,34.6,1.0,0.02413,0.03315,0.32641,0.30574,0.94,0.9,0,0.05714,0.07135,0.73072,0,0,1,0
Bhuj,1,12.2,8.1,2.63,5.8,0.442,110,4,83.2,30.0,25.8,1.0,0.04062,0.0578,0.45271,0.44202,0.725,0.8,0.66396,0.11429,0.12514,0.2907,1,0,0,0
Patan,1,31.7,4.1,2.75,6.0,0.529,70,1,85.4,9.8,28.1,0.0,0.1058,0.02936,0.4589,0.52934,0.825,0.95,0.7089,0.02857,0,0.40679,1,0,0,0
Vadodara,1,55.2,17.9,6.16,8.0,0.814,39,2,87.2,8.7,24.7,0.0,0.18398,0.12771,0.76944,0.81375,0.9025,0.9,0.74448,0.05714,0,0.23428,1,0,0,0
Valsad,0,2.6,1.0,3.29,7.0,0.514,12,2,54.7,25.0,32.5,1.0,0.0085,0.00742,0.4695,0.51436,0.97,0.9,0.09362,0.05714,0.06197,0.62466,0,0,0,0
Porbandar,1,58.5,43.7,3.23,6.2,0.704,8,1,79.7,15.8,22.8,1.0,0.19506,0.31186,0.52074,0.70372,0.98,0.95,0.59416,0.02857,0,0.13933,0,0,0,0
Surat,0,15.1,7.8,3.37,9.4,0.516,13,1,48.9,6.7,31.2,1.0,0.05039,0.05536,0.35802,0.51586,0.9675,0.95,0,0.02857,0,0.56105,0,0,0,0
Bhuj,1,21.6,8.2,3.12,5.8,0.48,110,4,84.2,2,26.3,1.0,0.07211,0.05835,0.53756,0.47983,0.725,0.8,0.68418,0.11429,0,0.31675,0,0,0,0
Rajkot,1,22.3,15.2,3.37,7.2,0.633,134,3,86.2,32.1,28.4,0.0,0.07418,0.10863,0.46763,0.63291,0.665,0.85,0.7249,0.08571,0.15117,0.42121,0,0,0,0
Navsari,0,2.6,1.7,2.44,7.3,0.462,11,1,48.6,36.8,31.9,1.0,0.00868,0.01244,0.3338,0.46183,0.9725,0.95,0,0.02857,0.20958,0.59381,0,0,0,0
Ahmedabad,1,16.4,6.3,4.96,8.5,0.625,53,2,86.2,8.7,27.3,0.0,0.05469,0.04472,0.58317,0.62514,0.8675,0.9,0.72451,0.05714,0,0.36342,0,0,0,0
Bhavnagar,1,25.7,10.0,4.76,7.4,0.693,24,2,80.4,37.7,28.6,1.0,0.08563,0.07157,0.6439,0.69297,0.94,0.9,0.60763,0.05714,0.22167,0.42883,0,0,0,0
Ahmedabad,1,38.2,14.5,5.22,8.5,0.805,53,2,79.8,21.2,28.8,0.0,0.12727,0.10332,0.61409,0.80469,0.8675,0.9,0.59541,0.05714,0.01537,0.44249,0,0,0,0
Dang,1,17.3,3.6,3.93,6.4,0.891,975,27,80.4,23.5,28.0,0.0,0.05756,0.026,0.6135,0.89136,0,0,0.60829,0.77143,0.04413,0.40141,1,1,0,0
Vadodara,1,75.8,12.2,5.84,8.0,0.842,39,2,77.5,19.0,26.9,0.0,0.25255,0.08705,0.73038,0.84218,0.9025,0.9,0.55099,0.05714,0,0.34576,0,0,0,0
Valsad,1,145.9,74.9,6.01,7.0,0.87,12,2,82.6,15.2,24.4,1.0,0.48631,0.53509,0.85812,0.86951,0.97,0.9,0.65129,0.05714,0,0.21948,0,1,1,0
Surat,1,32.0,15.7,5.74,9.4,0.99,13,1,87.0,15.0,25.9,1.0,0.10653,0.11179,0.61074,0.99022,0.9675,0.95,0.74054,0.02857,0,0.29746,0,0,0,0
Jamnagar,0,25.0,6.9,2.18,6.5,0.277,20,2,55.2,40.4,35.3,1.0,0.08328,0.04911,0.33543,0.27695,0.95,0.9,0.10399,0.05714,0.25539,0.7662,0,0,0,0
Bhuj,1,18.4,11.5,2.78,5.8,0.564,110,4,90.9,13.5,25.7,1.0,0.06125,0.08184,0.47864,0.56378,0.725,0.8,0.81839,0.11429,0,0.28516,1,0,0,0
Dang,1,94.4,6.8,5.4,6.4,1.0,975,27,82.5,27.0,25.5,0.0,0.3146,0.0485,0.84451,1.0,0,0,0.64956,0.77143,0.08698,0.27538,0,0,0,0
Dang,0,16.7,6.8,2.66,6.4,0.481,975,27,49.8,18.0,32.8,0.0,0.05566,0.0483,0.41606,0.48118,0,0,0,0.77143,0,0.64237,0,0,0,0
Rajkot,0,5.6,2.9,2.31,7.2,0.164,134,3,57.4,14.1,31.6,0.0,0.01865,0.02085,0.3206,0.16417,0.665,0.85,0.1471,0.08571,0,0.5821,0,0,0,0
Valsad,1,35.3,19.7,4.35,7.0,0.943,12,2,82.2,33.2,27.6,1.0,0.1178,0.1407,0.62115,0.94305,0.97,0.9,0.64414,0.05714,0.16475,0.38089,0,0,0,0
Jamnagar,1,23.3,8.0,2.38,6.5,0.696,20,2,79.5,3.8,24.4,1.0,0.07762,0.05726,0.36685,0.69625,0.95,0.9,0.59015,0.05714,0,0.22014,0,0,0,0
Dang,1,129.4,34.8,4.62,6.4,1.0,975,27,89.8,23.9,20.9,0.0,0.43146,0.24887,0.72187,1.0,0,0,0.79586,0.77143,0.04845,0.04729,0,0,0,0
Bhavnagar,0,4.3,2.4,1.5,7.4,0.266,24,2,44.3,12.7,35.5,1.0,0.01426,0.01746,0.20298,0.26579,0.94,0.9,0,0.05714,0,0.77416,0,0,0,0
Patan,1,27.2,6.5,2.65,6.0,0.475,70,1,79.9,28.2,27.2,0.0,0.09052,0.04675,0.44132,0.47502,0.825,0.95,0.59899,0.02857,0.10237,0.36227,0,0,0,0
Surat,1,48.0,14.3,6.34,9.4,0.865,13,1,81.0,34.9,27.8,1.0,0.15985,0.1023,0.67419,0.86477,0.9675,0.95,0.61979,0.02857,0.18682,0.39047,0,0,0,0
Patan,0,13.3,4.8,1.4,6.0,0.224,70,1,58.7,48.0,28.6,0.0,0.04424,0.03452,0.23331,0.22437,0.825,0.95,0.17474,0.02857,0.34951,0.43043,0,0,0,0
Porbandar,0,7.8,1.7,2.54,6.2,0.398,8,1,54.5,19.4,31.2,1.0,0.02595,0.01238,0.40998,0.39785,0.98,0.95,0.09052,0.02857,0,0.55942,1,0,0,0
Vadodara,1,15.3,12.6,3.39,8.0,0.665,39,2,80.3,2.9,27.4,0.0,0.05113,0.08966,0.42427,0.66499,0.9025,0.9,0.60676,0.05714,0,0.36929,0,0,0,0
Surat,1,42.5,25.6,6.42,9.4,1.0,13,1,84.9,13.9,26.6,1.0,0.14167,0.18262,0.68247,1.0,0.9675,0.95,0.69704,0.02857,0,0.3285,1,0,0,0
Valsad,1,55.6,28.1,4.17,7.0,1.0,12,2,85.2,9.8,27.8,1.0,0.18526,0.20043,0.59579,1.0,0.97,0.9,0.70464,0.05714,0,0.39198,0,0,0,0
Porbandar,1,1.8,0.9,1.32,6.2,0.584,8,1,78.9,16.0,29.4,1.0,0.00592,0.00672,0.21329,0.58411,0.98,0.95,0.57755,0.02857,0,0.46811,0,0,0,0
Valsad,0,17.7,8.3,4.02,7.0,0.556,12,2,50.6,22.3,30.8,1.0,0.05886,0.05913,0.57411,0.55591,0.97,0.9,0.0127,0.05714,0.02922,0.54009,0,0,0,0
Bhuj,0,4.5,3.3,1.38,5.8,0.068,110,4,48.5,8.4,28.1,1.0,0.01514,0.02326,0.23709,0.06756,0.725,0.8,0,0.11429,0,0.40346,0,0,0,0
Bhavnagar,1,48.4,4.2,4.15,7.4,0.651,24,2,76.3,21.6,32.7,1.0,0.16142,0.02997,0.56063,0.6512,0.94,0.9,0.52526,0.05714,0.01943,0.63408,0,0,0,0
Bhavnagar,1,12.2,8.9,4.74,7.4,0.578,24,2,80.4,18.4,28.4,1.0,0.04055,0.06383,0.64102,0.57799,0.94,0.9,0.60738,0.05714,0,0.42119,1,0,0,0
Bhavnagar,1,46.7,26.0,5.24,7.4,0.666,24,2,77.1,12.5,26.6,1.0,0.15556,0.18593,0.70771,0.66564,0.94,0.9,0.54136,0.05714,0,0.33019,0,0,0,0
Ahmedabad,0,11.7,7.7,3.54,8.5,0.509,53,2,54.3,8.6,32.9,0.0,0.0389,0.05521,0.41661,0.50876,0.8675,0.9,0.08526,0.05714,0,0.64353,0,0,0,0
Surat,1,22.6,9.7,4.93,9.4,0.839,13,1,63.0,13.1,25.8,1.0,0.07531,0.069,0.52482,0.83915,0.9675,0.95,0.26019,0.02857,0,0.29035,0,0,0,0
Surat,1,48.0,11.5,6.88,9.4,0.881,13,1,71.9,6.4,29.4,1.0,0.15984,0.0823,0.73234,0.88137,0.9675,0.95,0.43728,0.02857,0,0.46798,1,0,0,0
Ahmedabad,1,4.1,1.4,3.3,8.5,0.764,53,2,63.2,22.5,27.1,0.0,0.01351,0.00965,0.38774,0.76407,0.8675,0.9,0.26364,0.05714,0.03131,0.35661,0,0,0,0
Bhavnagar,1,30.7,14.1,3.99,7.4,0.705,24,2,81.0,29.2,22.3,1.0,0.1022,0.10096,0.53888,0.7052,0.94,0.9,0.62034,0.05714,0.11517,0.11332,0,0,0,0
Jamnagar,1,61.7,49.4,3.84,6.5,0.715,20,2,78.1,37.5,26.5,1.0,0.20563,0.35295,0.59028,0.71534,0.95,0.9,0.56293,0.05714,0.21825,0.32543,1,0,1,1
Ahmedabad,1,8.4,2.9,5.32,8.5,0.863,53,2,77.5,13.7,27.0,0.0,0.02804,0.02081,0.62624,0.86286,0.8675,0.9,0.54987,0.05714,0,0.35112,0,0,0,1
Navsari,1,63.8,43.3,5.49,7.3,0.905,11,1,85.3,16.7,23.4,1.0,0.21273,0.30896,0.75224,0.90451,0.9725,0.95,0.70556,0.02857,0,0.16975,1,0,0,1
Bhavnagar,0,1.4,0.8,3.11,7.4,0.398,24,2,51.8,3.7,33.5,1.0,0.00479,0.00572,0.42037,0.39753,0.94,0.9,0.03669,0.05714,0,0.67417,0,0,0,0
Bhuj,1,20.1,4.1,2.45,5.8,0.589,110,4,86.8,13.7,27.2,1.0,0.06716,0.02953,0.42264,0.58865,0.725,0.8,0.73523,0.11429,0,0.36192,0,0,0,0
Bhuj,1,16.8,5.0,2.07,5.8,0.376,110,4,85.4,18.6,26.7,1.0,0.056,0.03577,0.35751,0.37556,0.725,0.8,0.70789,0.11429,0,0.33471,0,0,0,0
Porbandar,1,62.3,42.8,4.22,6.2,0.715,8,1,85.4,24.7,25.2,1.0,0.20778,0.30587,0.68078,0.71511,0.98,0.95,0.70778,0.02857,0.05892,0.2619,0,0,0,1
Jamnagar,1,108.9,22.2,5.43,6.5,0.851,20,2,83.7,13.0,27.0,1.0,0.3631,0.15839,0.8359,0.8507,0.95,0.9,0.67304,0.05714,0,0.34789,1,0,0,0
Jamnagar,1,23.7,17.2,3.72,6.5,0.749,20,2,80.4,8.4,26.4,1.0,0.07885,0.12252,0.5724,0.74878,0.95,0.9,0.60725,0.05714,0,0.31826,0,0,0,0
Porbandar,0,3.7,2.4,1.99,6.2,0.297,8,1,49.2,21.6,31.0,1.0,0.01237,0.01705,0.32087,0.2974,0.98,0.95,0,0.02857,0.01963,0.54996,0,0,0,0
Jamnagar,1,3.5,0.8,2.68,6.5,0.586,20,2,78.0,142.5,30.1,1.0,0.01151,0.00606,0.41257,0.58621,0.95,0.9,0.56035,0.05714,1,0.50598,0,0,1,0
Navsari,1,66.5,39.8,5.28,7.3,1.0,11,1,93.1,3.9,24.5,1.0,0.22157,0.28433,0.72358,1.0,0.9725,0.95,0.86257,0.02857,0,0.22408,1,1,0,0
Ahmedabad,1,5.8,2.1,4.22,8.5,0.757,53,2,76.1,34.4,29.1,0.0,0.01943,0.01526,0.49683,0.75657,0.8675,0.9,0.52173,0.05714,0.17953,0.45617,0,0,0,0
Navsari,0,6.7,3.1,3.34,7.3,0.492,11,1,55.6,15.4,36.2,1.0,0.02222,0.0224,0.45715,0.4919,0.9725,0.95,0.11148,0.02857,0,0.80818,0,0,0,0
Dang,0,13.2,7.8,2.92,6.4,0.612,975,27,60.0,30.6,32.9,0.0,0.0439,0.05543,0.45548,0.61198,0,0,0.19971,0.77143,0.13305,0.64644,0,0,0,0
Surat,0,16.8,2.6,6.44,9.4,0.486,13,1,53.4,17.8,35.0,1.0,0.05584,0.01863,0.68489,0.48589,0.9675,0.95,0.06884,0.02857,0,0.75079,1,0,0,0
Valsad,1,41.3,34.9,3.77,7.0,1.0,12,2,77.7,9.3,25.0,1.0,0.13782,0.24943,0.53846,1.0,0.97,0.9,0.55308,0.05714,0,0.2489,0,0,0,0
Bhavnagar,0,7.0,4.6,3.66,7.4,0.448,24,2,51.6,8.6,35.4,1.0,0.02346,0.03311,0.4948,0.44755,0.94,0.9,0.03156,0.05714,0,0.77174,0,0,0,0
Dang,1,25.6,4.0,3.8,6.4,0.792,975,27,72.6,6.0,25.6,0.0,0.08546,0.02854,0.59373,0.7918,0,0,0.45226,0.77143,0,0.27959,0,1,0,0
Rajkot,0,1.4,0.5,2.5,7.2,0.274,134,3,53.1,8.9,34.2,0.0,0.00461,0.00339,0.34777,0.27435,0.665,0.85,0.06228,0.08571,0,0.70847,0,0,0,0
Rajkot,0,6.4,2.2,2.25,7.2,0.192,134,3,53.9,9.1,31.7,0.0,0.02146,0.01566,0.31243,0.19189,0.665,0.85,0.07798,0.08571,0,0.58699,0,0,0,0
Rajkot,0,4.2,2.1,3.07,7.2,0.178,134,3,54.0,14.0,33.1,0.0,0.01393,0.01517,0.42647,0.17781,0.665,0.85,0.07928,0.08571,0,0.65625,0,0,0,0
Rajkot,1,17.0,7.3,3.83,7.2,0.599,134,3,70.3,8.3,26.6,0.0,0.0567,0.05219,0.5316,0.59869,0.665,0.85,0.40692,0.08571,0,0.33196,0,0,0,0
Valsad,1,18.1,8.6,4.14,7.0,1.0,12,2,71.8,26.8,27.6,1.0,0.06045,0.06167,0.5912,1.0,0.97,0.9,0.43605,0.05714,0.08526,0.38153,1,0,0,0
Porbandar,1,56.1,26.1,3.46,6.2,0.812,8,1,83.6,7.2,25.4,1.0,0.1871,0.18648,0.55804,0.81186,0.98,0.95,0.67252,0.02857,0,0.27144,1,0,0,0
Rajkot,0,2.7,1.4,2.51,7.2,0.284,134,3,44.2,7.0,32.9,0.0,0.0091,0.00997,0.34915,0.28409,0.665,0.85,0,0.08571,0,0.64619,0,0,0,0
Dang,1,11.4,1.0,3.4,6.4,0.938,975,27,77.6,11.6,29.8,0.0,0.03788,0.00706,0.53157,0.93841,0,0,0.55114,0.77143,0,0.49145,0,0,0,0
Valsad,1,37.7,31.8,2.91,7.0,0.888,12,2,90.9,12.3,24.6,1.0,0.1258,0.22745,0.41521,0.88826,0.97,0.9,0.81781,0.05714,0,0.23212,0,0,0,1
Bhuj,0,3.7,1.9,1.66,5.8,0.249,110,4,61.4,16.1,33.2,1.0,0.01218,0.01323,0.28698,0.24919,0.725,0.8,0.22848,0.11429,0,0.66055,0,0,0,0
Rajkot,1,37.6,10.4,3.63,7.2,0.517,134,3,72.3,12.6,26.2,0.0,0.12518,0.07451,0.50464,0.51742,0.665,0.85,0.44634,0.08571,0,0.31085,0,0,0,0
Dang,1,48.4,23.9,4.09,6.4,1.0,975,27,79.2,29.0,25.2,0.0,0.1613,0.17102,0.63913,1.0,0,0,0.585,0.77143,0.11261,0.26152,0,1,0,0
Porbandar,0,14.6,7.6,1.64,6.2,0.359,8,1,54.7,10.1,32.0,1.0,0.04854,0.05397,0.26402,0.35936,0.98,0.95,0.09408,0.02857,0,0.59949,0,0,0,0
Porbandar,1,141.6,46.1,6.32,6.2,0.85,8,1,91.7,20.9,19.1,1.0,0.47209,0.32899,1.01868,0.84962,0.98,0.95,0.833,0.02857,0.01136,0,1,0,0,0
Bhavnagar,1,27.2,17.0,4.27,7.4,0.761,24,2,82.8,14.9,26.5,1.0,0.09072,0.12121,0.5764,0.76147,0.94,0.9,0.65615,0.05714,0,0.32602,0,0,0,0
Ahmedabad,1,22.2,11.1,4.44,8.5,0.76,53,2,75.1,3.8,30.4,0.0,0.07401,0.07933,0.52178,0.75969,0.8675,0.9,0.50258,0.05714,0,0.52219,1,0,0,0
Patan,0,2.5,1.6,1.55,6.0,0.065,70,1,51.0,5.6,34.3,0.0,0.00823,0.01129,0.2591,0.06492,0.825,0.95,0.02097,0.02857,0,0.71688,0,0,0,0
Navsari,1,5.4,1.9,4.07,7.3,0.757,11,1,76.3,35.6,27.8,1.0,0.0181,0.01326,0.55751,0.75748,0.9725,0.95,0.52641,0.02857,0.19478,0.38961,0,0,0,0
Dang,1,97.0,42.5,4.17,6.4,0.945,975,27,71.2,26.8,26.8,0.0,0.32334,0.30326,0.65229,0.94527,0,0,0.42325,0.77143,0.08444,0.34035,0,1,0,0
Surat,1,35.4,16.8,6.11,9.4,1.0,13,1,70.8,23.2,27.1,1.0,0.11812,0.11966,0.65037,1.0,0.9675,0.95,0.41642,0.02857,0.03956,0.35369,1,0,0,0
Rajkot,0,2.2,1.0,3.01,7.2,0.379,134,3,55.8,7.6,31.8,0.0,0.00721,0.00708,0.41769,0.37908,0.665,0.85,0.11623,0.08571,0,0.5876,0,0,0,0
Ahmedabad,1,38.2,29.3,4.79,8.5,0.879,53,2,79.9,46.2,26.0,0.0,0.12718,0.20903,0.56372,0.87941,0.8675,0.9,0.59719,0.05714,0.32801,0.30049,0,0,0,0
Navsari,1,12.1,5.0,3.76,7.3,0.943,11,1,76.8,27.3,25.9,1.0,0.04025,0.03582,0.51509,0.94264,0.9725,0.95,0.53685,0.02857,0.09095,0.29426,1,0,0,0
Navsari,1,66.6,10.3,5.64,7.3,1.0,11,1,79.5,38.5,26.7,1.0,0.22197,0.07332,0.77238,1.0,0.9725,0.95,0.59059,0.02857,0.23088,0.33262,1,0,0,0
Patan,1,19.8,11.8,2.62,6.0,0.556,70,1,75.7,9.5,25.0,0.0,0.06591,0.08403,0.43708,0.55636,0.825,0.95,0.51365,0.02857,0,0.25006,0,0,0,0
Bhavnagar,1,35.8,17.5,4.27,7.4,0.765,24,2,73.9,3.9,24.1,1.0,0.11942,0.12534,0.5765,0.76451,0.94,0.9,0.47813,0.05714,0,0.20365,0,0,0,0
Rajkot,1,6.5,2.5,3.76,7.2,0.617,134,3,86.0,5.3,31.2,0.0,0.02155,0.01806,0.52231,0.61707,0.665,0.85,0.71958,0.08571,0,0.56126,0,0,0,1
Jamnagar,1,24.4,5.8,3.96,6.5,0.673,20,2,87.5,11.5,25.8,1.0,0.08123,0.04117,0.60857,0.67251,0.95,0.9,0.74945,0.05714,0,0.29138,0,1,0,1
Ahmedabad,0,2.6,1.2,3.17,8.5,0.523,53,2,52.1,23.2,32.3,0.0,0.0085,0.00851,0.37337,0.52275,0.8675,0.9,0.0417,0.05714,0.04033,0.61365,1,0,0,0
Ahmedabad,1,5.6,1.9,4.48,8.5,0.82,53,2,91.2,20.7,25.1,0.0,0.01857,0.01371,0.52687,0.81993,0.8675,0.9,0.82398,0.05714,0.00889,0.25524,1,0,0,0
Bhavnagar,1,22.2,12.1,3.7,7.4,0.921,24,2,80.1,70.8,28.5,1.0,0.07386,0.08667,0.50055,0.92081,0.94,0.9,0.60269,0.05714,0.63466,0.42401,0,0,1,0
Patan,1,16.8,3.1,3.72,6.0,0.541,70,1,91.5,10.3,24.1,0.0,0.05603,0.02241,0.62079,0.541,0.825,0.95,0.83098,0.02857,0,0.20448,0,0,0,0
Porbandar,1,13.6,3.6,3.35,6.2,0.605,8,1,79.0,9.7,25.4,1.0,0.04536,0.02573,0.53959,0.60511,0.98,0.95,0.5804,0.02857,0,0.26763,1,0,0,0
Rajkot,1,36.4,13.3,3.72,7.2,0.585,134,3,77.6,39.5,29.7,0.0,0.12134,0.09533,0.51638,0.58543,0.665,0.85,0.55296,0.08571,0.24336,0.48361,1,0,0,0
Surat,1,96.8,17.1,6.3,9.4,0.925,13,1,65.7,9.2,25.4,1.0,0.32255,0.12243,0.67025,0.92462,0.9675,0.95,0.31321,0.02857,0,0.26797,0,0,0,0
Porbandar,0,8.9,4.3,2.33,6.2,0.357,8,1,63.3,6.4,31.4,1.0,0.02965,0.03066,0.37575,0.35728,0.98,0.95,0.26563,0.02857,0,0.56763,0,0,0,0
Vadodara,1,51.7,23.4,3.7,8.0,0.707,39,2,84.1,36.5,24.5,0.0,0.17244,0.16717,0.46205,0.70692,0.9025,0.9,0.68295,0.05714,0.20643,0.22477,0,0,0,1
Ahmedabad,0,4.4,2.9,4.1,8.5,0.442,53,2,59.5,4.3,33.9,0.0,0.01473,0.0204,0.48189,0.44195,0.8675,0.9,0.18961,0.05714,0,0.69333,0,0,0,0
Bhavnagar,1,65.2,50.9,3.73,7.4,0.833,24,2,84.9,4.5,27.0,1.0,0.21719,0.36389,0.50351,0.83256,0.94,0.9,0.6985,0.05714,0,0.34948,0,1,0,0
Dang,0,9.0,3.3,4.05,6.4,0.562,975,27,60.4,16.6,32.5,0.0,0.03,0.02383,0.63247,0.56214,0,0,0.20861,0.77143,0,0.62722,0,1,0,0
Porbandar,1,37.1,16.5,3.8,6.2,0.737,8,1,77.9,32.5,25.6,1.0,0.1237,0.11802,0.61339,0.73706,0.98,0.95,0.55714,0.02857,0.15672,0.28102,0,0,0,0
Dang,0,14.0,10.3,2.74,6.4,0.533,975,27,56.4,31.6,31.7,0.0,0.04658,0.07372,0.42854,0.53322,0,0,0.128,0.77143,0.14466,0.58511,0,0,0,0
Porbandar,0,3.5,0.9,2.54,6.2,0.253,8,1,48.3,11.8,33.8,1.0,0.01168,0.00633,0.40906,0.25275,0.98,0.95,0,0.02857,0,0.68917,1,0,1,0
Bhavnagar,1,57.5,15.3,5.11,7.4,0.762,24,2,89.9,16.0,25.9,1.0,0.19159,0.1091,0.69068,0.76218,0.94,0.9,0.79876,0.05714,0,0.29505,1,0,0,0
Ahmedabad,0,8.9,4.7,3.79,8.5,0.466,53,2,55.9,34.3,33.4,0.0,0.02973,0.03331,0.44646,0.46562,0.8675,0.9,0.11775,0.05714,0.17855,0.669,0,0,0,0
Ahmedabad,0,9.6,3.4,2.99,8.5,0.339,53,2,50.9,9.3,33.6,0.0,0.032,0.02408,0.35207,0.33907,0.8675,0.9,0.01896,0.05714,0,0.68014,0,0,0,0
Jamnagar,1,1.4,0.9,2.51,6.5,0.483,20,2,73.5,54.2,24.4,1.0,0.0046,0.00658,0.38682,0.48333,0.95,0.9,0.46912,0.05714,0.4281,0.21967,0,0,1,0
Ahmedabad,0,7.8,2.0,3.15,8.5,0.421,53,2,48.5,27.1,31.0,0.0,0.02614,0.01432,0.37043,0.42066,0.8675,0.9,0,0.05714,0.08871,0.55055,0,0,0,0
Jamnagar,0,5.3,1.2,3.15,6.5,0.413,20,2,45.2,12.3,33.1,1.0,0.01751,0.00852,0.48407,0.41278,0.95,0.9,0,0.05714,0,0.65659,0,0,0,0
Bhuj,0,5.8,1.1,1.92,5.8,0.122,110,4,60.1,25.0,29.4,1.0,0.01931,0.00777,0.33067,0.1216,0.725,0.8,0.20251,0.11429,0.06272,0.471,0,0,0,0
Dang,0,2.5,0.7,2.87,6.4,0.601,975,27,53.9,4.2,30.8,0.0,0.00844,0.0047,0.44914,0.60131,0,0,0.07739,0.77143,0,0.54165,1,0,0,0
Valsad,1,13.4,5.2,3.19,7.0,0.856,12,2,74.3,31.3,23.5,1.0,0.04462,0.03708,0.45541,0.85648,0.97,0.9,0.4857,0.05714,0.14131,0.17286,0,0,0,0
Rajkot,0,1.4,0.9,2.22,7.2,0.156,134,3,51.4,36.8,30.0,0.0,0.00464,0.0067,0.30849,0.15609,0.665,0.85,0.0286,0.08571,0.21031,0.49962,0,0,0,0
Navsari,1,11.1,5.3,4.35,7.3,0.836,11,1,63.0,18.9,27.7,1.0,0.03702,0.0381,0.59645,0.83561,0.9725,0.95,0.25962,0.02857,0,0.38563,0,0,0,0
Navsari,0,9.5,1.1,2.32,7.3,0.497,11,1,38.7,7.4,32.4,1.0,0.03166,0.00782,0.31846,0.49677,0.9725,0.95,0,0.02857,0,0.62105,0,0,0,0
Navsari,1,74.1,26.9,5.42,7.3,0.987,11,1,88.8,26.8,24.0,1.0,0.24716,0.1922,0.74207,0.98749,0.9725,0.95,0.7755,0.02857,0.08447,0.20095,1,1,0,0
Bhavnagar,1,27.0,7.7,4.48,7.4,0.666,24,2,71.1,25.7,25.2,1.0,0.09002,0.05478,0.60477,0.66649,0.94,0.9,0.42157,0.05714,0.0707,0.25804,0,0,0,0
Dang,1,44.3,6.6,4.32,6.4,0.978,975,27,75.6,11.4,30.2,0.0,0.1475,0.04726,0.67515,0.97827,0,0,0.51201,0.77143,0,0.51114,0,0,0,0
Surat,0,11.2,9.0,4.31,9.4,0.455,13,1,46.8,32.4,36.9,1.0,0.03736,0.06426,0.45892,0.45512,0.9675,0.95,0,0.02857,0.15531,0.84461,0,0,0,0
Jamnagar,0,2.8,0.9,2.05,6.5,0.244,20,2,38.3,13.8,36.9,1.0,0.00932,0.00654,0.31557,0.24366,0.95,0.9,0,0.05714,0,0.84575,0,0,0,0
Patan,1,11.5,2.4,2.46,6.0,0.592,70,1,87.8,25.3,29.5,0.0,0.03848,0.01723,0.40985,0.59163,0.825,0.95,0.75607,0.02857,0.06662,0.47274,0,0,0,0
Porbandar,1,24.6,9.2,3.94,6.2,0.848,8,1,78.4,27.0,30.5,1.0,0.08189,0.06559,0.63625,0.84798,0.98,0.95,0.56854,0.02857,0.0871,0.52735,1,0,0,0
Bhuj,1,15.5,4.2,2.74,5.8,0.485,110,4,90.2,13.6,28.2,1.0,0.05168,0.02972,0.47221,0.48465,0.725,0.8,0.80424,0.11429,0,0.41121,0,0,0,0
Patan,1,43.4,9.3,3.15,6.0,0.565,70,1,86.8,6.9,27.8,0.0,0.14482,0.06616,0.52514,0.56541,0.825,0.95,0.73616,0.02857,0,0.39068,1,0,0,0
Ahmedabad,0,8.6,1.2,5.03,8.5,0.44,53,2,60.2,22.6,30.6,0.0,0.02851,0.00826,0.59192,0.44047,0.8675,0.9,0.20349,0.05714,0.03292,0.52859,0,0,0,0
Ahmedabad,0,8.2,1.4,4.04,8.5,0.371,53,2,61.9,17.3,32.2,0.0,0.02725,0.01008,0.47506,0.37113,0.8675,0.9,0.23885,0.05714,0,0.60848,0,0,0,0
Vadodara,0,9.1,2.9,4.14,8.0,0.49,39,2,43.4,7.9,31.9,0.0,0.03041,0.02036,0.51744,0.48953,0.9025,0.9,0,0.05714,0,0.59666,0,0,0,0
Rajkot,1,8.4,3.4,3.7,7.2,0.574,134,3,83.9,3.8,27.9,0.0,0.02787,0.02407,0.51455,0.57355,0.665,0.85,0.67737,0.08571,0,0.39539,0,0,0,0
Porbandar,0,3.1,1.4,1.04,6.2,0.341,8,1,55.2,7.1,31.0,1.0,0.01024,0.01019,0.16736,0.34134,0.98,0.95,0.10422,0.02857,0,0.55164,1,0,0,0
Navsari,1,128.7,28.5,6.66,7.3,0.98,11,1,81.2,41.2,23.3,1.0,0.42886,0.20383,0.91271,0.98003,0.9725,0.95,0.62457,0.02857,0.2654,0.16685,1,0,0,0
Vadodara,1,4.1,1.9,4.15,8.0,0.73,39,2,65.2,7.1,22.6,0.0,0.01383,0.01345,0.51853,0.72996,0.9025,0.9,0.30471,0.05714,0,0.13201,0,0,0,0
Vadodara,1,55.4,4.8,5.05,8.0,0.823,39,2,79.0,27.1,23.4,0.0,0.18467,0.03433,0.63176,0.82346,0.9025,0.9,0.58092,0.05714,0.08819,0.16807,1,0,0,0
Surat,1,19.3,7.8,5.34,9.4,0.85,13,1,82.3,15.2,30.0,1.0,0.06422,0.05583,0.56792,0.85039,0.9675,0.95,0.64676,0.02857,0,0.4986,0,0,0,0
Navsari,1,47.5,24.5,4.88,7.3,0.988,11,1,87.8,39.2,24.2,1.0,0.15826,0.17473,0.66857,0.98824,0.9725,0.95,0.75645,0.02857,0.23943,0.20931,0,0,0,0
Patan,0,3.7,2.2,2.19,6.0,0.118,70,1,55.6,23.2,35.7,0.0,0.01241,0.01585,0.36553,0.11787,0.825,0.95,0.11268,0.02857,0.03965,0.78325,0,0,0,0
Patan,1,14.9,7.5,2.32,6.0,0.612,70,1,83.3,55.7,28.1,0.0,0.04975,0.05385,0.38676,0.61243,0.825,0.95,0.66501,0.02857,0.4459,0.40387,1,0,0,0
Surat,0,9.5,4.8,4.71,9.4,0.605,13,1,59.3,5.0,32.9,1.0,0.03176,0.03404,0.50116,0.60547,0.9675,0.95,0.18655,0.02857,0,0.64251,0,0,0,0
Patan,1,4.3,1.9,2.97,6.0,0.546,70,1,81.5,30.3,28.9,0.0,0.01434,0.01348,0.49461,0.54596,0.825,0.95,0.62968,0.02857,0.12849,0.44321,0,0,0,0
Vadodara,1,13.6,3.3,3.61,8.0,0.743,39,2,79.4,15.2,26.3,0.0,0.04534,0.02343,0.45102,0.74329,0.9025,0.9,0.58833,0.05714,0,0.31605,0,0,0,0
Valsad,1,42.6,14.0,3.73,7.0,0.78,12,2,83.7,11.7,28.9,1.0,0.14199,0.10014,0.53281,0.78013,0.97,0.9,0.67375,0.05714,0,0.44729,0,0,0,0
Valsad,1,218.5,74.9,8.05,7.0,1.0,12,2,80.9,12.1,22.0,1.0,0.72836,0.53513,1.14982,1.0,0.97,0.9,0.61721,0.05714,0,0.10174,1,1,0,0
Porbandar,1,104.8,52.3,5.17,6.2,0.734,8,1,79.7,24.5,24.9,1.0,0.34919,0.37336,0.83421,0.73421,0.98,0.95,0.5932,0.02857,0.05646,0.2425,1,0,0,0
Surat,1,16.0,3.7,4.01,9.4,0.832,13,1,76.0,5.6,27.9,1.0,0.05337,0.02629,0.42646,0.83161,0.9675,0.95,0.51926,0.02857,0,0.39633,0,0,0,0
Jamnagar,1,51.2,11.5,2.84,6.5,0.682,20,2,84.7,22.4,24.7,1.0,0.17062,0.08189,0.43647,0.68186,0.95,0.9,0.69451,0.05714,0.03057,0.23449,1,0,0,0
Jamnagar,1,11.5,3.1,3.34,6.5,0.661,20,2,84.2,19.0,26.8,1.0,0.03826,0.02181,0.51377,0.66118,0.95,0.9,0.68421,0.05714,0,0.33981,0,0,1,0
Bhavnagar,0,8.8,5.5,3.82,7.4,0.499,24,2,66.7,2,34.2,1.0,0.0294,0.03958,0.51668,0.49933,0.94,0.9,0.33401,0.05714,0,0.70905,0,0,0,0
Bhuj,0,4.3,3.5,2.59,5.8,0.146,110,4,46.8,43.0,32.3,1.0,0.01446,0.02467,0.44649,0.14569,0.725,0.8,0,0.11429,0.28742,0.61373,0,0,0,0
Patan,0,3.8,1.1,2.05,6.0,0.18,70,1,60.2,15.4,31.0,0.0,0.01269,0.00766,0.3417,0.17986,0.825,0.95,0.20394,0.02857,0,0.55051,0,0,0,1
Patan,1,53.6,25.3,4.03,6.0,0.561,70,1,71.0,56.6,27.8,0.0,0.17869,0.18094,0.67197,0.5611,0.825,0.95,0.41976,0.02857,0.45718,0.38758,0,0,0,0
Ahmedabad,0,6.2,3.6,2.57,8.5,0.394,53,2,47.2,12.3,34.8,0.0,0.02074,0.02545,0.30204,0.39384,0.8675,0.9,0,0.05714,0,0.74235,0,0,0,0
Surat,0,7.3,3.0,5.23,9.4,0.495,13,1,45.8,11.9,33.6,1.0,0.02431,0.02128,0.55632,0.49508,0.9675,0.95,0,0.02857,0,0.67954,0,0,0,0
Bhuj,1,34.2,19.3,2.55,5.8,0.462,110,4,82.8,16.3,28.5,1.0,0.11393,0.13751,0.43929,0.46155,0.725,0.8,0.65614,0.11429,0,0.4272,0,0,0,0
Jamnagar,0,3.4,1.2,1.89,6.5,0.257,20,2,46.7,13.5,33.1,1.0,0.0113,0.00879,0.29025,0.25714,0.95,0.9,0,0.05714,0,0.65561,0,0,0,0
Surat,1,26.3,14.9,5.48,9.4,0.784,13,1,77.6,20.4,27.4,1.0,0.08775,0.10613,0.58337,0.78357,0.9675,0.95,0.55108,0.02857,0.00481,0.37224,0,0,0,0
Porbandar,1,76.0,47.2,3.97,6.2,0.694,8,1,75.9,24.1,27.0,1.0,0.25324,0.33683,0.6409,0.69401,0.98,0.95,0.51821,0.02857,0.05108,0.34852,1,0,0,0
Bhuj,1,21.2,11.8,2.16,5.8,0.474,110,4,84.0,3.2,24.1,1.0,0.07057,0.08463,0.37324,0.47356,0.725,0.8,0.6803,0.11429,0,0.20393,0,0,0,0
Bhuj,0,2.2,1.2,2.39,5.8,0.184,110,4,42.2,31.1,36.0,1.0,0.00735,0.0084,0.41198,0.18438,0.725,0.8,0,0.11429,0.13919,0.79955,0,0,0,0
Surat,1,2.2,1.3,5.05,9.4,0.93,13,1,78.2,26.3,32.4,1.0,0.00742,0.00897,0.53697,0.93006,0.9675,0.95,0.56441,0.02857,0.07815,0.62119,0,0,0,0
Patan,0,0.5,0.2,1.68,6.0,0.141,70,1,55.0,15.6,35.0,0.0,0.00181,0.00149,0.28008,0.14122,0.825,0.95,0.10073,0.02857,0,0.75187,0,0,0,0
Patan,1,28.6,20.9,3.32,6.0,0.55,70,1,84.4,21.2,24.9,0.0,0.09526,0.1493,0.55296,0.55044,0.825,0.95,0.68721,0.02857,0.01473,0.24347,0,0,0,0
Surat,1,14.8,10.1,4.68,9.4,0.814,13,1,86.6,13.0,26.7,1.0,0.04947,0.07195,0.49785,0.81438,0.9675,0.95,0.73146,0.02857,0,0.33418,0,0,0,0
Porbandar,1,68.1,13.6,4.58,6.2,0.84,8,1,92.2,30.2,23.5,1.0,0.22696,0.09742,0.73942,0.84024,0.98,0.95,0.84457,0.02857,0.12787,0.17307,0,0,1,0
Vadodara,0,11.6,2.4,3.6,8.0,0.351,39,2,51.4,6.5,34.8,0.0,0.03863,0.01721,0.44947,0.35096,0.9025,0.9,0.02794,0.05714,0,0.74019,0,0,0,0
Jamnagar,1,16.6,6.8,3.17,6.5,0.717,20,2,75.3,2,29.4,1.0,0.05527,0.04876,0.48788,0.71684,0.95,0.9,0.5066,0.05714,0,0.46837,0,0,0,0
Bhuj,1,12.5,1.7,2.89,5.8,0.401,110,4,77.8,11.1,30.1,1.0,0.04182,0.01197,0.49762,0.40109,0.725,0.8,0.5556,0.11429,0,0.50388,1,0,0,0
Navsari,1,101.4,57.7,4.96,7.3,0.881,11,1,92.9,16.1,26.6,1.0,0.33816,0.41242,0.67895,0.88121,0.9725,0.95,0.85792,0.02857,0,0.32803,1,0,0,0
Bhuj,0,7.2,2.7,1.31,5.8,0.095,110,4,53.6,32.2,30.5,1.0,0.0239,0.01957,0.22632,0.09497,0.725,0.8,0.07254,0.11429,0.15211,0.52656,0,0,0,0
Surat,1,48.2,7.1,6.77,9.4,0.826,13,1,77.1,8.9,27.9,1.0,0.16058,0.05092,0.72036,0.82603,0.9675,0.95,0.54266,0.02857,0,0.39729,0,0,0,0
Jamnagar,1,69.7,26.3,4.62,6.5,0.686,20,2,84.8,41.5,28.9,1.0,0.23217,0.1879,0.71124,0.68618,0.95,0.9,0.69633,0.05714,0.26822,0.44568,1,0,1,0
Bhavnagar,0,3.5,1.0,3.73,7.4,0.4,24,2,52.3,36.4,31.7,1.0,0.01158,0.00707,0.50445,0.40008,0.94,0.9,0.04625,0.05714,0.20537,0.58528,0,0,0,0
Patan,0,4.3,2.3,1.75,6.0,0.23,70,1,55.2,10.7,35.7,0.0,0.01447,0.01611,0.29203,0.23034,0.825,0.95,0.10491,0.02857,0,0.7843,0,0,0,0
Surat,0,6.8,1.8,5.04,9.4,0.511,13,1,43.2,32.7,34.9,1.0,0.0228,0.01294,0.53566,0.51065,0.9675,0.95,0,0.02857,0.1583,0.74346,0,0,0,0
Valsad,1,32.0,13.3,4.26,7.0,0.818,12,2,78.3,57.5,25.0,1.0,0.10681,0.09519,0.60807,0.81752,0.97,0.9,0.56567,0.05714,0.46866,0.24888,0,0,0,0
Valsad,1,36.5,11.3,4.25,7.0,0.987,12,2,82.2,6.6,27.7,1.0,0.12183,0.08062,0.60651,0.98729,0.97,0.9,0.64357,0.05714,0,0.38677,0,0,0,0
Jamnagar,1,32.8,27.9,3.62,6.5,0.525,20,2,79.6,10.4,29.7,1.0,0.10946,0.19938,0.55704,0.52544,0.95,0.9,0.59138,0.05714,0,0.485,0,0,0,0
Vadodara,0,2.2,0.7,2.89,8.0,0.31,39,2,55.6,14.2,26.8,0.0,0.00736,0.00484,0.36182,0.31034,0.9025,0.9,0.11268,0.05714,0,0.34198,0,0,0,0
Bhavnagar,1,27.0,11.4,4.04,7.4,0.707,24,2,78.9,37.6,27.0,1.0,0.09008,0.08144,0.54542,0.70681,0.94,0.9,0.57825,0.05714,0.21996,0.34941,0,0,0,0
Surat,1,21.3,11.8,4.94,9.4,0.891,13,1,84.0,5.6,28.0,1.0,0.07102,0.08454,0.52561,0.89084,0.9675,0.95,0.68008,0.02857,0,0.39931,0,0,0,0
Vadodara,1,21.6,10.8,4.65,8.0,0.751,39,2,69.9,17.0,26.8,0.0,0.07206,0.07736,0.58071,0.75056,0.9025,0.9,0.39824,0.05714,0,0.34137,1,0,0,0
Dang,1,103.9,40.9,4.94,6.4,0.996,975,27,88.8,2,26.0,0.0,0.34642,0.29223,0.77238,0.99639,0,0,0.77594,0.77143,0,0.29865,1,0,0,0
Bhavnagar,0,12.5,4.0,3.42,7.4,0.48,24,2,57.3,29.5,34.3,1.0,0.0418,0.02851,0.46153,0.47997,0.94,0.9,0.14561,0.05714,0.11835,0.71388,1,0,0,0
Bhavnagar,1,67.7,12.8,4.15,7.4,0.794,24,2,96.2,2,24.1,1.0,0.2257,0.09149,0.56122,0.79354,0.94,0.9,0.92369,0.05714,0,0.20442,1,0,0,0
Ahmedabad,1,63.8,38.6,5.33,8.5,0.736,53,2,82.0,9.9,24.8,0.0,0.21269,0.27561,0.62694,0.736,0.8675,0.9,0.64052,0.05714,0,0.24192,0,0,0,1
Vadodara,0,9.8,4.6,4.69,8.0,0.415,39,2,64.1,40.3,37.7,0.0,0.03255,0.03296,0.58635,0.41504,0.9025,0.9,0.28164,0.05714,0.2537,0.88652,0,0,0,0
Porbandar,1,8.1,4.8,2.3,6.2,0.62,8,1,68.6,32.6,27.7,1.0,0.02714,0.0345,0.3716,0.62035,0.98,0.95,0.3715,0.02857,0.158,0.38312,0,0,0,0
Porbandar,1,10.2,7.0,3.19,6.2,0.67,8,1,90.0,26.6,34.8,1.0,0.03404,0.05017,0.51478,0.67004,0.98,0.95,0.79931,0.02857,0.08226,0.73977,1,0,0,0
Dang,0,4.0,2.6,1.86,6.4,0.515,975,27,52.3,12.0,32.7,0.0,0.01323,0.0189,0.2902,0.51547,0,0,0.04596,0.77143,0,0.63312,0,0,0,0
Porbandar,1,17.7,4.2,2.8,6.2,0.493,8,1,70.3,18.7,24.1,1.0,0.05892,0.02981,0.45172,0.49342,0.98,0.95,0.40525,0.02857,0,0.20593,0,0,0,0
Jamnagar,0,5.7,4.8,1.96,6.5,0.374,20,2,52.8,20.6,33.8,1.0,0.01888,0.03419,0.30126,0.37365,0.95,0.9,0.05542,0.05714,0.00794,0.68777,0,0,0,0
Vadodara,0,7.7,1.7,3.89,8.0,0.468,39,2,65.2,43.1,35.0,0.0,0.02564,0.01181,0.4866,0.4684,0.9025,0.9,0.30496,0.05714,0.28909,0.74866,0,0,0,0
Patan,1,3.0,1.5,2.35,6.0,0.532,70,1,77.1,21.9,32.4,0.0,0.01011,0.01085,0.39098,0.53163,0.825,0.95,0.54103,0.02857,0.02418,0.619,0,0,0,0
Ahmedabad,1,105.5,69.8,7.43,8.5,0.872,53,2,79.0,8.1,27.8,0.0,0.35166,0.49862,0.87433,0.87177,0.8675,0.9,0.58077,0.05714,0,0.38858,1,0,0,0
Porbandar,1,5.9,1.1,3.31,6.2,0.824,8,1,75.4,38.9,26.2,1.0,0.01983,0.00795,0.53425,0.82405,0.98,0.95,0.50864,0.02857,0.23673,0.31017,0,0,0,0
Ahmedabad,0,1.9,0.2,2.88,8.5,0.293,53,2,52.0,45.6,34.7,0.0,0.00622,0.00166,0.33914,0.29306,0.8675,0.9,0.03922,0.05714,0.31982,0.73398,0,0,0,0
Rajkot,1,8.4,2.5,3.46,7.2,0.668,134,3,78.7,27.8,25.0,0.0,0.02791,0.01813,0.48034,0.66786,0.665,0.85,0.57466,0.08571,0.09718,0.24751,1,0,0,0
Dang,1,92.0,57.6,4.76,6.4,0.971,975,27,91.4,7.4,24.9,0.0,0.30675,0.41109,0.74349,0.9706,0,0,0.82845,0.77143,0,0.24584,0,0,0,1
Valsad,0,4.0,1.4,3.68,7.0,0.572,12,2,58.4,21.6,27.8,1.0,0.0135,0.00982,0.52587,0.57241,0.97,0.9,0.16741,0.05714,0.02058,0.38901,0,0,0,1
Navsari,1,43.6,29.0,3.95,7.3,0.908,11,1,80.4,39.2,30.7,1.0,0.14537,0.20683,0.54135,0.90843,0.9725,0.95,0.60846,0.02857,0.23962,0.53705,0,0,0,0
Surat,0,4.8,1.6,4.01,9.4,0.48,13,1,47.0,28.1,31.4,1.0,0.0161,0.01162,0.42638,0.4802,0.9675,0.95,0,0.02857,0.1011,0.56872,0,0,1,0
Bhavnagar,0,5.4,2.3,2.86,7.4,0.335,24,2,55.5,24.3,29.7,1.0,0.01787,0.01668,0.38603,0.33514,0.94,0.9,0.10935,0.05714,0.05417,0.48404,0,0,0,0
Jamnagar,1,8.7,5.8,2.99,6.5,0.649,20,2,75.5,49.5,24.1,1.0,0.02896,0.04133,0.46047,0.64861,0.95,0.9,0.50963,0.05714,0.36923,0.20656,0,0,0,0
Ahmedabad,0,8.5,4.3,3.81,8.5,0.501,53,2,56.9,2.2,31.5,0.0,0.02833,0.03082,0.44789,0.50069,0.8675,0.9,0.13852,0.05714,0,0.57453,0,0,0,0
Rajkot,1,61.9,41.0,4.66,7.2,0.812,134,3,68.5,17.5,28.5,0.0,0.20625,0.29293,0.64731,0.81225,0.665,0.85,0.36967,0.08571,0,0.4255,0,0,0,0
Bhavnagar,0,4.2,2.0,2.34,7.4,0.363,24,2,56.3,16.7,34.5,1.0,0.01404,0.01464,0.31618,0.3626,0.94,0.9,0.12668,0.05714,0,0.72363,0,0,0,0
Ahmedabad,1,19.5,8.9,3.65,8.5,0.897,53,2,81.5,7.1,31.0,0.0,0.06488,0.06353,0.42978,0.89701,0.8675,0.9,0.62968,0.05714,0,0.55127,0,0,0,1
Rajkot,1,14.2,2.4,3.77,7.2,0.617,134,3,78.7,28.4,31.9,0.0,0.04729,0.01726,0.52312,0.61733,0.665,0.85,0.57403,0.08571,0.1051,0.59718,0,0,0,0
Porbandar,0,5.7,2.5,2.36,6.2,0.334,8,1,54.9,8.5,33.3,1.0,0.01886,0.01821,0.381,0.33358,0.98,0.95,0.0971,0.02857,0,0.66276,1,0,0,0
Vadodara,1,42.5,16.7,4.86,8.0,0.817,39,2,80.4,5.7,24.7,0.0,0.14161,0.11894,0.60724,0.81652,0.9025,0.9,0.60711,0.05714,0,0.23454,0,0,1,0
Navsari,0,21.7,5.1,4.24,7.3,0.495,11,1,52.2,10.6,32.2,1.0,0.07248,0.03624,0.58117,0.49536,0.9725,0.95,0.04314,0.02857,0,0.61133,1,0,0,0
Bhavnagar,1,9.1,2.5,3.64,7.4,0.756,24,2,71.8,13.4,25.6,1.0,0.0305,0.01767,0.49207,0.75571,0.94,0.9,0.43697,0.05714,0,0.28194,0,0,0,0
Vadodara,1,52.3,44.4,5.76,8.0,0.729,39,2,68.1,22.3,25.3,0.0,0.17421,0.31732,0.72019,0.72946,0.9025,0.9,0.36162,0.05714,0.02898,0.26506,0,0,0,0
Jamnagar,1,20.6,15.5,3.11,6.5,0.686,20,2,82.7,60.0,29.3,1.0,0.06857,0.11073,0.47819,0.68645,0.95,0.9,0.65474,0.05714,0.49957,0.46404,0,0,1,0
Bhavnagar,1,17.3,5.0,3.87,7.4,0.6,24,2,84.4,9.9,23.3,1.0,0.05777,0.03584,0.52274,0.59966,0.94,0.9,0.68821,0.05714,0,0.16738,0,0,0,0
Surat,1,67.9,15.5,6.7,9.4,0.993,13,1,91.8,41.9,25.7,1.0,0.22626,0.11076,0.71311,0.99259,0.9675,0.95,0.83629,0.02857,0.2732,0.28719,1,0,0,0
Porbandar,0,10.8,4.8,2.99,6.2,0.421,8,1,60.4,15.6,35.5,1.0,0.03605,0.03433,0.4829,0.42118,0.98,0.95,0.207,0.02857,0,0.77272,0,0,1,0
Surat,1,48.7,19.7,4.15,9.4,0.948,13,1,86.0,22.6,29.1,1.0,0.16219,0.14061,0.4414,0.94824,0.9675,0.95,0.72015,0.02857,0.03204,0.45737,1,0,0,0
Ahmedabad,0,8.5,5.4,2.78,8.5,0.465,53,2,65.3,6.5,35.0,0.0,0.02827,0.03885,0.32673,0.46475,0.8675,0.9,0.30641,0.05714,0,0.75245,0,0,0,0
Patan,1,32.6,7.1,4.26,6.0,0.599,70,1,71.9,2.1,26.2,0.0,0.10866,0.05099,0.71062,0.59941,0.825,0.95,0.43784,0.02857,0,0.30978,0,0,0,0
Ahmedabad,1,11.4,3.5,4.21,8.5,0.805,53,2,82.4,14.3,27.1,0.0,0.0379,0.02526,0.49506,0.80468,0.8675,0.9,0.64875,0.05714,0,0.35437,0,0,0,0
Navsari,1,38.5,11.7,5.04,7.3,0.874,11,1,72.2,2.2,23.7,1.0,0.12818,0.08342,0.68989,0.87364,0.9725,0.95,0.44404,0.02857,0,0.1858,0,0,0,0
Navsari,1,10.5,2.5,3.77,7.3,1.0,11,1,81.7,52.5,31.5,1.0,0.03516,0.0177,0.51704,1.0,0.9725,0.95,0.63456,0.02857,0.40664,0.57349,0,0,1,0
Vadodara,1,115.1,35.1,6.8,8.0,0.929,39,2,88.9,30.7,22.6,0.0,0.38364,0.25078,0.85043,0.92865,0.9025,0.9,0.77784,0.05714,0.13402,0.12952,1,0,0,1
Patan,1,14.2,5.6,3.42,6.0,0.517,70,1,80.2,29.2,28.7,0.0,0.04746,0.03987,0.56919,0.51731,0.825,0.95,0.60405,0.02857,0.11508,0.43537,0,0,0,0
Bhavnagar,1,17.6,7.1,3.3,7.4,0.641,24,2,80.7,57.7,23.8,1.0,0.05868,0.0506,0.44552,0.64054,0.94,0.9,0.61313,0.05714,0.4714,0.19,0,0,0,0
Vadodara,0,4.8,1.4,4.16,8.0,0.361,39,2,39.7,5.7,32.5,0.0,0.01617,0.00997,0.52025,0.36095,0.9025,0.9,0,0.05714,0,0.62601,0,0,0,0
Porbandar,0,1.3,0.7,1.53,6.2,0.339,8,1,52.1,5.1,32.7,1.0,0.00447,0.00486,0.24705,0.33933,0.98,0.95,0.04254,0.02857,0,0.63378,0,0,0,0
Rajkot,0,3.8,1.6,1.43,7.2,0.254,134,3,58.2,14.5,30.7,0.0,0.01254,0.01138,0.19818,0.25361,0.665,0.85,0.16411,0.08571,0,0.53318,0,0,0,0
Bhuj,1,4.9,0.2,1.28,5.8,0.547,110,4,84.1,35.3,25.8,1.0,0.01635,0.00175,0.22057,0.54702,0.725,0.8,0.68154,0.11429,0.19112,0.2919,0,0,0,0
Bhuj,1,12.3,3.8,3.65,5.8,0.615,110,4,80.3,21.4,23.0,1.0,0.04107,0.02738,0.62914,0.61507,0.725,0.8,0.60649,0.11429,0.01801,0.14768,0,0,0,0
Bhuj,1,10.1,2.7,2.38,5.8,0.464,110,4,89.8,24.2,24.9,1.0,0.03355,0.01901,0.41029,0.46413,0.725,0.8,0.79528,0.11429,0.05304,0.24261,0,0,0,0
Navsari,0,12.1,10.2,2.87,7.3,0.558,11,1,61.8,16.8,29.9,1.0,0.04017,0.07316,0.39367,0.55805,0.9725,0.95,0.23625,0.02857,0,0.4926,0,0,0,0
Bhavnagar,0,20.7,11.0,3.39,7.4,0.348,24,2,35.5,2.2,32.2,1.0,0.06909,0.0783,0.45838,0.34775,0.94,0.9,0,0.05714,0,0.61007,0,0,0,0
Surat,0,1.7,0.1,4.16,9.4,0.541,13,1,58.4,27.2,32.9,1.0,0.00564,0.0006,0.44246,0.5414,0.9675,0.95,0.16848,0.02857,0.08981,0.64355,0,0,0,0
Navsari,1,15.0,3.5,3.86,7.3,0.859,11,1,74.6,13.0,28.3,1.0,0.05002,0.02533,0.52808,0.85924,0.9725,0.95,0.49106,0.02857,0,0.41732,0,0,0,0
Dang,1,50.0,16.7,5.17,6.4,0.9,975,27,74.0,61.7,28.8,0.0,0.16673,0.11956,0.80857,0.8999,0,0,0.47963,0.77143,0.52101,0.43988,1,1,0,1
Rajkot,0,9.8,4.7,2.83,7.2,0.27,134,3,48.0,13.7,31.1,0.0,0.03257,0.03343,0.39351,0.27036,0.665,0.85,0,0.08571,0,0.5529,0,0,0,0
Rajkot,1,24.8,3.9,3.23,7.2,0.6,134,3,68.1,18.3,26.5,0.0,0.08265,0.02798,0.44793,0.59971,0.665,0.85,0.36224,0.08571,0,0.32371,1,0,0,0
Surat,0,12.1,0.6,2.51,9.4,0.472,13,1,47.1,8.7,36.0,1.0,0.04033,0.00432,0.26675,0.47191,0.9675,0.95,0,0.02857,0,0.79962,1,0,0,0
Jamnagar,0,27.0,7.1,2.68,6.5,0.43,20,2,56.8,47.6,30.7,1.0,0.08986,0.05071,0.41287,0.43036,0.95,0.9,0.13649,0.05714,0.34498,0.53458,0,0,0,0
Surat,1,54.9,32.9,6.04,9.4,0.947,13,1,81.3,26.0,27.0,1.0,0.18293,0.23499,0.64218,0.94711,0.9675,0.95,0.6259,0.02857,0.07484,0.35175,1,0,0,1
Patan,1,35.4,9.1,1.6,6.0,0.55,70,1,80.3,12.5,27.7,0.0,0.11797,0.06487,0.26645,0.55001,0.825,0.95,0.60571,0.02857,0,0.38364,0,0,0,0
Ahmedabad,1,9.4,2.8,4.87,8.5,0.962,53,2,81.6,4.9,26.9,0.0,0.03125,0.0198,0.57327,0.96176,0.8675,0.9,0.63107,0.05714,0,0.34584,1,0,0,0
Bhuj,0,3.6,2.2,1.52,5.8,0.02,110,4,52.7,10.7,34.0,1.0,0.01211,0.01565,0.26178,0.02,0.725,0.8,0.05327,0.11429,0,0.69808,0,0,0,0
Valsad,0,6.7,2.8,2.61,7.0,0.464,12,2,43.2,10.1,32.6,1.0,0.02238,0.01985,0.37353,0.46392,0.97,0.9,0,0.05714,0,0.62932,0,0,0,0
Rajkot,0,2.1,0.6,3.68,7.2,0.412,134,3,57.9,11.2,33.8,0.0,0.00688,0.00459,0.51083,0.41187,0.665,0.85,0.15704,0.08571,0,0.68822,0,0,0,0
Rajkot,1,25.0,7.8,3.33,7.2,0.742,134,3,83.0,14.0,22.5,0.0,0.08343,0.05559,0.46299,0.74185,0.665,0.85,0.66025,0.08571,0,0.12462,0,0,0,0
Rajkot,1,14.2,4.9,4.34,7.2,0.659,134,3,79.6,60.5,25.2,0.0,0.04734,0.03481,0.603,0.65899,0.665,0.85,0.59228,0.08571,0.50623,0.2601,0,0,0,0
Porbandar,0,12.6,5.2,2.29,6.2,0.416,8,1,44.7,16.6,29.8,1.0,0.04189,0.03681,0.36989,0.41589,0.98,0.95,0,0.02857,0,0.48813,0,0,0,0
Porbandar,0,10.4,6.9,2.92,6.2,0.403,8,1,55.5,4.8,35.0,1.0,0.03472,0.04919,0.47165,0.40329,0.98,0.95,0.11086,0.02857,0,0.74857,0,0,0,0
Valsad,1,42.1,26.3,4.86,7.0,0.952,12,2,79.8,21.3,27.3,1.0,0.14019,0.18753,0.69494,0.95176,0.97,0.9,0.59643,0.05714,0.01683,0.36585,0,0,0,0
Valsad,1,130.2,30.0,6.24,7.0,1.0,12,2,83.4,12.1,24.4,1.0,0.43395,0.21424,0.89211,1.0,0.97,0.9,0.66748,0.05714,0,0.22182,1,0,0,1
Bhuj,1,19.6,6.1,3.15,5.8,0.446,110,4,87.1,24.6,25.4,1.0,0.06539,0.04376,0.54389,0.44642,0.725,0.8,0.74128,0.11429,0.05702,0.27061,0,0,0,0
Jamnagar,1,66.1,16.0,4.12,6.5,0.679,20,2,79.5,13.8,26.4,1.0,0.22027,0.11399,0.63386,0.67897,0.95,0.9,0.59081,0.05714,0,0.32128,1,0,0,0
Bhuj,0,2.0,1.7,0.94,5.8,0.085,110,4,49.5,17.3,33.3,1.0,0.0065,0.01184,0.16124,0.08475,0.725,0.8,0,0.11429,0,0.66305,0,0,0,0
Surat,1,101.7,58.7,7.12,9.4,0.968,13,1,89.0,34.4,26.0,1.0,0.33893,0.41917,0.75781,0.96849,0.9675,0.95,0.78037,0.02857,0.17977,0.30134,1,0,0,0
Surat,1,71.0,13.0,6.22,9.4,1.0,13,1,91.8,20.7,25.6,1.0,0.23671,0.09284,0.6622,1.0,0.9675,0.95,0.83522,0.02857,0.0082,0.28017,0,0,0,0
Ahmedabad,0,9.9,0.8,2.44,8.5,0.403,53,2,36.2,30.6,30.9,0.0,0.03308,0.00576,0.28671,0.40272,0.8675,0.9,0,0.05714,0.13223,0.54277,0,0,0,0
Surat,0,4.7,0.5,3.29,9.4,0.485,13,1,60.7,5.5,31.6,1.0,0.01561,0.00346,0.35049,0.48498,0.9675,0.95,0.2141,0.02857,0,0.57779,0,0,0,0
Dang,1,184.6,16.6,6.08,6.4,1.0,975,27,94.0,8.4,26.6,0.0,0.6154,0.11887,0.95038,1.0,0,0,0.88082,0.77143,0,0.33091,0,0,0,0
Porbandar,1,24.9,12.8,3.7,6.2,0.761,8,1,77.5,2,23.1,1.0,0.08298,0.09175,0.59672,0.76105,0.98,0.95,0.55078,0.02857,0,0.15566,0,0,0,0
Bhavnagar,1,11.6,3.0,2.82,7.4,0.589,24,2,76.2,19.6,33.7,1.0,0.03871,0.02176,0.38084,0.58873,0.94,0.9,0.5237,0.05714,0,0.68565,0,0,1,0
Patan,1,13.3,1.9,3.34,6.0,0.529,70,1,92.1,37.2,31.0,0.0,0.04443,0.01388,0.55647,0.52931,0.825,0.95,0.842,0.02857,0.21475,0.552,0,0,0,0
Jamnagar,1,19.2,9.5,2.76,6.5,0.513,20,2,79.1,9.7,28.6,1.0,0.06399,0.06777,0.42435,0.51294,0.95,0.9,0.58289,0.05714,0,0.43099,0,0,1,0
Dang,1,15.8,7.9,3.28,6.4,0.929,975,27,77.5,6.4,24.5,0.0,0.05271,0.0565,0.51239,0.92866,0,0,0.54975,0.77143,0,0.22353,0,0,0,0
Patan,1,54.0,7.8,3.22,6.0,0.615,70,1,73.9,14.8,26.2,0.0,0.17986,0.05554,0.53715,0.61509,0.825,0.95,0.47894,0.02857,0,0.31174,0,0,0,0
Porbandar,1,46.0,10.7,3.48,6.2,0.686,8,1,74.1,53.0,25.2,1.0,0.15326,0.07626,0.56092,0.68609,0.98,0.95,0.48269,0.02857,0.41287,0.25872,0,0,0,0
Jamnagar,1,31.7,8.6,3.74,6.5,0.798,20,2,77.9,21.3,27.6,1.0,0.10575,0.06154,0.57515,0.79842,0.95,0.9,0.55812,0.05714,0.01683,0.37828,0,0,0,0
Patan,0,1.8,1.0,2.0,6.0,0.246,70,1,59.0,7.3,27.9,0.0,0.00603,0.00697,0.33269,0.24599,0.825,0.95,0.17988,0.02857,0,0.39437,0,0,0,1
Dang,1,42.1,16.8,2.93,6.4,0.955,975,27,71.5,8.4,24.1,0.0,0.14018,0.1197,0.4572,0.95478,0,0,0.4295,0.77143,0,0.20595,0,1,0,1
Valsad,1,47.2,14.4,4.13,7.0,0.943,12,2,73.1,7.0,24.7,1.0,0.15745,0.10272,0.59048,0.94274,0.97,0.9,0.46254,0.05714,0,0.2355,0,0,0,0
Ahmedabad,1,56.9,10.6,6.53,8.5,0.859,53,2,84.8,35.0,23.7,0.0,0.18959,0.07551,0.76781,0.85856,0.8675,0.9,0.69552,0.05714,0.18712,0.1836,1,0,0,1
Porbandar,0,5.8,0.6,2.07,6.2,0.265,8,1,43.1,5.9,31.5,1.0,0.01941,0.00398,0.33313,0.2653,0.98,0.95,0,0.02857,0,0.57408,0,0,0,0
Dang,0,7.9,4.4,3.11,6.4,0.659,975,27,49.8,5.7,32.6,0.0,0.02626,0.03163,0.48649,0.65903,0,0,0,0.77143,0,0.63109,0,0,0,1
Navsari,1,97.7,35.2,5.56,7.3,1.0,11,1,93.2,65.5,25.8,1.0,0.3256,0.25157,0.76196,1.0,0.9725,0.95,0.86427,0.02857,0.56925,0.29118,1,0,0,0
Porbandar,0,5.1,0.6,2.66,6.2,0.391,8,1,43.3,4.5,26.9,1.0,0.01695,0.00453,0.42962,0.39058,0.98,0.95,0,0.02857,0,0.34409,0,0,0,0
Dang,1,25.8,9.7,3.37,6.4,0.859,975,27,90.5,10.8,29.0,0.0,0.08597,0.06914,0.52691,0.85898,0,0,0.81014,0.77143,0,0.44884,0,1,0,0
Porbandar,1,29.9,11.6,3.03,6.2,0.622,8,1,78.7,70.2,29.7,1.0,0.09962,0.08306,0.48822,0.62223,0.98,0.95,0.5737,0.02857,0.62726,0.48562,0,0,1,0
Dang,1,90.2,12.6,5.19,6.4,0.961,975,27,70.9,17.2,26.9,0.0,0.30061,0.09023,0.81087,0.96061,0,0,0.41885,0.77143,0,0.3441,0,0,0,0
Porbandar,1,21.6,7.7,3.62,6.2,0.754,8,1,84.8,12.6,28.2,1.0,0.07191,0.05498,0.58368,0.7539,0.98,0.95,0.69644,0.02857,0,0.41245,0,0,0,1
Surat,0,14.3,8.3,4.27,9.4,0.455,13,1,53.4,18.7,34.1,1.0,0.04753,0.05937,0.45449,0.45457,0.9675,0.95,0.06848,0.02857,0,0.70253,0,0,0,0
Patan,0,7.2,1.2,1.52,6.0,0.284,70,1,48.7,14.4,32.6,0.0,0.02399,0.00836,0.25383,0.28415,0.825,0.95,0,0.02857,0,0.63145,0,0,0,0
Rajkot,0,4.8,2.1,2.42,7.2,0.293,134,3,58.7,18.9,35.2,0.0,0.01601,0.01499,0.33572,0.29338,0.665,0.85,0.17406,0.08571,0,0.75772,0,0,0,0
Rajkot,0,3.8,1.9,2.62,7.2,0.241,134,3,47.2,20.9,32.8,0.0,0.01276,0.01348,0.3641,0.24076,0.665,0.85,0,0.08571,0.01138,0.64221,0,0,0,0
Valsad,1,29.3,24.9,3.77,7.0,0.9,12,2,73.1,22.8,25.1,1.0,0.09769,0.17794,0.53896,0.90003,0.97,0.9,0.46178,0.05714,0.03484,0.25699,0,0,0,0
Rajkot,0,2.9,1.3,1.98,7.2,0.256,134,3,42.6,9.6,30.3,0.0,0.00977,0.00927,0.27475,0.25621,0.665,0.85,0,0.08571,0,0.5148,0,0,0,0
Dang,1,187.8,104.9,7.02,6.4,1.0,975,27,88.8,3.3,27.2,0.0,0.62583,0.74925,1.09644,1.0,0,0,0.77646,0.77143,0,0.35768,1,0,0,1
Vadodara,1,34.8,9.4,4.81,8.0,0.819,39,2,78.0,2.5,25.9,0.0,0.11603,0.06695,0.60168,0.81901,0.9025,0.9,0.56097,0.05714,0,0.29298,0,0,0,1
Bhuj,1,3.3,0.4,2.37,5.8,0.454,110,4,79.7,10.9,31.2,1.0,0.01108,0.00308,0.40857,0.454,0.725,0.8,0.59462,0.11429,0,0.55824,0,0,0,0
Valsad,0,2.7,0.5,2.53,7.0,0.503,12,2,49.9,3.7,30.6,1.0,0.0089,0.00339,0.36092,0.50332,0.97,0.9,0,0.05714,0,0.53054,0,0,0,0
Bhavnagar,0,5.1,1.4,3.1,7.4,0.375,24,2,44.3,13.6,36.3,1.0,0.01687,0.01005,0.4185,0.37514,0.94,0.9,0,0.05714,0,0.81343,0,0,0,0
Rajkot,0,2.7,1.4,2.72,7.2,0.304,134,3,60.4,5.4,32.4,0.0,0.00897,0.0098,0.37784,0.30371,0.665,0.85,0.20732,0.08571,0,0.62123,0,0,0,0
Jamnagar,0,2.6,1.0,1.87,6.5,0.203,20,2,62.2,4.3,28.2,1.0,0.0085,0.00695,0.28744,0.20267,0.95,0.9,0.24331,0.05714,0,0.40879,0,0,0,0
Bhuj,1,16.3,8.1,2.77,5.8,0.485,110,4,73.9,19.0,22.2,1.0,0.05447,0.05769,0.47688,0.48504,0.725,0.8,0.47714,0.11429,0,0.11214,0,0,0,0
Dang,0,14.4,7.5,3.18,6.4,0.628,975,27,48.7,27.9,32.8,0.0,0.048,0.05351,0.49618,0.62807,0,0,0,0.77143,0.09893,0.63987,0,1,0,0
Bhuj,1,17.9,11.0,3.54,5.8,0.44,110,4,91.5,9.4,27.6,1.0,0.0597,0.07834,0.61009,0.44018,0.725,0.8,0.82901,0.11429,0,0.37977,0,0,0,0
Bhuj,0,2.1,1.4,1.13,5.8,0.072,110,4,53.3,9.0,34.6,1.0,0.00702,0.01016,0.19528,0.07234,0.725,0.8,0.06652,0.11429,0,0.72908,0,0,0,0
Rajkot,1,49.8,23.1,3.96,7.2,0.68,134,3,92.2,26.7,27.0,0.0,0.16606,0.16504,0.54931,0.68045,0.665,0.85,0.84338,0.08571,0.08404,0.35192,0,0,0,0
Porbandar,1,13.3,3.1,4.1,6.2,0.745,8,1,94.5,5.8,27.3,1.0,0.04449,0.02246,0.66148,0.74532,0.98,0.95,0.89035,0.02857,0,0.36647,1,0,0,0
Patan,1,16.0,2.3,3.57,6.0,0.449,70,1,95.5,16.9,26.7,0.0,0.05319,0.01654,0.59448,0.44942,0.825,0.95,0.90998,0.02857,0,0.33377,1,0,0,0
Patan,1,88.2,65.5,3.21,6.0,0.647,70,1,90.4,21.8,28.3,0.0,0.294,0.46785,0.5356,0.6471,0.825,0.95,0.80718,0.02857,0.02209,0.41654,0,0,0,0
Surat,0,8.1,5.6,3.38,9.4,0.414,13,1,43.4,8.9,36.4,1.0,0.02695,0.0403,0.3597,0.41411,0.9675,0.95,0,0.02857,0,0.81846,0,0,0,0
Bhavnagar,1,21.4,7.0,4.14,7.4,0.654,24,2,86.7,28.9,20.7,1.0,0.07127,0.04994,0.55917,0.65382,0.94,0.9,0.73406,0.05714,0.1115,0.03426,0,0,0,0
Dang,0,12.4,9.7,3.49,6.4,0.577,975,27,62.1,21.4,32.4,0.0,0.0413,0.06948,0.54506,0.57677,0,0,0.24297,0.77143,0.01776,0.61799,0,0,0,0
Bhavnagar,0,6.8,1.2,3.07,7.4,0.353,24,2,58.4,43.7,27.9,1.0,0.02259,0.00862,0.41513,0.35349,0.94,0.9,0.16749,0.05714,0.29623,0.39316,0,0,1,0
Bhavnagar,0,5.4,2.6,2.79,7.4,0.322,24,2,57.5,17.9,31.4,1.0,0.01801,0.01842,0.37652,0.32241,0.94,0.9,0.15078,0.05714,0,0.56781,0,0,0,0
Valsad,1,36.9,13.4,4.19,7.0,0.93,12,2,80.7,24.9,26.0,1.0,0.12311,0.09541,0.59908,0.93045,0.97,0.9,0.61396,0.05714,0.0617,0.30058,1,0,0,0
Surat,0,7.8,2.5,4.28,9.4,0.401,13,1,43.2,29.7,34.1,1.0,0.02601,0.0181,0.45574,0.40084,0.9675,0.95,0,0.02857,0.12148,0.70459,0,0,0,0
Bhavnagar,1,115.1,97.8,5.82,7.4,0.801,24,2,84.9,21.5,26.3,1.0,0.38366,0.69882,0.78632,0.80136,0.94,0.9,0.69726,0.05714,0.01839,0.3169,1,0,0,0
Dang,1,5.8,3.2,3.64,6.4,0.972,975,27,83.3,32.7,31.1,0.0,0.01946,0.02307,0.56813,0.97168,0,0,0.66667,0.77143,0.15828,0.55451,0,0,0,0
Jamnagar,1,30.6,5.0,3.81,6.5,0.669,20,2,78.3,23.8,29.7,1.0,0.10197,0.03544,0.58609,0.66904,0.95,0.9,0.56583,0.05714,0.0477,0.48551,0,0,0,0
Dang,1,147.6,90.5,5.46,6.4,1.0,975,27,88.8,3.4,21.2,0.0,0.49201,0.64625,0.85267,1.0,0,0,0.77664,0.77143,0,0.05925,1,0,0,0
Ahmedabad,1,79.4,66.6,6.07,8.5,0.867,53,2,90.1,20.6,21.4,0.0,0.26451,0.47582,0.71366,0.86747,0.8675,0.9,0.80219,0.05714,0.00767,0.07185,1,0,0,0
Ahmedabad,0,8.2,6.1,4.85,8.5,0.391,53,2,46.2,8.0,35.7,0.0,0.02733,0.04376,0.57116,0.39054,0.8675,0.9,0,0.05714,0,0.7866,0,0,0,0
Porbandar,0,1.0,0.4,2.67,6.2,0.316,8,1,52.8,2,31.5,1.0,0.00335,0.00302,0.42985,0.31623,0.98,0.95,0.05669,0.02857,0,0.57488,0,0,0,0
Surat,1,7.1,2.8,4.59,9.4,0.791,13,1,69.5,8.0,25.5,1.0,0.02359,0.02015,0.48841,0.79129,0.9675,0.95,0.39002,0.02857,0,0.27372,0,0,0,1
Porbandar,1,11.7,1.7,2.07,6.2,0.727,8,1,84.0,27.6,31.6,1.0,0.03903,0.01204,0.3345,0.72673,0.98,0.95,0.67978,0.02857,0.09551,0.57836,0,0,0,0
Vadodara,0,1.5,0.8,1.58,8.0,0.444,39,2,47.7,5.8,32.7,0.0,0.005,0.00587,0.19726,0.44418,0.9025,0.9,0,0.05714,0,0.63463,1,0,0,0
Patan,1,21.4,11.5,2.81,6.0,0.531,70,1,77.5,11.1,26.0,0.0,0.07142,0.0821,0.46902,0.53054,0.825,0.95,0.55007,0.02857,0,0.29783,0,0,0,1
Surat,1,86.6,49.3,6.54,9.4,1.0,13,1,84.7,18.1,29.0,1.0,0.28869,0.35246,0.69533,1.0,0.9675,0.95,0.69315,0.02857,0,0.44908,1,0,1,0
Dang,1,7.1,4.0,4.4,6.4,0.902,975,27,77.7,2.9,29.7,0.0,0.02376,0.02889,0.68749,0.9023,0,0,0.55478,0.77143,0,0.48419,0,0,0,0
Ahmedabad,0,1.8,0.7,3.37,8.5,0.527,53,2,57.2,6.8,33.6,0.0,0.00602,0.00525,0.39645,0.52719,0.8675,0.9,0.1441,0.05714,0,0.67828,0,0,0,0
Navsari,0,13.1,5.4,4.28,7.3,0.556,11,1,46.7,18.2,29.0,1.0,0.04352,0.03877,0.58679,0.55608,0.9725,0.95,0,0.02857,0,0.45117,0,0,0,0
Vadodara,0,16.1,5.3,3.73,8.0,0.493,39,2,64.5,7.9,30.7,0.0,0.0537,0.03763,0.46631,0.49334,0.9025,0.9,0.28923,0.05714,0,0.53606,0,0,0,0
Patan,1,24.7,10.0,3.15,6.0,0.584,70,1,79.0,7.9,29.9,0.0,0.08239,0.07144,0.52501,0.58407,0.825,0.95,0.57915,0.02857,0,0.49719,0,0,0,0
Bhavnagar,1,43.5,19.9,3.97,7.4,0.783,24,2,94.1,34.1,30.0,1.0,0.145,0.14221,0.53641,0.78322,0.94,0.9,0.88142,0.05714,0.1765,0.50103,0,0,1,0
Rajkot,1,53.9,30.3,4.12,7.2,0.67,134,3,85.9,27.9,28.2,0.0,0.17968,0.21616,0.57217,0.66985,0.665,0.85,0.71764,0.08571,0.09822,0.41161,0,0,0,0
Dang,1,30.4,10.2,4.02,6.4,0.832,975,27,75.3,9.5,22.0,0.0,0.10142,0.07252,0.62825,0.83153,0,0,0.50632,0.77143,0,0.10018,0,0,0,0
Rajkot,1,57.6,18.6,4.11,7.2,0.698,134,3,80.0,32.0,24.7,0.0,0.19197,0.13257,0.57045,0.6984,0.665,0.85,0.6006,0.08571,0.14943,0.23644,0,0,0,0
Surat,1,4.3,1.0,4.47,9.4,0.811,13,1,72.8,14.3,22.5,1.0,0.01433,0.00721,0.47507,0.81061,0.9675,0.95,0.45651,0.02857,0,0.12404,0,0,1,0
Dang,1,27.2,4.8,4.35,6.4,0.839,975,27,67.8,19.5,29.0,0.0,0.09073,0.03415,0.68004,0.83878,0,0,0.35596,0.77143,0,0.45029,0,0,0,0
Dang,0,8.2,4.0,3.67,6.4,0.53,975,27,48.8,18.6,34.5,0.0,0.02747,0.02846,0.5734,0.52972,0,0,0,0.77143,0,0.72704,0,0,0,0
Ahmedabad,1,31.3,22.0,6.22,8.5,0.888,53,2,79.7,14.2,26.4,0.0,0.10436,0.15698,0.73181,0.88828,0.8675,0.9,0.59413,0.05714,0,0.31985,0,0,0,0
Bhuj,1,17.9,15.2,2.82,5.8,0.461,110,4,69.2,14.5,29.4,1.0,0.05957,0.10851,0.48677,0.46102,0.725,0.8,0.38388,0.11429,0,0.4715,0,0,0,0
Ahmedabad,1,71.7,29.2,6.26,8.5,0.891,53,2,87.0,2,20.9,0.0,0.23888,0.20846,0.73635,0.89117,0.8675,0.9,0.74046,0.05714,0,0.0432,0,0,0,0
Valsad,1,22.1,12.2,4.22,7.0,0.925,12,2,78.7,6.6,24.8,1.0,0.07355,0.08738,0.60278,0.92474,0.97,0.9,0.57377,0.05714,0,0.24102,0,0,0,0
Porbandar,1,2.0,0.2,2.95,6.2,0.625,8,1,87.7,19.4,28.0,1.0,0.00658,0.00141,0.47629,0.62465,0.98,0.95,0.75318,0.02857,0,0.39751,0,0,0,0
Porbandar,0,11.3,4.5,2.79,6.2,0.264,8,1,57.5,10.7,33.5,1.0,0.03768,0.03243,0.45074,0.26352,0.98,0.95,0.15085,0.02857,0,0.67505,0,0,0,0
Valsad,0,2.2,1.3,3.71,7.0,0.615,12,2,53.1,15.3,33.5,1.0,0.00743,0.0094,0.53057,0.61546,0.97,0.9,0.06229,0.05714,0,0.6737,0,0,0,0
Jamnagar,0,3.2,1.6,2.86,6.5,0.329,20,2,53.5,25.5,30.3,1.0,0.01058,0.01137,0.44006,0.32925,0.95,0.9,0.06972,0.05714,0.06853,0.51639,0,0,0,0
Jamnagar,1,23.4,8.3,3.63,6.5,0.642,20,2,76.4,26.4,24.7,1.0,0.07802,0.05904,0.55916,0.64208,0.95,0.9,0.52703,0.05714,0.0795,0.23651,1,0,0,0
Rajkot,1,12.4,2.6,4.17,7.2,0.51,134,3,86.3,3.9,22.8,0.0,0.04146,0.01867,0.57971,0.50961,0.665,0.85,0.72675,0.08571,0,0.13982,0,0,0,0
Rajkot,1,14.3,1.7,2.77,7.2,0.565,134,3,79.4,17.6,26.2,0.0,0.04783,0.01209,0.38531,0.56452,0.665,0.85,0.58861,0.08571,0,0.31167,0,0,0,0
Rajkot,0,4.1,1.4,1.72,7.2,0.151,134,3,50.4,27.0,35.2,0.0,0.01371,0.01006,0.23915,0.15123,0.665,0.85,0.00817,0.08571,0.08809,0.75966,0,0,0,0
Bhavnagar,1,9.1,3.3,4.62,7.4,0.748,24,2,78.2,21.3,26.7,1.0,0.0303,0.02346,0.62438,0.74818,0.94,0.9,0.56352,0.05714,0.01586,0.33308,0,0,0,0
Patan,1,5.4,3.0,2.83,6.0,0.672,70,1,71.4,19.5,28.0,0.0,0.01789,0.02132,0.47229,0.67209,0.825,0.95,0.42865,0.02857,0,0.40167,0,0,0,0
Ahmedabad,1,42.5,31.4,5.68,8.5,0.771,53,2,71.0,35.2,25.7,0.0,0.14159,0.22454,0.66797,0.77085,0.8675,0.9,0.42019,0.05714,0.18993,0.28367,0,0,0,0
Porbandar,1,34.9,11.4,4.15,6.2,0.51,8,1,91.8,17.1,26.5,1.0,0.11642,0.08134,0.66876,0.50956,0.98,0.95,0.83649,0.02857,0,0.32513,0,0,0,0
Jamnagar,1,5.9,2.5,2.88,6.5,0.458,20,2,68.1,16.5,27.2,1.0,0.01955,0.01816,0.44279,0.45799,0.95,0.9,0.36148,0.05714,0,0.35877,0,0,0,0
Bhuj,1,24.2,1.2,2.47,5.8,0.439,110,4,79.1,11.4,30.8,1.0,0.08062,0.00864,0.42556,0.43903,0.725,0.8,0.5816,0.11429,0,0.54067,0,0,1,0
Bhuj,1,39.7,22.0,3.32,5.8,0.38,110,4,77.5,12.3,26.8,1.0,0.13246,0.15739,0.57217,0.37985,0.725,0.8,0.55039,0.11429,0,0.33903,0,0,0,0
Bhavnagar,0,6.4,2.5,3.75,7.4,0.435,24,2,47.1,35.6,31.2,1.0,0.02127,0.01782,0.50666,0.43524,0.94,0.9,0,0.05714,0.19451,0.56148,0,0,0,0
Surat,1,21.4,10.5,4.93,9.4,0.735,13,1,89.8,5.8,30.0,1.0,0.0714,0.07508,0.52402,0.73528,0.9675,0.95,0.79508,0.02857,0,0.50147,0,0,0,0
Bhavnagar,0,4.7,1.8,3.19,7.4,0.321,24,2,51.1,55.4,32.1,1.0,0.01556,0.01305,0.43086,0.32056,0.94,0.9,0.02216,0.05714,0.44264,0.60681,0,0,0,0
Jamnagar,1,0.8,0.2,3.06,6.5,0.783,20,2,65.6,18.7,28.0,1.0,0.00269,0.00149,0.47084,0.7835,0.95,0.9,0.31257,0.05714,0,0.39934,1,0,0,1
Dang,1,99.3,80.0,4.81,6.4,0.958,975,27,97.6,16.6,19.2,0.0,0.33105,0.57167,0.75158,0.958,0,0,0.9527,0.77143,0,0,0,1,0,1
Valsad,0,14.3,5.0,2.63,7.0,0.574,12,2,44.4,37.8,29.1,1.0,0.04769,0.0356,0.37637,0.57395,0.97,0.9,0,0.05714,0.22192,0.45304,0,0,0,0
Dang,0,1.1,0.3,2.27,6.4,0.541,975,27,52.7,12.5,34.9,0.0,0.00382,0.00202,0.35485,0.54116,0,0,0.05405,0.77143,0,0.74352,0,0,0,0
Valsad,1,58.4,30.2,5.28,7.0,1.0,12,2,73.3,13.3,25.7,1.0,0.19477,0.21604,0.75428,1.0,0.97,0.9,0.46696,0.05714,0,0.28521,0,0,1,0
Bhavnagar,1,8.6,1.8,3.43,7.4,0.81,24,2,84.1,77.3,33.8,1.0,0.02856,0.01284,0.4638,0.80991,0.94,0.9,0.68249,0.05714,0.71684,0.69062,0,0,0,0
Dang,1,16.1,4.0,3.77,6.4,1.0,975,27,75.2,42.2,25.3,0.0,0.05359,0.02834,0.58976,1.0,0,0,0.50443,0.77143,0.27718,0.26292,0,0,0,0
Ahmedabad,0,3.9,2.3,2.82,8.5,0.466,53,2,35.3,31.8,34.9,0.0,0.01296,0.01631,0.3316,0.46638,0.8675,0.9,0,0.05714,0.14802,0.7473,0,0,0,0
Bhuj,0,2.9,1.8,2.58,5.8,0.111,110,4,55.7,14.4,31.5,1.0,0.00971,0.01263,0.44479,0.11065,0.725,0.8,0.11378,0.11429,0,0.57747,0,0,0,0
Jamnagar,1,59.2,50.3,3.06,6.5,0.718,20,2,84.7,7.6,26.0,1.0,0.19729,0.35935,0.47086,0.71801,0.95,0.9,0.69363,0.05714,0,0.29845,0,0,0,0
Jamnagar,0,12.4,2.2,2.97,6.5,0.39,20,2,56.3,8.4,28.9,1.0,0.04148,0.01553,0.45662,0.38985,0.95,0.9,0.12639,0.05714,0,0.44455,0,0,0,0
Dang,1,79.0,9.3,4.98,6.4,1.0,975,27,83.9,23.9,27.2,0.0,0.26326,0.06663,0.77849,1.0,0,0,0.67788,0.77143,0.04827,0.36243,0,0,0,0
Ahmedabad,1,21.1,7.9,5.01,8.5,0.778,53,2,80.7,29.6,29.2,0.0,0.07033,0.05654,0.58884,0.77831,0.8675,0.9,0.61324,0.05714,0.12018,0.45868,0,0,0,0
Valsad,1,6.5,1.5,3.12,7.0,0.908,12,2,76.9,12.1,27.8,1.0,0.02159,0.01073,0.44623,0.90803,0.97,0.9,0.53713,0.05714,0,0.38868,0,0,0,0
Porbandar,1,16.8,3.6,3.63,6.2,0.776,8,1,70.0,11.9,25.3,1.0,0.0559,0.02543,0.58545,0.77582,0.98,0.95,0.40045,0.02857,0,0.26598,0,0,0,0
Patan,0,2.2,0.8,0.82,6.0,0.183,70,1,45.8,6.4,31.0,0.0,0.00738,0.00575,0.13678,0.18346,0.825,0.95,0,0.02857,0,0.55207,0,0,0,0
Vadodara,0,15.1,7.3,3.31,8.0,0.436,39,2,50.0,35.1,29.5,0.0,0.05041,0.05185,0.41422,0.43583,0.9025,0.9,0,0.05714,0.18842,0.47279,0,0,0,0
Surat,1,36.8,4.6,5.22,9.4,0.858,13,1,81.3,26.8,28.3,1.0,0.12277,0.03285,0.55552,0.85849,0.9675,0.95,0.62688,0.02857,0.08562,0.41286,0,0,0,0
Navsari,1,48.8,14.4,4.58,7.3,0.89,11,1,96.6,2.9,26.2,1.0,0.16269,0.10296,0.62703,0.8896,0.9725,0.95,0.93278,0.02857,0,0.31058,0,0,0,0
Navsari,0,6.9,2.8,2.67,7.3,0.544,11,1,50.4,10.5,30.1,1.0,0.02288,0.01976,0.36606,0.54404,0.9725,0.95,0.00736,0.02857,0,0.50443,0,0,0,0
Rajkot,1,24.1,6.2,3.88,7.2,0.649,134,3,81.1,15.1,27.0,0.0,0.08027,0.04449,0.53921,0.64945,0.665,0.85,0.62184,0.08571,0,0.34793,0,0,0,0
Bhuj,1,3.6,2.1,2.84,5.8,0.408,110,4,78.2,3.4,27.9,1.0,0.01209,0.01505,0.4899,0.40816,0.725,0.8,0.56339,0.11429,0,0.39377,0,0,0,0
Ahmedabad,1,7.4,2.6,5.02,8.5,0.754,53,2,76.4,31.7,25.5,0.0,0.02477,0.01866,0.5906,0.75444,0.8675,0.9,0.52812,0.05714,0.146,0.27336,0,0,0,0
Vadodara,1,21.8,5.4,5.01,8.0,0.835,39,2,81.9,24.4,26.0,0.0,0.07251,0.03849,0.62602,0.83477,0.9025,0.9,0.63851,0.05714,0.05538,0.30011,0,0,0,0
Bhuj,1,29.0,23.0,3.71,5.8,0.543,110,4,86.2,46.0,27.6,1.0,0.0967,0.16435,0.63915,0.54278,0.725,0.8,0.72482,0.11429,0.32513,0.37839,0,0,0,0
Jamnagar,1,4.4,1.2,4.2,6.5,0.795,20,2,81.6,29.3,27.9,1.0,0.01463,0.00852,0.64558,0.79525,0.95,0.9,0.63273,0.05714,0.11564,0.39548,1,0,0,1
Navsari,1,38.9,18.0,4.73,7.3,0.897,11,1,85.6,18.6,24.5,1.0,0.12981,0.12869,0.64756,0.89679,0.9725,0.95,0.71289,0.02857,0,0.22721,1,0,0,1
Surat,0,2.0,0.9,4.47,9.4,0.448,13,1,54.5,4.3,33.4,1.0,0.00659,0.00654,0.4759,0.44794,0.9675,0.95,0.08901,0.02857,0,0.66762,1,0,0,0
Navsari,1,80.4,26.9,5.07,7.3,0.943,11,1,80.3,39.2,24.3,1.0,0.26817,0.19192,0.69401,0.94324,0.9725,0.95,0.60547,0.02857,0.24053,0.21637,1,0,1,1
Bhuj,1,14.5,7.4,3.39,5.8,0.532,110,4,73.9,29.1,32.2,1.0,0.04821,0.05278,0.58402,0.53236,0.725,0.8,0.47784,0.11429,0.11319,0.60905,0,0,1,0
Porbandar,1,22.0,8.8,3.27,6.2,0.771,8,1,76.7,14.4,30.6,1.0,0.07334,0.06261,0.52798,0.77112,0.98,0.95,0.53406,0.02857,0,0.53236,1,0,1,0
Ahmedabad,1,22.6,5.8,4.69,8.5,0.808,53,2,79.1,13.7,28.6,0.0,0.07525,0.04165,0.55128,0.80793,0.8675,0.9,0.58226,0.05714,0,0.43089,0,0,0,0
Jamnagar,1,38.7,18.2,3.42,6.5,0.75,20,2,89.7,7.3,26.9,1.0,0.12908,0.12996,0.5256,0.74961,0.95,0.9,0.79316,0.05714,0,0.34498,0,0,0,0
Vadodara,1,26.4,15.1,4.32,8.0,0.825,39,2,75.5,5.7,27.8,0.0,0.08794,0.10786,0.54023,0.8254,0.9025,0.9,0.51099,0.05714,0,0.38839,0,0,0,0
Dang,1,9.9,2.0,3.54,6.4,0.853,975,27,95.1,19.2,24.2,0.0,0.03312,0.01402,0.55376,0.85319,0,0,0.90263,0.77143,0,0.21195,1,0,0,0
Surat,1,65.1,18.5,6.5,9.4,0.887,13,1,86.1,10.9,29.0,1.0,0.21705,0.13234,0.69158,0.88736,0.9675,0.95,0.72157,0.02857,0,0.44855,0,0,1,1
Dang,0,12.8,9.2,2.56,6.4,0.641,975,27,46.9,16.6,34.5,0.0,0.04265,0.06565,0.40051,0.64064,0,0,0,0.77143,0,0.72301,0,0,0,0
Navsari,1,1.1,0.6,4.67,7.3,0.897,11,1,91.5,15.4,27.2,1.0,0.00368,0.00436,0.64036,0.89679,0.9725,0.95,0.82977,0.02857,0,0.36222,0,0,0,0
Porbandar,1,34.4,10.3,2.65,6.2,0.68,8,1,93.5,13.6,26.0,1.0,0.11469,0.07382,0.42771,0.68021,0.98,0.95,0.87073,0.02857,0,0.30093,0,0,1,0
Rajkot,1,2.7,1.4,2.86,7.2,0.639,134,3,77.6,32.0,28.3,0.0,0.009,0.01017,0.39728,0.63927,0.665,0.85,0.55112,0.08571,0.15061,0.41483,0,0,0,0
Ahmedabad,0,10.4,4.3,3.46,8.5,0.412,53,2,54.2,44.2,39.7,0.0,0.03458,0.03092,0.40732,0.41245,0.8675,0.9,0.08414,0.05714,0.30294,0.98539,0,0,0,0
Rajkot,0,1.4,0.8,1.8,7.2,0.274,134,3,44.9,6.1,30.0,0.0,0.00469,0.00604,0.24982,0.27387,0.665,0.85,0,0.08571,0,0.49896,0,0,0,0
Bhavnagar,0,2.4,0.2,2.04,7.4,0.396,24,2,54.3,10.6,33.4,1.0,0.00789,0.00166,0.27608,0.39588,0.94,0.9,0.08647,0.05714,0,0.66794,0,0,0,0
Vadodara,0,15.1,8.5,3.32,8.0,0.47,39,2,62.5,35.9,33.9,0.0,0.05019,0.0607,0.41492,0.47042,0.9025,0.9,0.25012,0.05714,0.19892,0.6953,0,0,0,0
Ahmedabad,1,26.3,6.4,3.95,8.5,0.68,53,2,79.2,26.5,28.4,0.0,0.0877,0.04586,0.46428,0.67955,0.8675,0.9,0.58321,0.05714,0.0816,0.41865,0,0,0,0
Rajkot,0,10.8,9.2,3.11,7.2,0.288,134,3,35.3,9.1,35.3,0.0,0.03614,0.06582,0.43235,0.28754,0.665,0.85,0,0.08571,0,0.76359,0,0,0,0
Patan,0,7.3,1.7,1.83,6.0,0.316,70,1,52.8,7.5,31.0,0.0,0.02419,0.01224,0.30541,0.3156,0.825,0.95,0.0553,0.02857,0,0.54905,0,0,0,0
Surat,1,63.1,14.6,6.17,9.4,0.88,13,1,79.8,52.6,26.0,1.0,0.21049,0.10427,0.65664,0.87986,0.9675,0.95,0.59625,0.02857,0.40796,0.30203,0,0,0,1
Porbandar,1,30.3,11.9,3.76,6.2,0.812,8,1,63.1,13.1,25.5,1.0,0.10103,0.08529,0.60715,0.81226,0.98,0.95,0.26148,0.02857,0,0.27441,0,1,0,0
Porbandar,1,72.1,38.7,4.62,6.2,0.78,8,1,86.8,21.3,26.0,1.0,0.24044,0.27625,0.74537,0.78007,0.98,0.95,0.7359,0.02857,0.01606,0.2981,1,0,0,1
Surat,0,3.1,1.7,3.48,9.4,0.488,13,1,50.0,4.3,33.7,1.0,0.01042,0.01235,0.37019,0.4884,0.9675,0.95,0.00061,0.02857,0,0.68258,0,0,0,0
Navsari,1,59.7,32.2,5.89,7.3,0.977,11,1,93.3,19.9,28.5,1.0,0.19886,0.22979,0.80739,0.97729,0.9725,0.95,0.86633,0.02857,0,0.4234,1,0,0,0
Rajkot,1,12.4,8.9,3.69,7.2,0.72,134,3,79.8,18.5,29.0,0.0,0.04119,0.0636,0.51306,0.72021,0.665,0.85,0.59677,0.08571,0,0.44803,0,0,0,0
Bhuj,1,29.2,20.7,2.94,5.8,0.552,110,4,83.2,54.6,26.1,1.0,0.09733,0.14801,0.50636,0.55161,0.725,0.8,0.6648,0.11429,0.433,0.30582,0,0,0,0
Jamnagar,1,6.1,2.1,2.47,6.5,0.676,20,2,84.7,10.1,29.8,1.0,0.02039,0.01464,0.38,0.67633,0.95,0.9,0.69499,0.05714,0,0.48842,0,0,0,0
Valsad,1,45.8,10.4,4.88,7.0,0.958,12,2,85.0,22.9,23.0,1.0,0.15255,0.07395,0.69669,0.95842,0.97,0.9,0.69914,0.05714,0.03652,0.14935,0,0,0,0
Navsari,0,8.4,2.6,3.43,7.3,0.485,11,1,56.9,10.3,31.7,1.0,0.02803,0.01877,0.46964,0.48471,0.9725,0.95,0.13727,0.02857,0,0.58422,0,0,0,0
Vadodara,0,2.3,0.7,2.74,8.0,0.399,39,2,60.3,6.6,30.6,0.0,0.00754,0.00506,0.34241,0.39945,0.9025,0.9,0.20601,0.05714,0,0.52762,0,0,0,0
Patan,0,3.7,2.5,2.19,6.0,0.129,70,1,45.9,5.8,34.3,0.0,0.01242,0.01816,0.36503,0.12905,0.825,0.95,0,0.02857,0,0.71724,0,0,0,0
Ahmedabad,0,6.1,3.4,4.1,8.5,0.555,53,2,57.6,6.6,31.7,0.0,0.02033,0.02432,0.48246,0.55525,0.8675,0.9,0.15293,0.05714,0,0.58625,0,0,0,0
Navsari,1,10.1,2.0,4.28,7.3,0.746,11,1,78.9,4.7,22.4,1.0,0.03361,0.01431,0.58568,0.74601,0.9725,0.95,0.57881,0.02857,0,0.12019,1,0,0,1
Jamnagar,0,0.4,0.1,2.02,6.5,0.305,20,2,50.6,10.3,30.5,1.0,0.00134,0.00102,0.31083,0.30496,0.95,0.9,0.01199,0.05714,0,0.52311,0,0,0,0
Rajkot,1,48.0,29.5,4.47,7.2,0.752,134,3,94.1,9.3,27.5,0.0,0.1599,0.21082,0.62146,0.7516,0.665,0.85,0.88192,0.08571,0,0.37496,1,0,0,1
Patan,1,29.4,11.7,1.94,6.0,0.499,70,1,85.7,37.3,26.3,0.0,0.09788,0.08361,0.32252,0.49894,0.825,0.95,0.71457,0.02857,0.21658,0.31405,0,0,1,0
Navsari,0,10.5,2.3,3.58,7.3,0.52,11,1,70.7,14.8,29.9,1.0,0.035,0.01671,0.48995,0.52009,0.9725,0.95,0.41322,0.02857,0,0.49412,0,0,0,0
Surat,1,94.6,29.6,7.19,9.4,0.934,13,1,83.6,13.0,26.8,1.0,0.31548,0.21107,0.76461,0.93365,0.9675,0.95,0.67201,0.02857,0,0.33929,1,0,0,0
Vadodara,1,42.2,20.1,5.67,8.0,0.706,39,2,83.3,3.7,22.8,0.0,0.14054,0.14334,0.70866,0.70625,0.9025,0.9,0.66542,0.05714,0,0.14048,1,0,0,0
Jamnagar,1,32.8,4.8,4.0,6.5,0.765,20,2,82.3,3.7,25.3,1.0,0.10943,0.03408,0.6158,0.7653,0.95,0.9,0.64552,0.05714,0,0.26599,1,0,0,0
Bhavnagar,0,7.3,3.9,2.95,7.4,0.22,24,2,55.0,19.5,36.9,1.0,0.02438,0.02775,0.39895,0.21953,0.94,0.9,0.09903,0.05714,0,0.84668,0,0,0,1
Bhavnagar,1,33.9,4.2,3.98,7.4,0.706,24,2,82.3,5.7,29.6,1.0,0.11284,0.03025,0.5373,0.70649,0.94,0.9,0.64555,0.05714,0,0.47861,0,0,0,0
Patan,0,2.5,1.8,1.73,6.0,0.171,70,1,52.6,132.6,32.3,0.0,0.00839,0.0129,0.28881,0.17069,0.825,0.95,0.0525,0.02857,1,0.61301,0,0,0,0
Surat,0,11.4,4.9,4.49,9.4,0.605,13,1,50.5,43.3,39.8,1.0,0.03796,0.0349,0.47731,0.60508,0.9675,0.95,0.01073,0.02857,0.29158,0.9879,1,0,0,0
Bhavnagar,0,1.5,0.6,3.07,7.4,0.354,24,2,43.8,12.0,35.3,1.0,0.00513,0.00453,0.41429,0.3536,0.94,0.9,0,0.05714,0,0.76715,0,0,0,0
Patan,1,0.8,0.7,2.31,6.0,0.585,70,1,79.3,9.2,23.5,0.0,0.00282,0.00465,0.38423,0.58508,0.825,0.95,0.586,0.02857,0,0.17694,0,0,0,0
Ahmedabad,0,2.9,0.7,3.23,8.5,0.425,53,2,49.1,35.0,33.0,0.0,0.00981,0.00522,0.37984,0.4248,0.8675,0.9,0,0.05714,0.18749,0.65021,0,0,0,0
Ahmedabad,1,25.9,6.2,5.18,8.5,0.806,53,2,86.5,7.3,23.2,0.0,0.08619,0.044,0.60899,0.80629,0.8675,0.9,0.73007,0.05714,0,0.16011,0,0,0,0
Jamnagar,0,4.3,2.5,1.82,6.5,0.293,20,2,38.3,23.6,31.7,1.0,0.01432,0.01794,0.27991,0.29306,0.95,0.9,0,0.05714,0.04475,0.58567,0,0,0,0
Bhuj,1,13.1,5.0,2.13,5.8,0.522,110,4,82.2,45.4,29.3,1.0,0.04365,0.03604,0.36707,0.52168,0.725,0.8,0.64445,0.11429,0.31762,0.46391,0,1,0,0
Bhuj,0,1.3,0.9,0.8,5.8,0.064,110,4,50.3,13.2,29.1,1.0,0.00438,0.00665,0.13835,0.0642,0.725,0.8,0.00631,0.11429,0,0.45735,0,0,1,0
Navsari,1,19.6,2.7,4.56,7.3,0.825,11,1,87.1,20.6,28.1,1.0,0.06534,0.01911,0.62456,0.82473,0.9725,0.95,0.74294,0.02857,0.00703,0.40492,0,0,0,0
Bhavnagar,1,8.4,2.9,3.76,7.4,0.747,24,2,91.2,108.1,22.8,1.0,0.02786,0.02101,0.50872,0.74746,0.94,0.9,0.82337,0.05714,1,0.13859,0,0,1,0
Rajkot,0,5.6,2.7,1.59,7.2,0.24,134,3,66.4,38.2,33.4,0.0,0.01855,0.01895,0.22138,0.24002,0.665,0.85,0.327,0.08571,0.22806,0.66789,0,0,1,0
Bhavnagar,0,10.3,6.2,3.89,7.4,0.354,24,2,56.8,12.1,28.2,1.0,0.03449,0.04456,0.52592,0.3538,0.94,0.9,0.13511,0.05714,0,0.41103,0,0,0,0
Bhuj,0,2.1,0.7,2.7,5.8,0.093,110,4,53.7,22.7,31.8,1.0,0.00717,0.00528,0.46498,0.0926,0.725,0.8,0.07382,0.11429,0.03315,0.59191,0,0,0,0
Jamnagar,0,1.7,0.6,2.35,6.5,0.246,20,2,53.9,7.8,32.5,1.0,0.00554,0.00413,0.36094,0.2459,0.95,0.9,0.07765,0.05714,0,0.62722,0,0,0,1
Vadodara,0,2.4,1.4,2.45,8.0,0.279,39,2,47.5,9.5,36.1,0.0,0.0081,0.01014,0.30686,0.27942,0.9025,0.9,0,0.05714,0,0.80628,0,0,0,0
Navsari,0,6.0,0.9,3.26,7.3,0.723,11,1,34.1,2,31.4,1.0,0.01993,0.00641,0.44706,0.72253,0.9725,0.95,0,0.02857,0,0.56925,0,0,0,0
Valsad,0,13.8,7.7,3.66,7.0,0.541,12,2,44.2,16.6,32.5,1.0,0.04597,0.05519,0.52349,0.5408,0.97,0.9,0,0.05714,0,0.623,0,0,0,0
Bhavnagar,0,2.6,0.7,3.15,7.4,0.52,24,2,44.7,33.7,31.6,1.0,0.00854,0.00493,0.4263,0.52034,0.94,0.9,0,0.05714,0.17129,0.57907,0,0,0,0
Bhuj,1,6.3,4.9,2.33,5.8,0.431,110,4,90.1,14.5,26.8,1.0,0.02098,0.03489,0.40116,0.43062,0.725,0.8,0.80287,0.11429,0,0.33994,0,0,0,0
Rajkot,1,15.8,6.9,3.05,7.2,0.623,134,3,64.7,2.5,28.7,0.0,0.05268,0.04948,0.42386,0.62331,0.665,0.85,0.2934,0.08571,0,0.43426,0,0,0,0
Ahmedabad,1,7.2,2.7,5.51,8.5,0.783,53,2,74.3,31.1,28.2,0.0,0.02406,0.01959,0.64845,0.78279,0.8675,0.9,0.48663,0.05714,0.13878,0.40807,0,0,0,0
Jamnagar,1,17.3,1.4,4.11,6.5,0.687,20,2,77.2,2,24.2,1.0,0.05778,0.00994,0.63302,0.68734,0.95,0.9,0.54331,0.05714,0,0.21051,1,0,1,0
Dang,1,8.6,2.1,3.0,6.4,0.864,975,27,82.7,28.3,31.0,0.0,0.02881,0.01469,0.46839,0.86426,0,0,0.6541,0.77143,0.10413,0.54814,0,0,0,0
Rajkot,1,11.8,6.8,2.47,7.2,0.519,134,3,74.7,2,25.9,0.0,0.03925,0.04842,0.34319,0.51915,0.665,0.85,0.49477,0.08571,0,0.29711,0,0,0,0
Bhavnagar,0,12.4,8.7,3.5,7.4,0.476,24,2,50.1,43.0,34.0,1.0,0.04127,0.06214,0.47272,0.47639,0.94,0.9,0.00228,0.05714,0.28773,0.70219,0,0,0,0
Vadodara,1,32.0,18.0,4.37,8.0,0.804,39,2,83.6,17.1,27.2,0.0,0.10674,0.12879,0.54686,0.80369,0.9025,0.9,0.67136,0.05714,0,0.36085,1,0,0,0
Dang,1,37.9,22.2,4.07,6.4,0.932,975,27,87.1,9.1,27.8,0.0,0.12619,0.15887,0.63668,0.93174,0,0,0.74241,0.77143,0,0.39182,0,0,0,0
Dang,1,48.2,23.1,5.17,6.4,0.899,975,27,86.4,6.3,29.6,0.0,0.16052,0.16523,0.80734,0.89911,0,0,0.72882,0.77143,0,0.47959,0,0,0,0
Rajkot,1,57.9,22.0,3.83,7.2,0.645,134,3,78.7,10.8,25.7,0.0,0.19312,0.15718,0.53221,0.64549,0.665,0.85,0.57442,0.08571,0,0.28739,0,0,0,0
Porbandar,1,56.0,25.3,4.42,6.2,0.781,8,1,80.6,12.9,26.1,1.0,0.18654,0.18052,0.71255,0.78136,0.98,0.95,0.61285,0.02857,0,0.30457,1,0,0,0
Ahmedabad,1,40.8,7.7,6.05,8.5,0.861,53,2,77.7,14.5,27.7,0.0,0.13612,0.05493,0.71133,0.86075,0.8675,0.9,0.55354,0.05714,0,0.38364,1,0,0,0
Jamnagar,1,19.2,8.5,3.35,6.5,0.753,20,2,80.0,87.0,27.1,1.0,0.06416,0.06046,0.51599,0.75298,0.95,0.9,0.59996,0.05714,0.83706,0.35458,0,0,0,0
Patan,1,26.1,3.6,2.98,6.0,0.429,70,1,80.5,2.6,29.7,0.0,0.08701,0.02582,0.49662,0.42907,0.825,0.95,0.60908,0.02857,0,0.48731,0,0,0,0
Ahmedabad,1,22.6,6.4,3.39,8.5,0.594,53,2,67.5,5.0,22.5,0.0,0.07546,0.0457,0.39831,0.59398,0.8675,0.9,0.35052,0.05714,0,0.12744,0,0,0,0
Porbandar,0,3.4,0.7,1.9,6.2,0.379,8,1,50.4,14.2,36.0,1.0,0.01138,0.00493,0.30577,0.37938,0.98,0.95,0.00882,0.02857,0,0.79968,0,0,0,0
Bhavnagar,0,4.5,1.6,2.37,7.4,0.362,24,2,52.1,22.2,34.0,1.0,0.01485,0.01143,0.31986,0.3617,0.94,0.9,0.04178,0.05714,0.02724,0.70003,0,0,0,0
Surat,1,46.2,27.3,6.56,9.4,0.857,13,1,87.2,87.4,27.8,1.0,0.15407,0.19517,0.69786,0.85735,0.9675,0.95,0.74441,0.02857,0.84197,0.38953,0,0,0,0
Vadodara,0,0.9,0.1,3.02,8.0,0.394,39,2,48.7,14.1,30.4,0.0,0.00309,0.00093,0.37726,0.39401,0.9025,0.9,0,0.05714,0,0.52217,0,0,0,0
Bhavnagar,1,36.8,20.1,3.57,7.4,0.744,24,2,79.8,2,29.2,1.0,0.12277,0.14379,0.48261,0.74426,0.94,0.9,0.59682,0.05714,0,0.46024,0,0,0,0
Valsad,1,12.3,5.6,4.58,7.0,0.919,12,2,84.7,3.0,28.8,1.0,0.04089,0.03997,0.65362,0.91883,0.97,0.9,0.6947,0.05714,0,0.43946,0,0,0,0
Dang,1,16.7,6.7,4.98,6.4,1.0,975,27,75.8,31.0,27.0,0.0,0.05552,0.04798,0.7783,1.0,0,0,0.51645,0.77143,0.13753,0.35082,0,0,0,0
Porbandar,1,29.0,11.7,3.23,6.2,0.703,8,1,77.0,5.3,24.1,1.0,0.09676,0.08346,0.52045,0.70329,0.98,0.95,0.54063,0.02857,0,0.20418,0,0,0,0
Rajkot,0,2.3,0.6,1.69,7.2,0.198,134,3,52.9,18.9,31.0,0.0,0.00766,0.00421,0.23451,0.19822,0.665,0.85,0.05886,0.08571,0,0.54916,0,0,0,0
Navsari,0,10.3,5.6,2.82,7.3,0.608,11,1,54.7,7.7,29.4,1.0,0.03417,0.04001,0.38664,0.60848,0.9725,0.95,0.09499,0.02857,0,0.47203,0,0,1,1
Bhavnagar,1,32.6,7.1,4.1,7.4,0.839,24,2,58.2,9.7,26.7,1.0,0.10871,0.05056,0.55421,0.83938,0.94,0.9,0.16308,0.05714,0,0.33668,1,0,0,0
Patan,0,0.5,0.2,1.28,6.0,0.304,70,1,60.7,17.9,31.3,0.0,0.0016,0.00145,0.21378,0.30418,0.825,0.95,0.21308,0.02857,0,0.56579,0,0,0,0
Bhuj,1,9.4,1.6,1.78,5.8,0.382,110,4,80.0,23.6,23.8,1.0,0.03145,0.01161,0.30748,0.38234,0.725,0.8,0.60091,0.11429,0.04516,0.19059,0,0,0,0
Jamnagar,1,45.1,9.8,3.73,6.5,0.687,20,2,89.4,6.4,26.9,1.0,0.15039,0.0703,0.5736,0.68666,0.95,0.9,0.78756,0.05714,0,0.34536,1,0,0,0
Surat,1,45.4,7.3,6.22,9.4,0.93,13,1,83.2,13.8,26.0,1.0,0.15141,0.0518,0.66176,0.92953,0.9675,0.95,0.66368,0.02857,0,0.30232,0,0,0,0
Jamnagar,0,3.0,0.5,2.73,6.5,0.391,20,2,53.5,79.9,29.0,1.0,0.00985,0.00352,0.42009,0.39111,0.95,0.9,0.0692,0.05714,0.74841,0.44994,0,0,0,0
Porbandar,1,14.5,4.3,3.01,6.2,0.712,8,1,69.3,17.7,30.5,1.0,0.04845,0.031,0.48531,0.71166,0.98,0.95,0.38515,0.02857,0,0.52574,0,0,0,0
Dang,0,27.2,11.5,2.84,6.4,0.628,975,27,56.4,12.3,30.9,0.0,0.09066,0.0818,0.44441,0.62766,0,0,0.12881,0.77143,0,0.54695,0,0,0,0
Surat,1,53.8,12.5,5.5,9.4,0.894,13,1,93.6,16.8,26.0,1.0,0.1792,0.0894,0.58458,0.89416,0.9675,0.95,0.873,0.02857,0,0.29922,0,0,0,0
Surat,1,12.7,5.2,4.72,9.4,0.833,13,1,74.6,19.4,26.1,1.0,0.04232,0.03686,0.50253,0.83277,0.9675,0.95,0.49261,0.02857,0,0.30363,0,0,0,0
Surat,1,51.9,31.1,6.5,9.4,0.916,13,1,75.9,51.3,25.6,1.0,0.17312,0.22202,0.69098,0.91645,0.9675,0.95,0.51861,0.02857,0.39117,0.28119,1,0,0,0
Rajkot,1,3.3,1.6,2.73,7.2,0.615,134,3,78.1,20.5,29.2,0.0,0.01104,0.01123,0.37963,0.61537,0.665,0.85,0.56142,0.08571,0.00613,0.45811,0,0,0,0
Valsad,0,6.5,2.9,3.41,7.0,0.403,12,2,51.9,9.8,36.3,1.0,0.02152,0.0208,0.48786,0.40288,0.97,0.9,0.03818,0.05714,0,0.81607,0,0,0,0
Navsari,1,102.5,50.2,4.88,7.3,1.0,11,1,83.0,41.2,24.6,1.0,0.34152,0.35873,0.66781,1.0,0.9725,0.95,0.6592,0.02857,0.26475,0.22949,1,0,0,0
Navsari,0,8.4,6.4,4.0,7.3,0.699,11,1,49.9,26.0,29.2,1.0,0.02787,0.04555,0.54856,0.69925,0.9725,0.95,0,0.02857,0.07444,0.46082,0,0,0,1
Valsad,0,3.5,2.3,2.9,7.0,0.64,12,2,59.4,10.6,28.8,1.0,0.01154,0.01617,0.41382,0.63968,0.97,0.9,0.18821,0.05714,0,0.43894,0,0,0,0
Ahmedabad,1,75.3,51.2,4.87,8.5,0.9,53,2,89.5,42.8,26.3,0.0,0.25092,0.36545,0.57271,0.89958,0.8675,0.9,0.79082,0.05714,0.2846,0.31627,1,0,0,0
Rajkot,0,3.9,0.4,3.29,7.2,0.38,134,3,50.9,3.5,35.1,0.0,0.01316,0.0026,0.45711,0.38018,0.665,0.85,0.01875,0.08571,0,0.75353,0,0,0,0
Patan,0,1.5,1.0,2.53,6.0,0.219,70,1,49.1,11.2,33.6,0.0,0.00517,0.00703,0.42231,0.21914,0.825,0.95,0,0.02857,0,0.67922,1,0,0,0
Patan,1,16.7,3.5,2.37,6.0,0.651,70,1,81.8,4.1,26.9,0.0,0.05561,0.02519,0.39534,0.65127,0.825,0.95,0.63553,0.02857,0,0.34347,0,1,0,0
Ahmedabad,0,1.5,0.1,3.12,8.5,0.421,53,2,47.7,45.2,30.7,0.0,0.00505,0.00093,0.36744,0.42132,0.8675,0.9,0,0.05714,0.31527,0.53255,0,0,0,0
Ahmedabad,0,2.3,1.8,2.59,8.5,0.311,53,2,57.6,27.8,31.7,0.0,0.00756,0.01289,0.30482,0.31068,0.8675,0.9,0.1515,0.05714,0.09791,0.58679,0,0,0,0
Bhuj,0,0.8,0.5,2.28,5.8,0.148,110,4,43.0,7.4,33.1,1.0,0.00268,0.00368,0.39393,0.14795,0.725,0.8,0,0.11429,0,0.65614,0,0,0,0
Valsad,1,67.8,27.6,5.79,7.0,0.972,12,2,77.6,10.8,27.4,1.0,0.22605,0.19721,0.827,0.97223,0.97,0.9,0.55258,0.05714,0,0.36835,0,0,1,0
Rajkot,1,3.5,0.4,3.66,7.2,0.497,134,3,94.3,6.1,24.8,0.0,0.0117,0.00296,0.5089,0.49731,0.665,0.85,0.88541,0.08571,0,0.23761,1,0,0,0
Vadodara,1,30.2,13.9,4.15,8.0,0.585,39,2,87.1,14.4,29.0,0.0,0.10068,0.09955,0.51849,0.58497,0.9025,0.9,0.74128,0.05714,0,0.44899,0,0,0,0
Navsari,1,24.1,11.1,4.1,7.3,0.76,11,1,65.5,17.6,22.6,1.0,0.0804,0.07908,0.56172,0.76017,0.9725,0.95,0.31053,0.02857,0,0.12897,0,0,0,0
Valsad,1,38.8,14.0,4.57,7.0,0.933,12,2,84.1,46.4,30.7,1.0,0.12944,0.1,0.65334,0.93343,0.97,0.9,0.68196,0.05714,0.3305,0.5332,1,0,0,0
Porbandar,1,19.7,5.8,4.03,6.2,0.673,8,1,87.7,6.3,26.4,1.0,0.06579,0.04125,0.6507,0.67258,0.98,0.95,0.75442,0.02857,0,0.31975,0,0,0,0
Bhuj,1,9.6,2.5,1.63,5.8,0.46,110,4,69.9,12.9,27.4,1.0,0.03211,0.01778,0.28124,0.45999,0.725,0.8,0.39861,0.11429,0,0.371,0,0,0,0
Valsad,0,7.3,3.1,3.24,7.0,0.56,12,2,65.1,94.9,35.4,1.0,0.02437,0.02236,0.46227,0.55974,0.97,0.9,0.30258,0.05714,0.93586,0.76897,0,0,1,0
Surat,1,11.3,3.1,5.1,9.4,0.989,13,1,91.2,19.6,25.6,1.0,0.03755,0.02234,0.54301,0.98937,0.9675,0.95,0.82312,0.02857,0,0.28056,0,0,0,0
Porbandar,1,70.3,16.9,4.6,6.2,0.772,8,1,88.0,19.0,26.8,1.0,0.23443,0.12093,0.74184,0.77182,0.98,0.95,0.75952,0.02857,0,0.34155,0,0,0,0
Bhuj,0,4.8,2.6,1.17,5.8,0.038,110,4,49.7,71.4,33.5,1.0,0.01593,0.01872,0.20219,0.03816,0.725,0.8,0,0.11429,0.64302,0.67398,0,0,0,0
Jamnagar,0,8.9,2.9,2.3,6.5,0.388,20,2,51.7,48.6,34.0,1.0,0.02964,0.0209,0.35348,0.3884,0.95,0.9,0.03318,0.05714,0.35764,0.69979,0,0,0,0
Valsad,1,43.4,9.0,4.23,7.0,0.839,12,2,90.5,19.6,26.9,1.0,0.14463,0.06446,0.6039,0.8391,0.97,0.9,0.80992,0.05714,0,0.34582,0,0,0,0
Bhavnagar,0,12.7,9.9,3.01,7.4,0.343,24,2,58.0,24.1,30.6,1.0,0.04236,0.07044,0.40731,0.3426,0.94,0.9,0.15999,0.05714,0.05063,0.52792,0,0,0,0
Navsari,1,7.4,1.7,3.27,7.3,0.776,11,1,77.5,17.3,27.8,1.0,0.02472,0.01193,0.44755,0.77646,0.9725,0.95,0.55053,0.02857,0,0.38801,0,0,0,0
Dang,0,14.6,7.3,3.61,6.4,0.608,975,27,43.8,15.3,30.3,0.0,0.04855,0.05189,0.56392,0.60825,0,0,0,0.77143,0,0.51333,0,0,0,0
Rajkot,0,1.6,0.3,2.17,7.2,0.255,134,3,55.6,5.0,35.3,0.0,0.00518,0.00248,0.30186,0.25513,0.665,0.85,0.1124,0.08571,0,0.7672,0,0,0,0
Navsari,0,23.3,4.6,3.78,7.3,0.5,11,1,49.0,28.2,29.7,1.0,0.07759,0.03319,0.51802,0.49999,0.9725,0.95,0,0.02857,0.10192,0.48649,1,0,0,0
Patan,0,3.9,1.4,1.49,6.0,0.144,70,1,51.4,14.1,37.8,0.0,0.01291,0.00999,0.24836,0.1439,0.825,0.95,0.02858,0.02857,0,0.89228,1,0,0,0
Bhuj,1,5.5,4.0,2.64,5.8,0.416,110,4,84.3,6.2,27.2,1.0,0.01847,0.02872,0.45432,0.41599,0.725,0.8,0.6862,0.11429,0,0.36112,0,0,0,0
Dang,0,3.4,2.7,3.04,6.4,0.547,975,27,42.4,45.3,31.3,0.0,0.01144,0.01918,0.47533,0.5474,0,0,0,0.77143,0.31657,0.56651,0,0,0,0
Ahmedabad,1,51.1,17.9,5.23,8.5,0.883,53,2,74.9,17.9,27.5,0.0,0.17022,0.12805,0.61484,0.88313,0.8675,0.9,0.49773,0.05714,0,0.37731,1,0,0,0
Navsari,0,7.3,1.4,3.9,7.3,0.508,11,1,52.8,9.6,34.3,1.0,0.02445,0.01035,0.53403,0.50773,0.9725,0.95,0.05689,0.02857,0,0.7169,1,0,0,0
Navsari,1,14.1,5.1,4.15,7.3,0.927,11,1,71.3,17.2,28.7,1.0,0.04713,0.03673,0.56848,0.92681,0.9725,0.95,0.42567,0.02857,0,0.43636,0,0,0,0
Rajkot,0,3.6,0.8,3.71,7.2,0.289,134,3,51.5,10.2,32.2,0.0,0.01202,0.00551,0.51522,0.28939,0.665,0.85,0.02963,0.08571,0,0.6115,0,0,0,0
Jamnagar,1,31.6,12.9,3.68,6.5,0.493,20,2,93.3,24.1,30.2,1.0,0.10536,0.0923,0.56647,0.49348,0.95,0.9,0.8667,0.05714,0.05081,0.50751,0,0,0,1
Valsad,1,92.4,29.6,5.43,7.0,0.999,12,2,80.6,12.9,24.3,1.0,0.3079,0.2115,0.77618,0.99866,0.97,0.9,0.612,0.05714,0,0.2161,1,0,0,1
Porbandar,0,10.6,1.8,3.62,6.2,0.352,8,1,53.2,15.9,32.7,1.0,0.03533,0.01286,0.58417,0.35212,0.98,0.95,0.06382,0.02857,0,0.63744,1,0,0,0
Porbandar,0,17.4,5.1,2.21,6.2,0.434,8,1,47.5,5.4,32.3,1.0,0.0581,0.0361,0.35568,0.43383,0.98,0.95,0,0.02857,0,0.61381,0,0,0,0
Bhuj,1,10.1,5.1,2.82,5.8,0.456,110,4,74.5,13.8,27.3,1.0,0.03375,0.03674,0.48624,0.4561,0.725,0.8,0.4895,0.11429,0,0.36649,0,0,0,0
Ahmedabad,1,50.9,12.8,4.43,8.5,0.789,53,2,82.5,19.6,24.2,0.0,0.16972,0.09158,0.52061,0.78882,0.8675,0.9,0.64982,0.05714,0,0.20763,1,0,0,0
Rajkot,0,13.5,5.8,3.09,7.2,0.206,134,3,52.3,14.1,31.6,0.0,0.04499,0.04166,0.42849,0.2064,0.665,0.85,0.04642,0.08571,0,0.57923,0,0,0,0
Surat,0,19.6,6.4,3.92,9.4,0.385,13,1,48.1,28.5,33.7,1.0,0.06519,0.04537,0.41675,0.38541,0.9675,0.95,0,0.02857,0.10575,0.68462,0,0,0,0
Bhavnagar,1,20.0,14.7,4.4,7.4,0.768,24,2,89.6,37.4,27.4,1.0,0.06654,0.10509,0.59469,0.76762,0.94,0.9,0.79247,0.05714,0.21801,0.37206,1,0,0,0
Bhuj,1,32.2,9.9,3.94,5.8,0.585,110,4,77.5,8.6,29.5,1.0,0.10747,0.07051,0.67935,0.58518,0.725,0.8,0.54976,0.11429,0,0.47462,0,0,0,0
Bhuj,0,0.7,0.1,1.93,5.8,0.162,110,4,39.2,60.2,31.8,1.0,0.00219,0.00089,0.33339,0.16169,0.725,0.8,0,0.11429,0.50272,0.59169,0,0,0,0
Navsari,1,190.5,114.2,7.71,7.3,1.0,11,1,100,5.4,21.7,1.0,0.63501,0.8157,1.05656,1.0,0.9725,0.95,1,0.02857,0,0.08496,1,0,0,1
Bhuj,1,20.6,2.5,2.75,5.8,0.533,110,4,79.9,22.9,26.6,1.0,0.06875,0.01773,0.47441,0.53267,0.725,0.8,0.59784,0.11429,0.03678,0.32921,1,0,0,0
Patan,0,5.0,3.7,3.29,6.0,0.223,70,1,51.3,8.1,30.5,0.0,0.01651,0.0261,0.54895,0.22338,0.825,0.95,0.02632,0.02857,0,0.52572,0,0,0,0
Rajkot,1,72.9,19.4,4.85,7.2,0.76,134,3,90.9,17.9,28.8,0.0,0.24311,0.13859,0.67429,0.7596,0.665,0.85,0.8175,0.08571,0,0.44167,1,0,0,0
Surat,0,4.2,2.0,3.23,9.4,0.442,13,1,64.9,9.4,35.2,1.0,0.01387,0.01394,0.34392,0.4418,0.9675,0.95,0.29884,0.02857,0,0.75888,0,0,0,0
Surat,0,2.5,0.3,3.68,9.4,0.557,13,1,53.2,19.9,32.5,1.0,0.00845,0.00213,0.392,0.55668,0.9675,0.95,0.06361,0.02857,0,0.62499,0,0,1,0
Navsari,0,5.0,1.3,2.73,7.3,0.545,11,1,53.4,7.4,33.0,1.0,0.01682,0.00951,0.37425,0.54509,0.9725,0.95,0.06878,0.02857,0,0.65237,0,0,0,0
Rajkot,0,11.3,6.4,2.73,7.2,0.23,134,3,48.1,10.3,39.3,0.0,0.03758,0.04558,0.37886,0.23037,0.665,0.85,0,0.08571,0,0.96614,0,0,0,0
Bhuj,1,3.9,1.0,1.69,5.8,0.442,110,4,75.2,9.0,27.1,1.0,0.01311,0.00747,0.2908,0.44178,0.725,0.8,0.50305,0.11429,0,0.35698,1,1,0,0
Bhavnagar,0,2.7,1.0,2.47,7.4,0.343,24,2,53.1,13.6,31.5,1.0,0.00888,0.00714,0.33377,0.34299,0.94,0.9,0.06133,0.05714,0,0.57552,0,0,0,0
Porbandar,1,83.4,23.7,4.76,6.2,0.712,8,1,74.2,11.8,26.9,1.0,0.27795,0.16908,0.76734,0.7115,0.98,0.95,0.4833,0.02857,0,0.34346,0,0,0,0
Vadodara,0,8.9,1.1,3.59,8.0,0.386,39,2,64.7,2.2,34.4,0.0,0.02982,0.00765,0.44918,0.38622,0.9025,0.9,0.29386,0.05714,0,0.72168,1,0,0,0
Valsad,0,2.3,0.7,3.7,7.0,0.607,12,2,51.1,2.6,29.1,1.0,0.00761,0.0047,0.52821,0.60703,0.97,0.9,0.02288,0.05714,0,0.45424,0,0,0,0
Bhuj,0,1.0,0.3,1.74,5.8,0.137,110,4,49.9,45.2,30.7,1.0,0.00345,0.00211,0.30057,0.13741,0.725,0.8,0,0.11429,0.31484,0.53294,0,0,0,0
Jamnagar,1,5.4,1.2,3.17,6.5,0.66,20,2,80.7,13.0,28.2,1.0,0.01801,0.00878,0.48706,0.66046,0.95,0.9,0.61303,0.05714,0,0.40799,0,0,0,0
Surat,1,15.7,8.7,5.29,9.4,0.773,13,1,90.1,19.7,29.6,1.0,0.05249,0.06236,0.56283,0.77261,0.9675,0.95,0.80115,0.02857,0,0.48161,1,0,0,0
Surat,0,12.4,5.6,4.4,9.4,0.525,13,1,53.1,13.0,29.4,1.0,0.04119,0.0398,0.46836,0.52462,0.9675,0.95,0.06127,0.02857,0,0.46769,0,0,0,0
Surat,0,6.0,2.0,4.01,9.4,0.552,13,1,56.7,23.7,31.0,1.0,0.02007,0.01446,0.42694,0.55206,0.9675,0.95,0.13306,0.02857,0.04581,0.55039,0,0,0,1
Rajkot,1,79.1,12.3,5.81,7.2,0.681,134,3,78.4,16.7,27.7,0.0,0.26382,0.08809,0.80629,0.68109,0.665,0.85,0.56863,0.08571,0,0.38384,0,0,0,1
Porbandar,1,0.4,0.3,1.62,6.2,0.695,8,1,81.0,4.8,26.8,1.0,0.00145,0.00244,0.26099,0.69474,0.98,0.95,0.61989,0.02857,0,0.34185,0,0,0,0
Rajkot,1,2.4,0.2,3.94,7.2,0.67,134,3,83.7,26.7,26.9,0.0,0.00796,0.0013,0.54776,0.67034,0.665,0.85,0.67354,0.08571,0.08429,0.34525,0,0,0,0
Surat,1,9.2,2.6,4.98,9.4,0.918,13,1,82.9,2,28.7,1.0,0.0306,0.01867,0.53006,0.91771,0.9675,0.95,0.65894,0.02857,0,0.43393,1,0,0,0
Dang,1,17.3,3.4,4.45,6.4,0.923,975,27,86.5,30.2,27.3,0.0,0.05763,0.02463,0.69475,0.92256,0,0,0.72968,0.77143,0.12774,0.36663,0,0,0,0
Ahmedabad,0,4.5,2.7,4.01,8.5,0.473,53,2,56.0,31.5,31.9,0.0,0.01512,0.01902,0.4718,0.47294,0.8675,0.9,0.12089,0.05714,0.14374,0.59666,0,0,0,0
Rajkot,0,2.2,0.5,3.15,7.2,0.221,134,3,47.4,9.3,31.8,0.0,0.00744,0.00333,0.43688,0.22088,0.665,0.85,0,0.08571,0,0.58813,0,0,0,0
Porbandar,1,26.8,9.0,2.99,6.2,0.642,8,1,81.5,26.9,29.9,1.0,0.08944,0.06441,0.48233,0.64175,0.98,0.95,0.63005,0.02857,0.08632,0.49331,0,0,0,0
Jamnagar,0,5.7,4.8,2.05,6.5,0.253,20,2,47.1,26.8,32.0,1.0,0.0189,0.03442,0.31496,0.25317,0.95,0.9,0,0.05714,0.08519,0.59874,0,0,0,1
Ahmedabad,1,42.4,14.8,5.19,8.5,0.709,53,2,84.9,46.2,26.8,0.0,0.1412,0.1058,0.6108,0.70932,0.8675,0.9,0.69884,0.05714,0.32741,0.34005,0,0,0,0
Jamnagar,0,1.1,0.6,2.62,6.5,0.264,20,2,44.8,44.2,30.7,1.0,0.00365,0.00429,0.40257,0.26423,0.95,0.9,0,0.05714,0.30291,0.53463,0,0,0,0
Bhavnagar,1,22.0,8.0,3.92,7.4,0.634,24,2,85.7,4.9,24.6,1.0,0.07334,0.05733,0.5304,0.6336,0.94,0.9,0.71459,0.05714,0,0.23122,0,0,0,0
Valsad,0,4.0,1.0,2.02,7.0,0.594,12,2,55.4,7.3,30.4,1.0,0.01335,0.00684,0.28881,0.59372,0.97,0.9,0.10805,0.05714,0,0.52133,1,0,0,0
Navsari,1,88.9,28.0,4.93,7.3,0.891,11,1,71.9,21.7,22.5,1.0,0.29641,0.20013,0.67488,0.89108,0.9725,0.95,0.43828,0.02857,0.02152,0.12473,0,0,0,0
Dang,1,111.9,45.0,5.83,6.4,1.0,975,27,86.8,2.4,22.6,0.0,0.37297,0.32169,0.9106,1.0,0,0,0.73697,0.77143,0,0.12756,1,1,0,0
Ahmedabad,1,40.1,26.8,5.87,8.5,0.747,53,2,86.3,10.1,29.7,0.0,0.13381,0.19166,0.69117,0.74672,0.8675,0.9,0.72572,0.05714,0,0.48543,0,0,0,0
Surat,1,39.0,10.3,5.02,9.4,0.877,13,1,84.2,39.2,26.2,1.0,0.13003,0.0735,0.53406,0.8774,0.9675,0.95,0.6842,0.02857,0.23975,0.31017,0,0,0,0
Bhavnagar,0,8.7,1.0,2.93,7.4,0.415,24,2,68.2,3.7,31.8,1.0,0.02888,0.00695,0.39595,0.41509,0.94,0.9,0.36404,0.05714,0,0.58864,0,0,0,0
Porbandar,1,18.2,7.6,2.8,6.2,0.75,8,1,74.0,6.1,29.6,1.0,0.06063,0.05399,0.45084,0.75005,0.98,0.95,0.48093,0.02857,0,0.47927,0,0,0,0
Vadodara,1,14.7,10.7,5.01,8.0,0.755,39,2,72.1,15.0,26.2,0.0,0.0489,0.07634,0.62643,0.75452,0.9025,0.9,0.4424,0.05714,0,0.3101,0,0,0,0
Navsari,1,84.0,30.1,5.54,7.3,0.961,11,1,82.3,19.9,24.8,1.0,0.2799,0.21478,0.75946,0.96129,0.9725,0.95,0.64659,0.02857,0,0.23966,0,0,0,0
Surat,1,20.8,7.8,6.46,9.4,0.863,13,1,88.2,3.0,27.5,1.0,0.06922,0.05537,0.68756,0.8632,0.9675,0.95,0.76465,0.02857,0,0.37469,0,0,0,0
Bhuj,0,4.9,3.0,1.99,5.8,0.152,110,4,60.2,11.5,33.4,1.0,0.01634,0.02148,0.3437,0.15169,0.725,0.8,0.20394,0.11429,0,0.66837,0,0,0,0
Vadodara,1,87.1,31.3,6.33,8.0,0.933,39,2,81.4,27.8,26.4,0.0,0.29043,0.22364,0.79074,0.93296,0.9025,0.9,0.6271,0.05714,0.0978,0.31772,1,0,0,0
Ahmedabad,1,29.7,18.7,5.04,8.5,0.81,53,2,78.7,4.0,26.7,0.0,0.09913,0.13348,0.59238,0.81017,0.8675,0.9,0.57404,0.05714,0,0.33501,0,0,0,0
Patan,0,2.0,1.0,1.77,6.0,0.237,70,1,55.5,15.6,31.5,0.0,0.00664,0.0069,0.29423,0.23664,0.825,0.95,0.11025,0.02857,0,0.57708,0,0,0,1
Bhuj,1,48.8,16.7,3.17,5.8,0.555,110,4,86.5,23.2,27.6,1.0,0.16264,0.11916,0.54714,0.555,0.725,0.8,0.72933,0.11429,0.04042,0.38185,0,0,0,0
Bhuj,0,2.8,0.9,1.37,5.8,0.116,110,4,55.8,60.4,34.5,1.0,0.00924,0.00664,0.2365,0.11614,0.725,0.8,0.11572,0.11429,0.50448,0.72511,0,0,0,0
Patan,0,4.3,2.8,0.56,6.0,0.188,70,1,47.1,11.0,32.8,0.0,0.01419,0.02008,0.0933,0.18774,0.825,0.95,0,0.02857,0,0.64139,0,0,0,0
Ahmedabad,0,3.0,0.6,3.1,8.5,0.462,53,2,61.8,8.8,29.1,0.0,0.01016,0.0045,0.36524,0.46185,0.8675,0.9,0.23531,0.05714,0,0.4527,0,0,0,0
Patan,1,18.6,10.1,2.87,6.0,0.498,70,1,63.1,15.6,28.6,0.0,0.06214,0.07216,0.47843,0.49813,0.825,0.95,0.26101,0.02857,0,0.43058,0,0,0,0
Jamnagar,1,28.0,15.3,3.57,6.5,0.658,20,2,77.8,12.2,26.6,1.0,0.09349,0.10949,0.54942,0.65796,0.95,0.9,0.55528,0.05714,0,0.32828,0,0,0,0
Bhavnagar,1,3.9,0.9,3.86,7.4,0.756,24,2,82.8,13.7,26.0,1.0,0.01292,0.00649,0.52227,0.75569,0.94,0.9,0.65684,0.05714,0,0.29754,0,0,0,0
Dang,1,51.4,26.3,4.84,6.4,1.0,975,27,79.9,22.0,25.5,0.0,0.17131,0.18817,0.75657,1.0,0,0,0.59702,0.77143,0.02473,0.27368,0,0,0,0
Bhuj,0,1.2,0.3,1.49,5.8,0.077,110,4,54.7,24.7,30.7,1.0,0.00394,0.00233,0.25691,0.0768,0.725,0.8,0.09407,0.11429,0.05872,0.53562,0,0,0,0
Bhavnagar,1,20.6,9.0,4.23,7.4,0.677,24,2,77.0,23.3,26.5,1.0,0.06865,0.06451,0.57186,0.6767,0.94,0.9,0.53908,0.05714,0.04171,0.3235,0,0,0,0
Rajkot,1,49.0,17.6,4.82,7.2,0.68,134,3,92.1,5.0,26.5,0.0,0.16337,0.12548,0.66903,0.67994,0.665,0.85,0.84186,0.08571,0,0.32313,0,0,0,0
Jamnagar,1,17.7,4.6,2.93,6.5,0.657,20,2,77.7,44.7,26.0,1.0,0.05905,0.03279,0.4501,0.65692,0.95,0.9,0.55451,0.05714,0.30922,0.29847,1,0,1,0
Patan,0,1.2,1.0,1.88,6.0,0.381,70,1,44.2,4.2,31.8,0.0,0.0039,0.00694,0.31305,0.38115,0.825,0.95,0,0.02857,0,0.58798,0,0,0,0
Vadodara,1,46.3,33.0,5.62,8.0,0.691,39,2,81.7,23.8,25.9,0.0,0.15419,0.23603,0.70234,0.69091,0.9025,0.9,0.63469,0.05714,0.04722,0.29629,1,0,0,0
Rajkot,1,47.5,14.1,4.43,7.2,0.694,134,3,79.1,13.2,26.3,0.0,0.15825,0.101,0.61495,0.69437,0.665,0.85,0.5825,0.08571,0,0.31735,0,0,1,0
Rajkot,0,1.6,0.7,2.96,7.2,0.386,134,3,48.7,4.6,29.3,0.0,0.00518,0.00494,0.4115,0.38571,0.665,0.85,0,0.08571,0,0.46483,0,0,0,0
Navsari,1,173.5,98.3,6.44,7.3,1.0,11,1,98.4,49.7,24.0,1.0,0.57834,0.70187,0.88172,1.0,0.9725,0.95,0.96797,0.02857,0.37073,0.20243,1,0,0,1
Bhavnagar,1,26.7,1.8,4.06,7.4,0.824,24,2,93.5,11.4,26.1,1.0,0.08887,0.01262,0.54873,0.82358,0.94,0.9,0.87038,0.05714,0,0.30405,1,0,0,0
Navsari,1,75.5,21.6,5.2,7.3,0.902,11,1,86.5,9.1,22.5,1.0,0.2518,0.15441,0.7121,0.90245,0.9725,0.95,0.72947,0.02857,0,0.12556,1,0,0,0
Jamnagar,1,6.2,1.9,3.65,6.5,0.64,20,2,84.1,20.7,25.5,1.0,0.02062,0.01353,0.5608,0.64044,0.95,0.9,0.68238,0.05714,0.00864,0.2754,0,0,0,0
Bhuj,1,18.3,15.5,2.14,5.8,0.559,110,4,87.4,21.9,27.4,1.0,0.06087,0.11056,0.36841,0.55928,0.725,0.8,0.74716,0.11429,0.0241,0.36985,0,0,1,0
Jamnagar,1,30.1,15.2,3.42,6.5,0.658,20,2,66.2,20.2,27.7,1.0,0.10024,0.10883,0.52601,0.65792,0.95,0.9,0.3248,0.05714,0.00197,0.38703,0,0,0,1
Rajkot,1,22.3,15.4,3.55,7.2,0.738,134,3,85.3,31.6,33.0,0.0,0.07444,0.10996,0.49292,0.7383,0.665,0.85,0.70624,0.08571,0.14503,0.65198,1,0,0,0
Surat,0,5.5,3.1,3.45,9.4,0.481,13,1,50.4,40.9,36.4,1.0,0.01838,0.02191,0.36692,0.48102,0.9675,0.95,0.00721,0.02857,0.26105,0.81957,0,0,0,0
Ahmedabad,0,22.4,9.9,3.87,8.5,0.448,53,2,61.3,40.2,35.0,0.0,0.07466,0.07095,0.45576,0.44799,0.8675,0.9,0.22636,0.05714,0.25204,0.75039,1,0,0,0
Bhavnagar,1,56.1,22.3,3.77,7.4,0.719,24,2,88.9,5.6,29.3,1.0,0.18686,0.15944,0.50952,0.71908,0.94,0.9,0.77827,0.05714,0,0.4631,0,0,0,0
Rajkot,1,53.6,12.2,3.54,7.2,0.662,134,3,86.5,22.2,25.9,0.0,0.17859,0.08681,0.49215,0.66151,0.665,0.85,0.72918,0.08571,0.02737,0.29506,1,0,0,0
Bhuj,0,2.9,1.5,2.25,5.8,0.068,110,4,44.8,7.5,32.0,1.0,0.00958,0.01055,0.38717,0.06822,0.725,0.8,0,0.11429,0,0.60083,0,0,0,0
Dang,0,6.5,4.8,3.95,6.4,0.685,975,27,49.0,7.7,34.5,0.0,0.02173,0.0346,0.61757,0.68508,0,0,0,0.77143,0,0.72736,0,0,0,0
Patan,1,11.8,1.2,3.0,6.0,0.528,70,1,81.3,27.9,24.8,0.0,0.03926,0.00868,0.50028,0.52782,0.825,0.95,0.62518,0.02857,0.09926,0.24212,0,0,0,0
Patan,0,5.1,2.6,1.48,6.0,0.201,70,1,49.7,10.4,33.7,0.0,0.01685,0.01859,0.24711,0.20131,0.825,0.95,0,0.02857,0,0.68279,1,0,0,0
Rajkot,1,16.0,10.4,3.46,7.2,0.611,134,3,88.4,16.0,27.1,0.0,0.05348,0.07417,0.4801,0.61104,0.665,0.85,0.7684,0.08571,0,0.35391,0,0,0,0
Ahmedabad,1,41.1,5.5,5.82,8.5,0.822,53,2,77.1,12.3,26.5,0.0,0.13695,0.03962,0.68489,0.8222,0.8675,0.9,0.541,0.05714,0,0.32664,1,0,0,0
Dang,1,18.7,2.9,4.53,6.4,0.956,975,27,82.1,18.7,22.4,0.0,0.06246,0.02091,0.70781,0.95556,0,0,0.64259,0.77143,0,0.12049,0,1,0,0
Rajkot,0,5.3,3.6,3.07,7.2,0.236,134,3,59.3,16.8,33.8,0.0,0.0175,0.02567,0.42678,0.23562,0.665,0.85,0.18638,0.08571,0,0.68905,0,0,0,0
Jamnagar,0,1.6,0.3,2.05,6.5,0.365,20,2,63.1,6.5,34.9,1.0,0.00543,0.00188,0.31525,0.36513,0.95,0.9,0.26263,0.05714,0,0.74494,0,0,0,0
Bhavnagar,0,10.9,4.3,3.42,7.4,0.442,24,2,44.7,15.0,31.7,1.0,0.03617,0.03049,0.46263,0.44233,0.94,0.9,0,0.05714,0,0.5858,0,0,0,0
Valsad,0,22.5,14.1,4.11,7.0,0.618,12,2,51.1,43.3,33.8,1.0,0.07488,0.10058,0.58785,0.61763,0.97,0.9,0.02114,0.05714,0.29085,0.69079,1,0,1,0
Valsad,0,20.9,11.9,2.62,7.0,0.629,12,2,58.6,9.5,31.8,1.0,0.06971,0.08479,0.37476,0.62919,0.97,0.9,0.17282,0.05714,0,0.58996,1,0,0,0
Rajkot,1,23.9,3.5,2.98,7.2,0.63,134,3,62.8,37.0,32.6,0.0,0.07968,0.02465,0.41451,0.62974,0.665,0.85,0.255,0.08571,0.21212,0.63111,0,0,0,0
Rajkot,1,28.6,21.0,3.73,7.2,0.594,134,3,85.3,13.8,26.1,0.0,0.09535,0.14987,0.51747,0.59444,0.665,0.85,0.70527,0.08571,0,0.30694,1,0,0,1
Vadodara,1,86.6,7.6,5.44,8.0,0.732,39,2,82.7,24.0,25.2,0.0,0.28876,0.05442,0.67961,0.73226,0.9025,0.9,0.6534,0.05714,0.05059,0.26146,0,0,0,0
Bhavnagar,0,1.6,0.7,3.45,7.4,0.319,24,2,54.9,11.1,35.7,1.0,0.00523,0.00507,0.46566,0.31892,0.94,0.9,0.09759,0.05714,0,0.78524,0,0,0,0
Bhuj,1,8.9,4.7,2.8,5.8,0.434,110,4,82.6,23.9,27.3,1.0,0.02953,0.03353,0.48353,0.43394,0.725,0.8,0.65133,0.11429,0.04838,0.36739,0,0,0,0
Jamnagar,0,10.8,3.5,2.47,6.5,0.269,20,2,41.3,23.3,31.6,1.0,0.03587,0.0252,0.38046,0.26892,0.95,0.9,0,0.05714,0.04071,0.5779,0,0,0,0
Rajkot,1,2.1,0.2,3.02,7.2,0.606,134,3,81.8,19.7,26.5,0.0,0.00694,0.00134,0.4193,0.60574,0.665,0.85,0.63619,0.08571,0,0.32593,0,0,0,0
Jamnagar,1,9.2,1.8,3.1,6.5,0.619,20,2,85.2,10.1,30.5,1.0,0.03072,0.01263,0.47729,0.61928,0.95,0.9,0.70476,0.05714,0,0.52502,0,0,0,0
Valsad,1,54.4,10.7,4.73,7.0,1.0,12,2,79.8,21.8,24.8,1.0,0.18146,0.07624,0.67583,1.0,0.97,0.9,0.59612,0.05714,0.02253,0.23882,1,0,1,1
Dang,0,13.4,3.2,3.4,6.4,0.643,975,27,54.1,16.5,27.8,0.0,0.04482,0.02295,0.53113,0.64268,0,0,0.08111,0.77143,0,0.38941,0,0,0,0
Navsari,1,9.6,3.4,4.03,7.3,0.855,11,1,81.2,3.6,28.0,1.0,0.03187,0.0243,0.55167,0.85507,0.9725,0.95,0.625,0.02857,0,0.40111,0,0,1,0
Jamnagar,0,2.7,0.8,1.64,6.5,0.279,20,2,57.3,21.1,32.9,1.0,0.00907,0.00586,0.2519,0.27883,0.95,0.9,0.14525,0.05714,0.01352,0.64394,0,0,0,0
Jamnagar,0,2.5,1.1,2.31,6.5,0.182,20,2,60.3,45.4,27.7,1.0,0.00828,0.00785,0.35582,0.18239,0.95,0.9,0.20563,0.05714,0.31691,0.38466,0,0,0,1
Rajkot,0,0.3,0.2,1.53,7.2,0.177,134,3,47.8,5.8,37.5,0.0,0.00111,0.00133,0.21253,0.17666,0.665,0.85,0,0.08571,0,0.87483,0,0,0,0
Valsad,1,8.7,1.9,2.66,7.0,0.938,12,2,85.0,24.5,23.8,1.0,0.02902,0.01331,0.38017,0.93807,0.97,0.9,0.70067,0.05714,0.05581,0.18932,0,0,0,0
Surat,0,19.6,8.7,3.57,9.4,0.383,13,1,61.1,17.1,33.8,1.0,0.06546,0.06214,0.38031,0.38317,0.9675,0.95,0.2214,0.02857,0,0.6882,0,0,0,0
Ahmedabad,0,3.1,0.8,2.29,8.5,0.379,53,2,62.2,28.3,34.4,0.0,0.01027,0.00605,0.26931,0.37856,0.8675,0.9,0.24474,0.05714,0.10402,0.72044,0,0,0,0
Jamnagar,1,7.7,3.3,2.37,6.5,0.508,20,2,63.7,15.8,30.5,1.0,0.02559,0.02359,0.36446,0.50785,0.95,0.9,0.27438,0.05714,0,0.52304,0,0,0,0
Rajkot,0,8.2,1.9,2.19,7.2,0.142,134,3,53.9,20.6,36.0,0.0,0.02742,0.01328,0.30366,0.14216,0.665,0.85,0.07757,0.08571,0.00721,0.79841,0,0,0,0
Surat,0,20.3,10.4,4.9,9.4,0.558,13,1,50.5,44.7,31.3,1.0,0.0676,0.07403,0.52169,0.55769,0.9675,0.95,0.00941,0.02857,0.30913,0.56737,0,0,0,0
Vadodara,1,53.7,19.9,4.84,8.0,0.671,39,2,74.5,13.9,28.8,0.0,0.17888,0.14248,0.60508,0.67061,0.9025,0.9,0.48925,0.05714,0,0.44165,1,0,0,0
Bhuj,0,1.1,0.8,1.15,5.8,0.02,110,4,55.1,34.4,29.1,1.0,0.00375,0.00548,0.19873,0.02,0.725,0.8,0.1014,0.11429,0.17975,0.45699,0,0,0,0
Surat,1,16.2,10.9,5.64,9.4,0.729,13,1,77.2,10.9,25.6,1.0,0.05411,0.07788,0.5995,0.72925,0.9675,0.95,0.54492,0.02857,0,0.27797,1,0,0,0
Valsad,1,104.1,49.3,4.99,7.0,0.92,12,2,88.1,7.7,27.0,1.0,0.34692,0.3524,0.7123,0.9202,0.97,0.9,0.76132,0.05714,0,0.34987,1,0,0,0
Surat,1,8.4,4.4,4.77,9.4,0.91,13,1,86.3,56.5,26.0,1.0,0.02812,0.03164,0.5077,0.90987,0.9675,0.95,0.72595,0.02857,0.4559,0.30065,0,0,1,0
Porbandar,0,1.8,0.1,2.48,6.2,0.231,8,1,47.8,5.9,31.0,1.0,0.00595,0.00069,0.39978,0.2313,0.98,0.95,0,0.02857,0,0.54811,0,0,0,0
Vadodara,1,43.1,23.2,4.6,8.0,0.727,39,2,76.9,9.2,25.3,0.0,0.14375,0.16561,0.57496,0.72683,0.9025,0.9,0.53712,0.05714,0,0.26604,0,0,0,0
Surat,1,32.1,2.8,5.29,9.4,0.94,13,1,71.2,39.7,23.8,1.0,0.1069,0.02016,0.563,0.94012,0.9675,0.95,0.42463,0.02857,0.24627,0.19078,0,0,0,0
Dang,1,83.9,18.3,4.8,6.4,0.957,975,27,85.7,13.7,26.0,0.0,0.27971,0.1309,0.75009,0.95675,0,0,0.71306,0.77143,0,0.30127,0,0,0,0
Patan,1,28.4,3.7,3.7,6.0,0.561,70,1,78.4,11.3,30.1,0.0,0.09459,0.02624,0.61653,0.5606,0.825,0.95,0.56758,0.02857,0,0.50665,0,0,0,0
Vadodara,0,24.0,13.5,2.89,8.0,0.292,39,2,37.6,17.5,33.3,0.0,0.08009,0.09611,0.36136,0.29188,0.9025,0.9,0,0.05714,0,0.6663,0,0,0,0
Navsari,0,8.9,2.0,2.65,7.3,0.539,11,1,55.0,57.6,33.1,1.0,0.02954,0.01452,0.36301,0.53913,0.9725,0.95,0.10035,0.02857,0.46994,0.656,0,0,0,1
Valsad,1,39.1,9.5,4.6,7.0,0.696,12,2,79.7,4.4,25.4,1.0,0.13037,0.06811,0.6578,0.69586,0.97,0.9,0.59435,0.05714,0,0.26981,0,0,0,0
Dang,0,13.9,7.6,4.04,6.4,0.766,975,27,55.8,12.8,29.8,0.0,0.04624,0.05403,0.63177,0.76639,0,0,0.11591,0.77143,0,0.49061,0,0,0,0
Valsad,0,23.0,7.6,3.22,7.0,0.597,12,2,41.5,18.1,32.8,1.0,0.07681,0.05427,0.4606,0.59737,0.97,0.9,0,0.05714,0,0.6401,1,0,0,0
Bhuj,1,24.8,17.3,2.41,5.8,0.466,110,4,71.1,29.2,26.6,1.0,0.08253,0.12384,0.41609,0.46578,0.725,0.8,0.4219,0.11429,0.11544,0.32776,0,0,0,0
Dang,1,103.8,88.2,4.56,6.4,0.988,975,27,80.8,7.5,29.5,0.0,0.34601,0.63023,0.71212,0.98816,0,0,0.61658,0.77143,0,0.47266,0,0,0,0
Navsari,0,19.0,4.9,3.56,7.3,0.576,11,1,42.5,24.9,28.1,1.0,0.06325,0.03497,0.48827,0.5763,0.9725,0.95,0,0.02857,0.06071,0.40291,0,0,1,0
Rajkot,0,3.0,0.9,2.62,7.2,0.353,134,3,65.6,23.4,31.5,0.0,0.01008,0.00624,0.36365,0.3534,0.665,0.85,0.31199,0.08571,0.04296,0.57392,0,0,0,0
Valsad,1,34.7,5.3,4.44,7.0,0.963,12,2,84.4,2,27.1,1.0,0.11578,0.03808,0.6339,0.96271,0.97,0.9,0.68722,0.05714,0,0.35514,0,0,0,0
Bhavnagar,1,23.7,10.0,4.71,7.4,0.797,24,2,70.8,29.2,25.6,1.0,0.07888,0.07115,0.63654,0.79693,0.94,0.9,0.41588,0.05714,0.1156,0.2776,0,0,0,0
Patan,0,3.5,2.4,3.08,6.0,0.222,70,1,49.4,11.3,38.5,0.0,0.01174,0.01682,0.51408,0.22245,0.825,0.95,0,0.02857,0,0.92692,0,0,0,0
Valsad,1,55.9,17.8,4.49,7.0,1.0,12,2,83.4,4.2,24.9,1.0,0.18629,0.12691,0.64104,1.0,0.97,0.9,0.66893,0.05714,0,0.24677,0,0,0,0
Ahmedabad,0,6.1,3.1,2.04,8.5,0.233,53,2,47.4,17.3,33.2,0.0,0.02017,0.0223,0.23967,0.23294,0.8675,0.9,0,0.05714,0,0.65888,0,0,0,0
Valsad,0,2.3,2.0,3.36,7.0,0.622,12,2,61.9,5.8,32.8,1.0,0.00773,0.01408,0.47958,0.62243,0.97,0.9,0.23801,0.05714,0,0.64049,0,0,0,0
Porbandar,1,19.8,10.3,4.47,6.2,0.821,8,1,77.2,38.1,27.3,1.0,0.066,0.07357,0.72136,0.82104,0.98,0.95,0.54385,0.02857,0.22667,0.36627,0,0,0,0
Navsari,1,35.5,8.2,4.93,7.3,0.95,11,1,78.7,16.7,28.5,1.0,0.11836,0.05879,0.67507,0.94953,0.9725,0.95,0.57362,0.02857,0,0.4256,0,0,0,0
Surat,0,1.4,0.2,2.79,9.4,0.522,13,1,53.0,14.7,35.3,1.0,0.00474,0.00137,0.2963,0.52196,0.9675,0.95,0.0593,0.02857,0,0.76393,0,0,0,0
Rajkot,1,30.9,23.4,3.56,7.2,0.493,134,3,86.3,6.2,29.7,0.0,0.10285,0.16747,0.49407,0.49254,0.665,0.85,0.72598,0.08571,0,0.48564,0,0,0,0
Valsad,1,96.6,30.6,4.76,7.0,0.906,12,2,80.0,7.6,24.8,1.0,0.32193,0.21836,0.68071,0.90597,0.97,0.9,0.60064,0.05714,0,0.24143,0,0,0,0
Bhuj,1,16.8,7.9,3.49,5.8,0.359,110,4,78.5,14.0,28.0,1.0,0.05598,0.0562,0.60096,0.35884,0.725,0.8,0.56902,0.11429,0,0.39892,0,0,0,0
Dang,1,54.3,29.9,4.34,6.4,1.0,975,27,75.5,14.9,28.7,0.0,0.18089,0.21336,0.67856,1.0,0,0,0.51057,0.77143,0,0.43502,0,0,0,0
Navsari,0,7.5,3.2,2.52,7.3,0.501,11,1,60.8,24.1,30.3,1.0,0.02516,0.02278,0.34554,0.50066,0.9725,0.95,0.21691,0.02857,0.05078,0.51454,0,0,1,0
Ahmedabad,1,39.2,15.7,5.4,8.5,0.882,53,2,82.1,14.9,27.3,0.0,0.13062,0.11223,0.63531,0.88154,0.8675,0.9,0.6415,0.05714,0,0.3649,0,0,1,0
Navsari,0,39.4,8.4,3.29,7.3,0.608,11,1,48.1,31.9,32.5,1.0,0.13136,0.05988,0.45125,0.6078,0.9725,0.95,0,0.02857,0.14874,0.62663,0,0,0,0
Ahmedabad,0,4.3,2.5,2.96,8.5,0.372,53,2,47.3,7.2,31.3,0.0,0.01445,0.01783,0.34816,0.372,0.8675,0.9,0,0.05714,0,0.56676,0,0,0,0
Navsari,0,1.4,0.8,3.33,7.3,0.523,11,1,63.8,7.8,33.0,1.0,0.00469,0.00584,0.45645,0.52281,0.9725,0.95,0.27657,0.02857,0,0.64932,0,0,0,0
Surat,1,117.9,61.3,6.83,9.4,0.797,13,1,86.0,12.3,24.8,1.0,0.39311,0.43819,0.72709,0.79721,0.9675,0.95,0.72033,0.02857,0,0.2377,0,0,0,1
Vadodara,1,24.3,10.2,4.83,8.0,0.807,39,2,80.4,3.9,27.9,0.0,0.0809,0.07265,0.60327,0.80706,0.9025,0.9,0.60739,0.05714,0,0.39386,0,0,0,0
Dang,1,125.4,51.4,6.16,6.4,0.993,975,27,85.6,47.5,26.1,0.0,0.41802,0.36696,0.96288,0.99293,0,0,0.71105,0.77143,0.3437,0.30287,1,1,0,0
Navsari,1,30.8,5.7,4.44,7.3,0.896,11,1,75.5,26.6,26.0,1.0,0.1025,0.04085,0.6084,0.89629,0.9725,0.95,0.50997,0.02857,0.08189,0.29828,0,0,0,0
Porbandar,0,4.6,1.2,2.1,6.2,0.324,8,1,59.9,14.2,33.1,1.0,0.0152,0.00838,0.33924,0.32431,0.98,0.95,0.19721,0.02857,0,0.65517,1,0,0,0
Jamnagar,1,32.5,17.2,4.19,6.5,0.732,20,2,87.7,26.5,25.5,1.0,0.10825,0.12286,0.64477,0.73175,0.95,0.9,0.75487,0.05714,0.0818,0.27596,0,0,0,0
Bhavnagar,1,17.2,5.9,3.13,7.4,0.772,24,2,83.9,28.8,24.5,1.0,0.05748,0.0422,0.42314,0.77215,0.94,0.9,0.6789,0.05714,0.11041,0.2244,0,0,0,0
Bhavnagar,0,1.7,0.3,3.13,7.4,0.298,24,2,58.3,4.6,31.5,1.0,0.00582,0.00216,0.4231,0.29781,0.94,0.9,0.1669,0.05714,0,0.57547,0,0,1,0
Patan,0,2.8,0.9,2.73,6.0,0.151,70,1,48.0,23.2,31.6,0.0,0.00941,0.00643,0.45511,0.15062,0.825,0.95,0,0.02857,0.03964,0.57882,1,0,0,0
Rajkot,0,1.3,0.3,3.04,7.2,0.296,134,3,60.5,23.7,34.4,0.0,0.00443,0.0025,0.42158,0.29606,0.665,0.85,0.2102,0.08571,0.04566,0.71905,0,0,0,0
Jamnagar,1,10.7,5.7,3.19,6.5,0.83,20,2,74.4,72.1,26.6,1.0,0.03564,0.04102,0.4903,0.82952,0.95,0.9,0.48705,0.05714,0.65076,0.32774,0,0,1,0
Vadodara,1,10.9,5.1,4.05,8.0,0.77,39,2,80.1,28.3,21.9,0.0,0.03623,0.03661,0.50628,0.77034,0.9025,0.9,0.60277,0.05714,0.10419,0.09569,0,0,0,0
Ahmedabad,0,5.9,5.0,2.97,8.5,0.34,53,2,49.9,9.9,32.4,0.0,0.01961,0.03571,0.34961,0.33981,0.8675,0.9,0,0.05714,0,0.62157,0,0,0,0
Surat,1,40.8,8.2,7.13,9.4,0.912,13,1,88.7,52.2,26.5,1.0,0.13584,0.05859,0.75865,0.91226,0.9675,0.95,0.77425,0.02857,0.40265,0.32449,1,0,0,0
Porbandar,1,40.2,8.5,2.48,6.2,0.64,8,1,81.6,62.8,24.6,1.0,0.13399,0.06065,0.39954,0.64022,0.98,0.95,0.63123,0.02857,0.53445,0.23122,0,0,0,0
Navsari,0,1.6,0.9,3.22,7.3,0.395,11,1,48.1,3.6,33.1,1.0,0.00549,0.00624,0.44127,0.39523,0.9725,0.95,0,0.02857,0,0.65638,0,0,0,0
Rajkot,0,0.6,0.4,2.56,7.2,0.288,134,3,47.9,3.2,30.6,0.0,0.00208,0.00314,0.35505,0.2877,0.665,0.85,0,0.08571,0,0.53052,0,0,0,0
Porbandar,1,53.0,10.0,3.91,6.2,0.745,8,1,89.2,24.8,28.9,1.0,0.17651,0.07124,0.62995,0.7445,0.98,0.95,0.78423,0.02857,0.06031,0.44275,1,0,0,0
Bhuj,0,1.2,0.5,1.51,5.8,0.213,110,4,55.5,32.0,33.6,1.0,0.00394,0.00369,0.26053,0.21288,0.725,0.8,0.11027,0.11429,0.14956,0.67839,0,0,0,0
Valsad,1,52.4,41.1,4.38,7.0,0.844,12,2,88.1,32.3,26.1,1.0,0.17483,0.29353,0.62503,0.84422,0.97,0.9,0.76163,0.05714,0.1535,0.30251,1,0,1,0
Porbandar,1,40.9,21.3,3.85,6.2,0.734,8,1,77.1,17.3,22.7,1.0,0.13633,0.15246,0.62111,0.73361,0.98,0.95,0.54258,0.02857,0,0.13384,0,0,0,0
Bhavnagar,0,0.7,0.3,3.29,7.4,0.463,24,2,54.8,10.9,33.0,1.0,0.00223,0.00186,0.44402,0.46276,0.94,0.9,0.09641,0.05714,0,0.65162,0,0,0,0
Navsari,1,28.2,12.1,4.21,7.3,0.941,11,1,65.0,13.9,25.8,1.0,0.0939,0.08664,0.57669,0.94102,0.9725,0.95,0.30002,0.02857,0,0.29083,0,0,0,0
Valsad,0,16.1,9.3,3.53,7.0,0.574,12,2,49.6,7.9,34.1,1.0,0.05371,0.06642,0.50408,0.57439,0.97,0.9,0,0.05714,0,0.70479,0,0,0,0
Patan,1,11.7,3.2,3.62,6.0,0.507,70,1,76.7,18.1,26.4,0.0,0.03896,0.02299,0.60268,0.50702,0.825,0.95,0.53434,0.02857,0,0.31959,0,0,0,0
Surat,0,10.7,7.3,4.16,9.4,0.567,13,1,51.4,24.2,31.6,1.0,0.03562,0.05209,0.44247,0.56674,0.9675,0.95,0.02721,0.02857,0.05301,0.57755,0,0,0,0
Patan,1,2.6,1.4,2.34,6.0,0.482,70,1,76.0,11.0,26.0,0.0,0.00873,0.01011,0.39019,0.48208,0.825,0.95,0.52029,0.02857,0,0.30119,0,0,0,1
Porbandar,1,31.2,5.7,3.26,6.2,0.717,8,1,80.2,27.6,24.0,1.0,0.10405,0.04039,0.52611,0.71652,0.98,0.95,0.60445,0.02857,0.09439,0.19861,0,0,0,0
Rajkot,0,3.6,3.0,2.98,7.2,0.281,134,3,60.0,9.3,31.4,0.0,0.01184,0.02156,0.41424,0.28071,0.665,0.85,0.20071,0.08571,0,0.56929,0,0,0,0
Rajkot,1,36.5,23.3,4.86,7.2,0.691,134,3,76.5,10.9,27.7,0.0,0.12171,0.16641,0.67562,0.69103,0.665,0.85,0.53051,0.08571,0,0.38494,0,0,0,0
Bhavnagar,0,6.8,5.4,1.21,7.4,0.333,24,2,36.5,41.1,30.2,1.0,0.02254,0.03826,0.16405,0.33319,0.94,0.9,0,0.05714,0.26327,0.51106,0,0,0,0
Porbandar,1,1.5,0.4,2.12,6.2,0.709,8,1,75.9,11.8,28.6,1.0,0.00505,0.00267,0.34258,0.70883,0.98,0.95,0.5185,0.02857,0,0.42873,0,0,1,0
Bhavnagar,0,1.7,0.8,1.47,7.4,0.287,24,2,46.1,18.6,30.1,1.0,0.00552,0.00605,0.19908,0.28674,0.94,0.9,0,0.05714,0,0.50616,0,0,0,0
Dang,0,4.8,2.2,3.25,6.4,0.52,975,27,62.4,8.3,32.8,0.0,0.01612,0.01539,0.50843,0.52016,0,0,0.24704,0.77143,0,0.64056,0,0,0,0
Rajkot,1,38.1,10.8,2.57,7.2,0.605,134,3,89.2,7.8,24.3,0.0,0.12697,0.07711,0.35683,0.60548,0.665,0.85,0.78474,0.08571,0,0.2127,0,0,0,0
Rajkot,1,15.9,7.6,3.77,7.2,0.528,134,3,72.5,13.4,25.7,0.0,0.05295,0.0546,0.52336,0.52838,0.665,0.85,0.45087,0.08571,0,0.2837,1,0,0,0
Patan,0,1.4,0.5,2.06,6.0,0.18,70,1,44.6,8.6,32.5,0.0,0.00458,0.00348,0.34354,0.18024,0.825,0.95,0,0.02857,0,0.62714,0,0,0,0
Dang,1,6.8,4.1,2.13,6.4,0.959,975,27,77.0,18.6,30.0,0.0,0.02274,0.0293,0.33333,0.95891,0,0,0.53957,0.77143,0,0.50215,0,0,0,0
Porbandar,0,13.3,9.3,3.33,6.2,0.464,8,1,49.7,19.7,29.4,1.0,0.04422,0.06643,0.53681,0.4639,0.98,0.95,0,0.02857,0,0.47246,0,0,0,1
Surat,0,1.0,0.4,3.72,9.4,0.496,13,1,50.7,2.4,31.3,1.0,0.00325,0.00305,0.39529,0.49581,0.9675,0.95,0.01354,0.02857,0,0.56603,1,0,0,0
Porbandar,0,8.7,2.8,3.12,6.2,0.357,8,1,52.2,13.5,34.9,1.0,0.02888,0.01981,0.50261,0.35707,0.98,0.95,0.04348,0.02857,0,0.74742,0,0,0,0
Navsari,0,2.1,1.6,3.08,7.3,0.499,11,1,69.8,3.9,30.7,1.0,0.00713,0.01121,0.4214,0.49872,0.9725,0.95,0.39668,0.02857,0,0.53741,1,1,0,0
Bhavnagar,1,118.5,41.6,4.92,7.4,0.663,24,2,91.5,52.5,25.0,1.0,0.39506,0.29683,0.66473,0.66255,0.94,0.9,0.83042,0.05714,0.40648,0.25074,1,0,1,1
Bhavnagar,1,53.7,6.5,5.39,7.4,0.782,24,2,82.7,14.4,26.2,1.0,0.17915,0.04649,0.7283,0.78163,0.94,0.9,0.65372,0.05714,0,0.31072,0,0,0,0
Bhavnagar,0,3.7,1.7,3.65,7.4,0.395,24,2,53.6,15.7,33.6,1.0,0.0122,0.01205,0.49333,0.3952,0.94,0.9,0.07194,0.05714,0,0.68169,0,0,0,1
Bhavnagar,0,3.0,1.7,3.54,7.4,0.287,24,2,55.3,22.0,35.6,1.0,0.01014,0.01211,0.47865,0.28714,0.94,0.9,0.106,0.05714,0.02448,0.77899,0,0,0,0
Bhavnagar,1,26.6,6.0,3.1,7.4,0.655,24,2,90.7,6.1,30.2,1.0,0.08882,0.04267,0.41898,0.65517,0.94,0.9,0.81314,0.05714,0,0.50893,0,0,0,0
Bhuj,0,2.8,0.8,1.23,5.8,0.091,110,4,46.5,15.1,30.4,1.0,0.00932,0.00572,0.21244,0.091,0.725,0.8,0,0.11429,0,0.51993,0,0,0,0
Patan,1,20.6,13.1,2.85,6.0,0.655,70,1,77.5,8.1,23.2,0.0,0.06873,0.0939,0.4758,0.65523,0.825,0.95,0.55057,0.02857,0,0.16049,0,0,0,0
Porbandar,1,34.1,13.5,3.35,6.2,0.73,8,1,78.6,24.4,25.1,1.0,0.11373,0.09631,0.53955,0.73047,0.98,0.95,0.57235,0.02857,0.05514,0.25717,0,0,0,1
Dang,1,44.0,19.5,4.46,6.4,0.995,975,27,85.7,22.6,23.5,0.0,0.1468,0.13949,0.69636,0.99519,0,0,0.71419,0.77143,0.03195,0.17723,0,0,0,0
Vadodara,1,27.4,17.3,4.4,8.0,0.649,39,2,86.1,37.2,28.8,0.0,0.09119,0.12383,0.55017,0.64914,0.9025,0.9,0.7222,0.05714,0.2146,0.43818,0,0,0,0
Vadodara,1,67.9,40.6,6.44,8.0,0.895,39,2,81.0,17.6,29.2,0.0,0.2262,0.28981,0.80456,0.89504,0.9025,0.9,0.62002,0.05714,0,0.45881,0,0,0,1
Dang,1,37.3,4.9,4.32,6.4,0.977,975,27,80.0,6.8,24.9,0.0,0.12426,0.03501,0.67431,0.97661,0,0,0.6005,0.77143,0,0.24364,0,0,0,0
Bhuj,0,1.4,0.4,2.58,5.8,0.088,110,4,50.7,39.0,33.2,1.0,0.00463,0.00315,0.44434,0.08845,0.725,0.8,0.01341,0.11429,0.23692,0.65837,0,0,0,0
Dang,0,14.4,8.2,2.67,6.4,0.565,975,27,44.6,2.8,33.5,0.0,0.048,0.05882,0.41766,0.56463,0,0,0,0.77143,0,0.67457,0,0,0,0
Rajkot,1,1.7,1.3,4.53,7.2,0.706,134,3,89.7,34.6,29.9,0.0,0.00573,0.00948,0.62978,0.7058,0.665,0.85,0.79459,0.08571,0.18287,0.49447,1,0,0,0
Porbandar,1,28.8,3.8,4.1,6.2,0.636,8,1,67.7,35.7,29.2,1.0,0.09606,0.02741,0.66134,0.63577,0.98,0.95,0.35311,0.02857,0.19603,0.45946,1,0,0,0
Jamnagar,1,10.0,2.0,1.79,6.5,0.588,20,2,75.8,21.3,23.4,1.0,0.03325,0.01397,0.27563,0.58784,0.95,0.9,0.51638,0.05714,0.01679,0.17194,0,0,0,0
Bhavnagar,0,4.4,0.9,3.19,7.4,0.359,24,2,51.4,28.9,35.3,1.0,0.0147,0.00678,0.43057,0.35855,0.94,0.9,0.02745,0.05714,0.11064,0.76556,0,0,0,0
Dang,1,42.9,33.4,4.5,6.4,0.839,975,27,82.6,16.8,28.5,0.0,0.14308,0.23866,0.70333,0.83901,0,0,0.65275,0.77143,0,0.42504,0,0,0,0
Surat,1,25.9,17.4,6.35,9.4,0.885,13,1,91.3,23.9,29.3,1.0,0.08631,0.12394,0.67582,0.8846,0.9675,0.95,0.82609,0.02857,0.04882,0.46393,1,0,0,0
Patan,1,11.9,2.7,2.34,6.0,0.439,70,1,69.7,30.8,29.7,0.0,0.03982,0.01934,0.39026,0.43932,0.825,0.95,0.39401,0.02857,0.13518,0.48526,0,0,0,0
Surat,1,28.9,16.9,6.75,9.4,0.888,13,1,82.3,39.2,23.0,1.0,0.09645,0.12045,0.71802,0.88798,0.9675,0.95,0.64624,0.02857,0.24037,0.14954,1,0,0,0
Patan,0,4.3,1.6,2.88,6.0,0.183,70,1,58.5,34.3,32.7,0.0,0.01423,0.01153,0.48067,0.18308,0.825,0.95,0.17075,0.02857,0.17917,0.6341,0,0,0,0
Navsari,0,4.2,1.8,5.07,7.3,0.64,11,1,60.5,42.6,35.4,1.0,0.01405,0.01313,0.69519,0.63957,0.9725,0.95,0.2108,0.02857,0.28261,0.77239,0,0,0,0
Dang,1,12.8,5.0,3.27,6.4,0.973,975,27,77.1,19.2,28.1,0.0,0.04278,0.03568,0.51094,0.97268,0,0,0.54127,0.77143,0,0.40655,0,0,0,0
Bhavnagar,0,9.2,1.5,3.86,7.4,0.458,24,2,46.4,70.1,33.3,1.0,0.03078,0.01089,0.5211,0.4581,0.94,0.9,0,0.05714,0.62612,0.66285,0,0,1,0
Patan,0,2.4,0.7,2.14,6.0,0.147,70,1,50.7,7.6,34.0,0.0,0.00793,0.00466,0.35689,0.14743,0.825,0.95,0.0136,0.02857,0,0.69878,1,0,0,0
Valsad,0,13.7,4.8,3.32,7.0,0.556,12,2,49.5,27.0,30.5,1.0,0.04551,0.03444,0.47365,0.55574,0.97,0.9,0,0.05714,0.0872,0.52318,0,0,0,0
Bhavnagar,1,104.1,62.7,6.19,7.4,0.777,24,2,77.6,9.8,24.5,1.0,0.34691,0.44786,0.83617,0.77696,0.94,0.9,0.55145,0.05714,0,0.22739,1,0,0,0
Porbandar,0,3.2,1.9,3.0,6.2,0.285,8,1,54.9,11.3,33.3,1.0,0.01055,0.01334,0.4835,0.28476,0.98,0.95,0.0988,0.02857,0,0.6633,1,0,1,0
Vadodara,1,46.7,13.2,4.98,8.0,0.64,39,2,79.1,32.2,24.4,0.0,0.15572,0.09456,0.62261,0.64008,0.9025,0.9,0.58109,0.05714,0.15272,0.2222,0,0,0,0
Rajkot,0,2.9,1.6,2.54,7.2,0.297,134,3,48.6,6.5,33.0,0.0,0.00968,0.01111,0.35317,0.29703,0.665,0.85,0,0.08571,0,0.65054,0,0,0,0
Bhavnagar,1,5.8,2.1,3.66,7.4,0.701,24,2,74.1,7.0,28.6,1.0,0.01934,0.01479,0.49503,0.70099,0.94,0.9,0.48244,0.05714,0,0.42793,1,0,0,0
Dang,1,69.5,26.7,5.78,6.4,0.925,975,27,75.0,11.2,26.1,0.0,0.23183,0.19074,0.90296,0.92508,0,0,0.50078,0.77143,0,0.30296,0,1,0,0
Porbandar,1,20.3,11.2,3.4,6.2,0.541,8,1,81.8,7.9,31.1,1.0,0.0676,0.08024,0.54769,0.54144,0.98,0.95,0.63556,0.02857,0,0.55645,0,0,0,0
Valsad,0,21.7,6.9,3.97,7.0,0.663,12,2,43.2,46.6,32.4,1.0,0.07248,0.04934,0.56707,0.66325,0.97,0.9,0,0.05714,0.33256,0.62166,0,0,0,0
Bhavnagar,0,2.7,0.4,3.07,7.4,0.338,24,2,53.6,26.6,34.8,1.0,0.00913,0.00315,0.41458,0.33757,0.94,0.9,0.07241,0.05714,0.08283,0.7392,0,0,0,0
Bhuj,1,11.4,6.2,3.21,5.8,0.481,110,4,83.3,25.3,24.3,1.0,0.03783,0.04398,0.55394,0.48118,0.725,0.8,0.66687,0.11429,0.06656,0.21597,0,0,0,0
Valsad,1,40.1,5.5,4.27,7.0,0.919,12,2,93.3,15.4,25.3,1.0,0.13369,0.03944,0.6094,0.91873,0.97,0.9,0.86581,0.05714,0,0.26331,0,0,0,0
Bhuj,0,1.3,0.2,1.47,5.8,0.115,110,4,51.8,43.8,30.0,1.0,0.00427,0.00163,0.25293,0.11545,0.725,0.8,0.03654,0.11429,0.29732,0.49793,0,0,0,0
Navsari,1,28.2,11.4,4.56,7.3,0.836,11,1,89.3,45.6,26.5,1.0,0.09384,0.08174,0.62424,0.83623,0.9725,0.95,0.78642,0.02857,0.32038,0.32397,0,0,1,0
Valsad,0,5.9,2.5,3.0,7.0,0.563,12,2,46.9,13.7,33.2,1.0,0.01978,0.01755,0.42833,0.56298,0.97,0.9,0,0.05714,0,0.65989,0,0,0,0
Rajkot,0,6.3,1.5,2.53,7.2,0.298,134,3,49.5,10.3,31.0,0.0,0.02113,0.01096,0.35096,0.29843,0.665,0.85,0,0.08571,0,0.55129,0,0,0,0
Valsad,1,86.4,45.2,5.02,7.0,0.992,12,2,84.4,18.6,23.8,1.0,0.28794,0.32277,0.71643,0.99171,0.97,0.9,0.68778,0.05714,0,0.19005,1,0,0,1
Valsad,1,6.4,3.7,5.07,7.0,0.87,12,2,83.1,8.0,26.9,1.0,0.02143,0.02625,0.72484,0.86973,0.97,0.9,0.6617,0.05714,0,0.34375,0,0,0,0
Ahmedabad,0,7.1,5.7,4.13,8.5,0.432,53,2,61.6,2,30.6,0.0,0.02353,0.04052,0.48585,0.43184,0.8675,0.9,0.23128,0.05714,0,0.52766,0,0,0,0
Porbandar,1,68.2,15.7,3.55,6.2,0.697,8,1,74.9,14.3,25.7,1.0,0.22739,0.11237,0.57209,0.69742,0.98,0.95,0.49788,0.02857,0,0.28276,0,0,0,0
Bhavnagar,0,18.3,11.0,4.02,7.4,0.462,24,2,55.9,8.9,32.5,1.0,0.06103,0.07851,0.54287,0.46196,0.94,0.9,0.11825,0.05714,0,0.62535,0,0,1,0
Dang,0,4.0,3.0,1.94,6.4,0.596,975,27,51.6,67.0,32.7,0.0,0.01348,0.02157,0.30338,0.59556,0,0,0.03104,0.77143,0.58724,0.63419,0,0,0,0
Surat,0,17.2,6.5,3.89,9.4,0.531,13,1,63.0,27.0,29.2,1.0,0.0573,0.0462,0.41406,0.53103,0.9675,0.95,0.25913,0.02857,0.08775,0.46172,0,0,1,0
Bhavnagar,1,39.7,10.0,3.84,7.4,0.901,24,2,83.6,18.0,22.8,1.0,0.13221,0.07142,0.51893,0.90051,0.94,0.9,0.6712,0.05714,0,0.13992,0,0,0,0
Rajkot,1,11.0,8.2,3.32,7.2,0.488,134,3,76.1,25.4,25.3,0.0,0.03655,0.05847,0.46149,0.48767,0.665,0.85,0.52132,0.08571,0.06774,0.26701,0,0,0,0
Valsad,0,6.2,3.4,3.77,7.0,0.594,12,2,60.7,2,33.5,1.0,0.0205,0.02424,0.53919,0.59443,0.97,0.9,0.21472,0.05714,0,0.67463,1,0,0,0
Surat,1,47.8,3.9,5.85,9.4,0.924,13,1,87.6,10.3,26.6,1.0,0.15927,0.02763,0.62213,0.92378,0.9675,0.95,0.75299,0.02857,0,0.33111,0,0,0,0
Surat,1,11.0,5.5,4.52,9.4,0.843,13,1,63.3,3.4,30.4,1.0,0.03663,0.03906,0.4806,0.84275,0.9675,0.95,0.26555,0.02857,0,0.51867,0,0,0,0
Rajkot,0,3.0,2.3,1.68,7.2,0.264,134,3,45.4,8.3,33.1,0.0,0.01007,0.01676,0.23374,0.26423,0.665,0.85,0,0.08571,0,0.6558,0,0,0,0
Bhavnagar,0,19.0,5.5,2.67,7.4,0.42,24,2,66.0,42.4,29.5,1.0,0.0633,0.03949,0.36028,0.42039,0.94,0.9,0.32052,0.05714,0.27992,0.47711,0,0,0,1
Navsari,1,36.0,19.8,4.78,7.3,0.916,11,1,74.7,23.9,28.3,1.0,0.12002,0.14158,0.65503,0.91608,0.9725,0.95,0.49479,0.02857,0.04852,0.41501,0,0,0,0
Navsari,1,33.6,19.2,4.87,7.3,1.0,11,1,84.3,75.8,25.1,1.0,0.11216,0.13727,0.66678,1.0,0.9725,0.95,0.68647,0.02857,0.69758,0.25445,0,0,1,1
Bhuj,1,7.0,1.3,1.81,5.8,0.419,110,4,95.3,30.1,26.8,1.0,0.02325,0.00901,0.31237,0.41876,0.725,0.8,0.90671,0.11429,0.12608,0.33873,0,0,0,0
Bhavnagar,1,0.7,0.2,3.99,7.4,0.667,24,2,81.1,16.1,26.9,1.0,0.00237,0.00133,0.53892,0.6669,0.94,0.9,0.62219,0.05714,0,0.3463,0,0,0,0
Ahmedabad,0,4.9,3.3,3.05,8.5,0.373,53,2,45.6,52.8,33.4,0.0,0.0162,0.02369,0.35827,0.37318,0.8675,0.9,0,0.05714,0.41061,0.66917,0,0,1,0
Bhuj,1,14.0,2.5,2.3,5.8,0.46,110,4,99.2,27.4,27.7,1.0,0.04658,0.01809,0.39593,0.4601,0.725,0.8,0.9834,0.11429,0.09201,0.38489,0,0,0,0
Vadodara,1,12.8,6.8,3.37,8.0,0.696,39,2,66.1,9.7,23.3,0.0,0.04264,0.04841,0.42156,0.69644,0.9025,0.9,0.32226,0.05714,0,0.16262,1,0,1,0
Bhavnagar,1,14.9,8.0,3.66,7.4,0.655,24,2,84.7,8.3,25.7,1.0,0.04978,0.05746,0.49471,0.65479,0.94,0.9,0.69402,0.05714,0,0.28481,1,0,0,0
Surat,0,5.3,0.8,3.42,9.4,0.482,13,1,58.4,32.1,31.1,1.0,0.01769,0.0058,0.36351,0.4823,0.9675,0.95,0.16786,0.02857,0.15183,0.55446,0,0,0,0
Bhavnagar,0,4.1,1.6,2.93,7.4,0.38,24,2,57.5,7.0,31.8,1.0,0.01377,0.01125,0.39534,0.38017,0.94,0.9,0.14916,0.05714,0,0.59027,0,0,0,0
Porbandar,1,34.0,4.1,3.37,6.2,0.784,8,1,88.9,10.1,25.8,1.0,0.11319,0.02923,0.54302,0.78414,0.98,0.95,0.77781,0.02857,0,0.28909,1,0,0,0
Porbandar,1,62.1,20.4,4.53,6.2,0.761,8,1,85.4,11.8,29.1,1.0,0.20715,0.14552,0.73034,0.76114,0.98,0.95,0.70826,0.02857,0,0.45424,0,0,0,0
Surat,1,45.7,22.8,6.17,9.4,0.962,13,1,79.7,14.2,27.5,1.0,0.15225,0.16275,0.65631,0.96244,0.9675,0.95,0.59401,0.02857,0,0.37606,1,0,0,1
Patan,0,0.3,0.2,1.5,6.0,0.175,70,1,57.6,6.9,33.9,0.0,0.00115,0.00128,0.24921,0.17522,0.825,0.95,0.15212,0.02857,0,0.69609,0,0,0,0
Porbandar,0,2.5,0.9,1.6,6.2,0.192,8,1,42.6,20.7,29.7,1.0,0.00821,0.00643,0.25885,0.19152,0.98,0.95,0,0.02857,0.00851,0.48654,0,0,0,0
Bhuj,0,1.2,0.4,1.23,5.8,0.104,110,4,48.7,2.5,32.8,1.0,0.004,0.00321,0.21165,0.10399,0.725,0.8,0,0.11429,0,0.63857,0,0,0,0
Vadodara,0,5.2,1.3,3.81,8.0,0.519,39,2,64.4,4.6,35.7,0.0,0.01749,0.00938,0.47611,0.5192,0.9025,0.9,0.28761,0.05714,0,0.78635,0,0,0,0
Vadodara,1,8.1,2.2,3.84,8.0,0.698,39,2,73.9,14.0,22.8,0.0,0.02705,0.01565,0.48058,0.69848,0.9025,0.9,0.47873,0.05714,0,0.13986,0,0,0,0
Patan,1,3.7,1.1,2.42,6.0,0.622,70,1,80.9,18.4,27.6,0.0,0.01232,0.00752,0.40336,0.62168,0.825,0.95,0.61803,0.02857,0,0.37879,0,0,0,0
Jamnagar,0,11.8,1.5,1.09,6.5,0.253,20,2,49.9,17.3,31.3,1.0,0.0394,0.01076,0.16735,0.25263,0.95,0.9,0,0.05714,0,0.5665,0,0,0,0
Patan,0,0.2,0.1,2.38,6.0,0.265,70,1,54.6,26.6,35.3,0.0,0.0007,0.0005,0.39595,0.2655,0.825,0.95,0.09139,0.02857,0.08202,0.7642,0,0,0,0
Navsari,0,5.9,1.3,3.97,7.3,0.51,11,1,53.9,6.4,28.5,1.0,0.01962,0.00928,0.54341,0.50958,0.9725,0.95,0.07823,0.02857,0,0.4269,0,0,0,0
Rajkot,1,63.5,25.3,5.14,7.2,0.564,134,3,80.1,7.9,25.4,0.0,0.21156,0.18058,0.71324,0.56355,0.665,0.85,0.60269,0.08571,0,0.26962,0,0,0,0
Ahmedabad,0,4.3,1.5,3.08,8.5,0.452,53,2,56.4,25.1,28.5,0.0,0.01421,0.01098,0.36287,0.45164,0.8675,0.9,0.12757,0.05714,0.06422,0.4229,0,0,0,0
Bhavnagar,1,53.8,33.0,5.84,7.4,0.86,24,2,87.7,4.2,27.4,1.0,0.17922,0.23552,0.78968,0.86008,0.94,0.9,0.75314,0.05714,0,0.36951,1,0,0,0
Surat,1,23.9,18.8,5.04,9.4,0.784,13,1,80.0,17.7,27.8,1.0,0.07967,0.13462,0.53667,0.78415,0.9675,0.95,0.59961,0.02857,0,0.39072,0,0,0,0
Bhuj,1,9.5,4.6,2.27,5.8,0.381,110,4,73.2,8.4,27.4,1.0,0.03181,0.0331,0.39177,0.38074,0.725,0.8,0.46436,0.11429,0,0.36996,0,0,0,0
Surat,0,3.6,0.7,4.58,9.4,0.561,13,1,61.7,12.5,33.2,1.0,0.01209,0.00506,0.48716,0.56115,0.9675,0.95,0.23442,0.02857,0,0.66011,0,0,0,0
Bhuj,1,12.9,9.6,2.03,5.8,0.412,110,4,74.3,29.4,26.6,1.0,0.04292,0.06831,0.34946,0.41213,0.725,0.8,0.48653,0.11429,0.11706,0.33045,0,0,0,0
Bhavnagar,0,3.5,1.1,2.8,7.4,0.419,24,2,56.4,11.5,32.9,1.0,0.01164,0.00811,0.37777,0.41937,0.94,0.9,0.12825,0.05714,0,0.64414,0,0,0,0
Valsad,1,25.7,1.5,3.5,7.0,0.936,12,2,74.6,14.3,24.0,1.0,0.08583,0.01049,0.49995,0.93606,0.97,0.9,0.49115,0.05714,0,0.19774,0,0,0,0
Vadodara,1,21.8,7.2,3.72,8.0,0.77,39,2,87.5,26.0,29.0,0.0,0.07262,0.05116,0.46525,0.76985,0.9025,0.9,0.75034,0.05714,0.07486,0.45011,0,0,0,0
Ahmedabad,1,8.2,5.5,3.75,8.5,0.737,53,2,63.4,54.5,28.4,0.0,0.02741,0.03939,0.44134,0.73667,0.8675,0.9,0.26836,0.05714,0.43148,0.41895,0,0,0,1
Navsari,0,4.0,2.5,3.58,7.3,0.611,11,1,38.6,18.6,34.6,1.0,0.01331,0.01773,0.48985,0.61071,0.9725,0.95,0,0.02857,0,0.73067,0,0,0,0
Porbandar,0,0.8,0.3,1.28,6.2,0.207,8,1,46.7,11.1,32.0,1.0,0.00261,0.00232,0.20679,0.20717,0.98,0.95,0,0.02857,0,0.59983,0,1,0,0
Patan,1,35.4,17.8,3.46,6.0,0.55,70,1,78.1,11.2,27.1,0.0,0.11799,0.12696,0.57631,0.54977,0.825,0.95,0.56184,0.02857,0,0.35385,1,0,0,0
Bhavnagar,0,13.1,0.9,3.18,7.4,0.228,24,2,58.6,12.1,32.6,1.0,0.04374,0.00628,0.43024,0.22808,0.94,0.9,0.17279,0.05714,0,0.62767,0,0,0,0
Vadodara,1,73.0,43.2,5.49,8.0,0.776,39,2,74.4,27.7,26.4,0.0,0.24324,0.30852,0.68616,0.77565,0.9025,0.9,0.48893,0.05714,0.09658,0.31833,0,0,0,0
Valsad,1,4.7,1.4,3.52,7.0,0.925,12,2,70.5,27.4,27.7,1.0,0.01576,0.00976,0.50221,0.92475,0.97,0.9,0.40944,0.05714,0.09218,0.38312,0,0,1,1
Ahmedabad,1,50.5,30.7,5.38,8.5,0.899,53,2,64.2,2.7,24.7,0.0,0.16834,0.21956,0.63239,0.8986,0.8675,0.9,0.28343,0.05714,0,0.2341,0,0,0,0
Navsari,1,121.2,103.0,6.41,7.3,0.975,11,1,89.1,31.5,24.8,1.0,0.4039,0.73567,0.87798,0.9747,0.9725,0.95,0.78249,0.02857,0.14332,0.24018,1,0,0,1
Bhavnagar,1,26.4,11.4,2.95,7.4,0.761,24,2,86.9,8.7,28.3,1.0,0.08812,0.08148,0.39895,0.76071,0.94,0.9,0.73897,0.05714,0,0.41391,0,0,1,0
Rajkot,1,17.4,14.2,2.67,7.2,0.59,134,3,83.0,15.2,27.7,0.0,0.05785,0.10133,0.37132,0.58955,0.665,0.85,0.65984,0.08571,0,0.38293,0,0,0,0
Rajkot,1,55.5,23.2,4.32,7.2,0.515,134,3,68.6,7.3,23.5,0.0,0.18509,0.16581,0.60054,0.51483,0.665,0.85,0.37226,0.08571,0,0.17423,0,0,0,0
Surat,1,108.1,22.5,9.21,9.4,0.989,13,1,89.1,18.4,27.1,1.0,0.36048,0.1608,0.9801,0.98943,0.9675,0.95,0.78178,0.02857,0,0.35349,1,0,1,0
Surat,0,2.6,1.7,3.45,9.4,0.469,13,1,54.4,15.6,35.1,1.0,0.00864,0.01217,0.36699,0.46936,0.9675,0.95,0.08879,0.02857,0,0.75343,0,0,0,0
Bhavnagar,1,17.8,4.0,4.36,7.4,0.713,24,2,84.5,10.3,29.8,1.0,0.05927,0.02832,0.58912,0.71298,0.94,0.9,0.69063,0.05714,0,0.48791,0,0,0,1
Vadodara,1,29.3,10.3,3.83,8.0,0.725,39,2,59.8,15.1,24.7,0.0,0.09776,0.07365,0.47937,0.72532,0.9025,0.9,0.19605,0.05714,0,0.2356,1,0,0,0
Bhavnagar,1,45.1,14.5,3.71,7.4,0.735,24,2,93.4,14.6,23.2,1.0,0.15021,0.1036,0.50172,0.73544,0.94,0.9,0.86718,0.05714,0,0.15947,1,0,1,0
Navsari,1,8.5,2.7,3.33,7.3,0.927,11,1,70.4,19.1,31.3,1.0,0.02827,0.01913,0.45574,0.92682,0.9725,0.95,0.40853,0.02857,0,0.5637,0,0,0,0
Porbandar,1,3.6,1.7,3.34,6.2,0.688,8,1,66.2,2.5,24.3,1.0,0.01207,0.01247,0.53907,0.68766,0.98,0.95,0.3241,0.02857,0,0.2128,0,0,0,0
Surat,1,86.9,39.2,7.05,9.4,0.9,13,1,92.3,56.8,27.9,1.0,0.28981,0.28024,0.75002,0.90022,0.9675,0.95,0.84593,0.02857,0.46012,0.39401,0,0,1,0
Patan,1,16.0,3.7,3.12,6.0,0.462,70,1,70.4,23.9,29.5,0.0,0.05323,0.02656,0.51966,0.46223,0.825,0.95,0.40796,0.02857,0.04907,0.47457,0,0,0,0
Patan,1,24.5,13.4,2.18,6.0,0.513,70,1,74.3,2,27.3,0.0,0.08154,0.09586,0.36325,0.51332,0.825,0.95,0.48553,0.02857,0,0.36716,1,0,0,0
Valsad,0,12.0,6.8,2.08,7.0,0.511,12,2,57.9,5.0,35.7,1.0,0.04008,0.04883,0.29658,0.51087,0.97,0.9,0.15828,0.05714,0,0.78481,0,0,0,0
Surat,1,19.5,6.5,5.09,9.4,0.969,13,1,96.6,27.3,28.1,1.0,0.06501,0.0464,0.54109,0.96885,0.9675,0.95,0.93151,0.02857,0.09091,0.40696,0,0,0,0
Rajkot,1,13.5,7.9,3.75,7.2,0.538,134,3,76.8,35.1,27.5,0.0,0.04494,0.05641,0.52058,0.53805,0.665,0.85,0.53534,0.08571,0.18905,0.37663,0,0,0,1
Rajkot,1,85.4,55.7,4.68,7.2,0.698,134,3,83.0,18.0,25.8,0.0,0.28478,0.39787,0.64976,0.69849,0.665,0.85,0.66004,0.08571,0,0.29217,1,0,0,0
Navsari,1,8.8,5.2,4.17,7.3,0.822,11,1,67.4,21.7,26.4,1.0,0.02921,0.03728,0.57185,0.82154,0.9725,0.95,0.34753,0.02857,0.02103,0.31921,0,0,0,0
Patan,0,4.0,0.4,1.32,6.0,0.245,70,1,54.1,25.1,31.6,0.0,0.01323,0.003,0.21981,0.24547,0.825,0.95,0.08299,0.02857,0.06375,0.57978,0,0,0,0
Patan,0,4.6,1.1,1.14,6.0,0.088,70,1,56.5,4.3,35.5,0.0,0.01529,0.00775,0.18994,0.08817,0.825,0.95,0.13031,0.02857,0,0.77319,0,0,0,0
Bhavnagar,1,128.4,50.2,6.23,7.4,0.883,24,2,93.6,23.0,26.2,1.0,0.42805,0.35851,0.8422,0.88326,0.94,0.9,0.87273,0.05714,0.0374,0.31181,0,0,0,1
Patan,1,4.3,2.5,2.01,6.0,0.464,70,1,67.9,59.9,26.6,0.0,0.01425,0.01799,0.33545,0.46441,0.825,0.95,0.35797,0.02857,0.49898,0.33172,0,0,0,0
Jamnagar,1,13.6,0.7,3.0,6.5,0.709,20,2,79.5,10.6,28.0,1.0,0.04528,0.00485,0.46089,0.70857,0.95,0.9,0.59004,0.05714,0,0.39934,0,0,0,0
Porbandar,1,21.3,2.4,3.26,6.2,0.652,8,1,83.4,2.9,29.5,1.0,0.07095,0.01709,0.52547,0.65215,0.98,0.95,0.6678,0.02857,0,0.47614,0,0,0,0
Surat,1,32.9,3.8,6.13,9.4,0.826,13,1,80.4,32.2,31.3,1.0,0.10966,0.0271,0.65247,0.82603,0.9675,0.95,0.60723,0.02857,0.15271,0.5638,0,0,1,0
Patan,0,6.6,1.2,2.73,6.0,0.158,70,1,49.1,39.9,32.7,0.0,0.02197,0.0083,0.45526,0.1577,0.825,0.95,0,0.02857,0.24832,0.63685,0,0,0,0
Navsari,0,5.9,3.0,2.89,7.3,0.49,11,1,58.0,36.5,30.6,1.0,0.01972,0.0211,0.39531,0.4896,0.9725,0.95,0.1605,0.02857,0.20624,0.5311,0,0,0,0
Jamnagar,1,56.0,14.6,3.44,6.5,0.604,20,2,64.8,40.3,25.3,1.0,0.18677,0.10439,0.52937,0.60352,0.95,0.9,0.29671,0.05714,0.2537,0.26728,0,0,0,0
Patan,1,36.3,7.7,2.51,6.0,0.563,70,1,93.7,29.2,25.2,0.0,0.12102,0.05471,0.41804,0.56265,0.825,0.95,0.87351,0.02857,0.11455,0.26095,0,0,0,0
Dang,1,30.9,9.8,5.07,6.4,0.928,975,27,79.3,21.0,28.1,0.0,0.10302,0.07027,0.79187,0.92846,0,0,0.58632,0.77143,0.01238,0.40614,0,1,0,0
Bhavnagar,0,7.0,3.1,2.32,7.4,0.334,24,2,62.4,26.3,33.2,1.0,0.02328,0.02179,0.31319,0.33357,0.94,0.9,0.24715,0.05714,0.07858,0.65945,0,0,1,0
Jamnagar,0,10.3,1.4,2.86,6.5,0.292,20,2,57.1,64.0,31.6,1.0,0.03426,0.01008,0.43962,0.2923,0.95,0.9,0.14281,0.05714,0.55032,0.58074,0,0,1,0
Dang,0,9.3,7.9,3.25,6.4,0.638,975,27,52.3,14.4,32.2,0.0,0.03112,0.05667,0.50703,0.63838,0,0,0.04561,0.77143,0,0.60957,0,0,0,0
Vadodara,1,71.4,37.8,4.73,8.0,0.784,39,2,93.2,18.4,27.1,0.0,0.2379,0.2697,0.59071,0.7836,0.9025,0.9,0.86305,0.05714,0,0.35531,0,0,0,0
Bhavnagar,1,46.5,21.1,4.65,7.4,0.83,24,2,78.6,2,22.7,1.0,0.15507,0.15039,0.62792,0.82961,0.94,0.9,0.57212,0.05714,0,0.13444,0,0,0,0
Jamnagar,1,24.0,16.0,3.0,6.5,0.694,20,2,81.3,12.7,28.3,1.0,0.07995,0.11444,0.46165,0.6936,0.95,0.9,0.62612,0.05714,0,0.41707,0,0,0,0
Jamnagar,0,2.7,1.0,1.72,6.5,0.347,20,2,48.0,7.0,34.1,1.0,0.00903,0.00743,0.26489,0.34712,0.95,0.9,0,0.05714,0,0.70716,0,0,0,0
Patan,1,8.3,5.3,3.35,6.0,0.548,70,1,78.8,19.2,26.3,0.0,0.02766,0.03784,0.55851,0.54835,0.825,0.95,0.57532,0.02857,0,0.31724,0,0,0,0
Dang,1,7.0,2.0,4.34,6.4,0.966,975,27,70.3,12.3,29.2,0.0,0.02336,0.01452,0.67755,0.96564,0,0,0.40558,0.77143,0,0.45977,1,0,0,1
Bhavnagar,0,5.3,2.2,3.89,7.4,0.328,24,2,51.1,2.8,36.4,1.0,0.01756,0.01586,0.52575,0.32758,0.94,0.9,0.02239,0.05714,0,0.82167,0,0,0,0
Surat,0,13.6,4.1,4.82,9.4,0.546,13,1,43.1,13.6,35.1,1.0,0.04536,0.02894,0.51268,0.54585,0.9675,0.95,0,0.02857,0,0.75349,0,0,0,0
Ahmedabad,1,32.5,13.7,4.83,8.5,0.84,53,2,70.7,19.8,26.5,0.0,0.10823,0.09821,0.56882,0.8405,0.8675,0.9,0.41486,0.05714,0,0.3258,0,0,0,0
Rajkot,0,1.9,0.4,3.22,7.2,0.254,134,3,58.5,6.7,36.3,0.0,0.00637,0.00256,0.44773,0.2542,0.665,0.85,0.17036,0.08571,0,0.81277,0,0,0,0
Porbandar,0,4.0,2.5,2.62,6.2,0.414,8,1,50.3,10.7,31.0,1.0,0.0134,0.01787,0.42259,0.41376,0.98,0.95,0.00553,0.02857,0,0.55155,0,0,0,0
Bhavnagar,0,4.5,2.2,2.69,7.4,0.38,24,2,53.2,19.9,31.2,1.0,0.01512,0.01549,0.36319,0.37978,0.94,0.9,0.06427,0.05714,0,0.56035,0,0,0,0
Surat,1,47.6,23.6,7.09,9.4,0.948,13,1,79.1,33.8,26.1,1.0,0.15856,0.16827,0.75446,0.9479,0.9675,0.95,0.58208,0.02857,0.17212,0.30695,1,0,0,0
Ahmedabad,1,11.0,5.6,4.6,8.5,0.73,53,2,92.3,6.6,25.5,0.0,0.03652,0.03992,0.54101,0.73016,0.8675,0.9,0.84558,0.05714,0,0.27732,0,0,0,1
Bhavnagar,1,55.2,33.2,4.61,7.4,0.756,24,2,83.3,6.3,26.7,1.0,0.18406,0.23721,0.62315,0.75645,0.94,0.9,0.66569,0.05714,0,0.33267,0,0,0,0
Ahmedabad,1,13.3,5.8,4.48,8.5,0.712,53,2,83.6,19.0,24.9,0.0,0.04437,0.04138,0.52724,0.71177,0.8675,0.9,0.67278,0.05714,0,0.24663,0,0,0,0
Porbandar,1,27.7,14.3,3.47,6.2,0.668,8,1,80.5,2.7,25.4,1.0,0.09244,0.10244,0.55918,0.66781,0.98,0.95,0.60954,0.02857,0,0.26814,0,0,0,0
Patan,1,11.6,4.0,2.81,6.0,0.534,70,1,78.7,24.4,30.3,0.0,0.03862,0.02869,0.46875,0.5338,0.825,0.95,0.57488,0.02857,0.0552,0.5168,0,0,0,0
Ahmedabad,1,31.8,13.7,5.42,8.5,0.84,53,2,72.1,21.4,26.5,0.0,0.10616,0.09757,0.63719,0.83968,0.8675,0.9,0.44161,0.05714,0.01706,0.32444,0,0,0,0
Vadodara,1,24.1,15.9,4.66,8.0,0.717,39,2,89.4,9.0,25.1,0.0,0.08031,0.11377,0.58218,0.71689,0.9025,0.9,0.78761,0.05714,0,0.2547,1,0,0,0
Ahmedabad,0,6.3,1.3,3.14,8.5,0.415,53,2,57.1,19.7,32.2,0.0,0.02095,0.00952,0.36916,0.41456,0.8675,0.9,0.14199,0.05714,0,0.61152,0,0,0,0
Rajkot,1,88.4,17.1,4.65,7.2,0.581,134,3,76.8,15.0,26.3,0.0,0.29451,0.12229,0.64641,0.58092,0.665,0.85,0.53645,0.08571,0,0.31714,0,0,0,0
Bhuj,1,20.4,1.3,2.13,5.8,0.441,110,4,81.6,53.3,27.4,1.0,0.0679,0.00926,0.36751,0.44097,0.725,0.8,0.63278,0.11429,0.41586,0.37188,0,0,1,0
Valsad,1,68.0,35.7,4.64,7.0,0.895,12,2,86.4,13.9,23.9,1.0,0.22673,0.25517,0.66267,0.89496,0.97,0.9,0.72773,0.05714,0,0.19398,0,0,0,0
Vadodara,1,16.8,8.1,4.52,8.0,0.784,39,2,78.4,58.7,26.6,0.0,0.05598,0.05803,0.56496,0.7839,0.9025,0.9,0.56823,0.05714,0.48435,0.33159,0,0,1,0
Valsad,0,4.2,2.1,1.86,7.0,0.505,12,2,52.2,4.9,34.6,1.0,0.01398,0.01486,0.26504,0.5046,0.97,0.9,0.04348,0.05714,0,0.73032,0,0,1,0
Vadodara,1,29.1,14.0,4.73,8.0,0.713,39,2,87.0,13.8,30.8,0.0,0.0969,0.09983,0.59084,0.71332,0.9025,0.9,0.74078,0.05714,0,0.54173,0,0,0,0
Jamnagar,1,79.8,9.1,5.12,6.5,0.655,20,2,83.2,46.5,23.4,1.0,0.26615,0.06493,0.78704,0.65509,0.95,0.9,0.66388,0.05714,0.33141,0.1678,1,0,0,0
Patan,0,5.1,2.3,2.56,6.0,0.301,70,1,39.6,8.2,29.5,0.0,0.01717,0.01628,0.42742,0.3011,0.825,0.95,0,0.02857,0,0.47384,0,0,0,0
Valsad,0,18.6,2.5,4.3,7.0,0.593,12,2,57.1,40.0,35.8,1.0,0.06214,0.01789,0.61479,0.59251,0.97,0.9,0.14293,0.05714,0.25053,0.78863,1,0,0,0
Surat,0,10.5,7.4,4.27,9.4,0.56,13,1,55.4,24.5,30.2,1.0,0.03504,0.05253,0.45463,0.55963,0.9675,0.95,0.10789,0.02857,0.05575,0.51092,0,0,0,0
Bhavnagar,0,5.9,3.4,3.22,7.4,0.276,24,2,48.3,57.9,31.3,1.0,0.01964,0.02437,0.4345,0.27561,0.94,0.9,0,0.05714,0.47352,0.56334,0,0,0,0
Rajkot,1,39.2,8.2,3.03,7.2,0.625,134,3,71.0,7.0,24.8,0.0,0.13058,0.05867,0.42083,0.62504,0.665,0.85,0.41973,0.08571,0,0.23865,0,0,0,0
Porbandar,0,2.9,1.1,2.02,6.2,0.335,8,1,51.5,7.5,33.4,1.0,0.00975,0.00773,0.32525,0.33463,0.98,0.95,0.02916,0.02857,0,0.66818,0,0,0,0
Navsari,0,0.5,0.2,3.17,7.3,0.55,11,1,62.0,35.9,29.7,1.0,0.00171,0.00112,0.43436,0.55026,0.9725,0.95,0.23983,0.02857,0.19813,0.48345,0,0,0,0
Patan,0,2.0,0.4,2.12,6.0,0.162,70,1,44.1,16.8,33.4,0.0,0.00659,0.00312,0.35343,0.16154,0.825,0.95,0,0.02857,0,0.66963,0,0,0,0
Bhuj,1,6.8,5.0,1.82,5.8,0.399,110,4,65.6,28.8,27.1,1.0,0.02278,0.03571,0.31453,0.39885,0.725,0.8,0.31248,0.11429,0.10972,0.35584,0,0,0,0
Rajkot,0,9.2,1.1,2.83,7.2,0.272,134,3,56.1,18.4,27.0,0.0,0.03064,0.0075,0.39243,0.27207,0.665,0.85,0.12161,0.08571,0,0.34967,0,0,0,0
Jamnagar,1,31.0,7.2,3.57,6.5,0.627,20,2,74.7,14.3,24.1,1.0,0.10326,0.05127,0.54891,0.62732,0.95,0.9,0.49369,0.05714,0,0.20621,0,0,0,0
Bhavnagar,1,30.9,8.7,3.67,7.4,0.751,24,2,78.7,70.3,27.7,1.0,0.10301,0.06238,0.49608,0.75083,0.94,0.9,0.57453,0.05714,0.62857,0.38413,0,0,1,0
Rajkot,0,5.8,2.6,2.42,7.2,0.242,134,3,50.6,8.2,32.9,0.0,0.01929,0.0186,0.33626,0.24242,0.665,0.85,0.01291,0.08571,0,0.64556,0,0,0,0
Patan,1,67.4,34.3,3.18,6.0,0.531,70,1,78.3,19.6,22.2,0.0,0.22472,0.2451,0.53062,0.53132,0.825,0.95,0.56549,0.02857,0,0.10941,1,1,0,0
Ahmedabad,0,5.8,4.5,3.44,8.5,0.471,53,2,43.8,18.7,33.8,0.0,0.01946,0.03214,0.40519,0.47081,0.8675,0.9,0,0.05714,0,0.69196,1,0,0,0
Bhavnagar,1,32.7,7.8,4.04,7.4,0.805,24,2,86.6,18.2,26.1,1.0,0.10907,0.0555,0.54558,0.80549,0.94,0.9,0.73267,0.05714,0,0.30561,0,0,0,1
Porbandar,1,81.9,51.0,4.19,6.2,0.751,8,1,82.8,2,27.1,1.0,0.27287,0.3646,0.67637,0.75135,0.98,0.95,0.65641,0.02857,0,0.35376,1,0,0,1
Navsari,1,61.2,15.3,5.16,7.3,0.89,11,1,79.8,19.9,23.8,1.0,0.20393,0.10931,0.70705,0.88972,0.9725,0.95,0.59621,0.02857,0,0.18924,0,0,0,0
Bhuj,0,2.2,0.6,1.81,5.8,0.124,110,4,60.5,5.6,29.4,1.0,0.00727,0.00424,0.31235,0.12443,0.725,0.8,0.21065,0.11429,0,0.47197,0,0,0,0
Valsad,1,68.4,10.8,5.4,7.0,0.991,12,2,83.8,55.4,31.5,1.0,0.22787,0.07691,0.7711,0.99131,0.97,0.9,0.67669,0.05714,0.44277,0.57379,0,1,0,0
Porbandar,1,7.8,0.8,3.26,6.2,0.762,8,1,70.0,4.7,27.4,1.0,0.02598,0.00574,0.52611,0.76215,0.98,0.95,0.39933,0.02857,0,0.37104,0,0,1,0
Bhavnagar,1,21.3,1.7,3.15,7.4,0.704,24,2,70.5,4.2,28.2,1.0,0.07093,0.01228,0.42621,0.70427,0.94,0.9,0.40906,0.05714,0,0.41029,0,0,0,0
Jamnagar,1,6.7,5.7,3.51,6.5,0.606,20,2,84.6,3.9,27.5,1.0,0.02227,0.04056,0.53926,0.60629,0.95,0.9,0.69262,0.05714,0,0.37639,0,0,0,0
Rajkot,1,46.6,25.7,4.33,7.2,0.447,134,3,84.4,2.8,26.9,0.0,0.15519,0.1836,0.60108,0.44702,0.665,0.85,0.68872,0.08571,0,0.34354,0,0,0,0
Navsari,1,46.3,33.8,4.03,7.3,0.883,11,1,82.5,21.1,23.4,1.0,0.15442,0.24157,0.55223,0.88326,0.9725,0.95,0.65049,0.02857,0.01337,0.16971,0,0,0,0
Porbandar,0,7.3,3.0,1.84,6.2,0.36,8,1,60.9,53.7,31.1,1.0,0.02424,0.02142,0.29732,0.35986,0.98,0.95,0.21773,0.02857,0.42164,0.55688,0,0,1,0
Surat,0,2.5,1.2,4.54,9.4,0.616,13,1,54.1,4.7,36.0,1.0,0.00838,0.00844,0.48339,0.6164,0.9675,0.95,0.08282,0.02857,0,0.79997,0,0,0,0
Vadodara,0,12.1,4.6,3.28,8.0,0.364,39,2,46.9,27.5,31.6,0.0,0.04031,0.03289,0.40962,0.36404,0.9025,0.9,0,0.05714,0.09416,0.57974,0,0,0,0
Dang,1,170.2,84.4,5.62,6.4,1.0,975,27,90.2,2.1,25.6,0.0,0.56733,0.60252,0.87793,1.0,0,0,0.80479,0.77143,0,0.27929,0,0,0,0
Navsari,1,40.0,16.4,5.41,7.3,0.9,11,1,88.9,25.1,28.9,1.0,0.13324,0.11705,0.74138,0.89956,0.9725,0.95,0.77729,0.02857,0.06368,0.44474,0,0,0,0
Bhavnagar,0,5.7,3.6,3.15,7.4,0.471,24,2,56.7,15.2,35.8,1.0,0.01891,0.02541,0.42579,0.47071,0.94,0.9,0.1331,0.05714,0,0.79,0,0,0,0
Porbandar,1,43.2,30.1,3.47,6.2,0.748,8,1,84.1,33.5,23.8,1.0,0.14395,0.21513,0.55984,0.74837,0.98,0.95,0.68149,0.02857,0.16921,0.1888,0,0,1,0
Navsari,0,8.4,5.7,3.9,7.3,0.585,11,1,61.6,51.5,35.6,1.0,0.02797,0.04099,0.53374,0.58545,0.9725,0.95,0.23174,0.02857,0.3937,0.78081,0,0,0,0
Rajkot,0,1.8,0.6,1.79,7.2,0.314,134,3,47.9,16.4,31.7,0.0,0.00598,0.00415,0.2491,0.31366,0.665,0.85,0,0.08571,0,0.58617,0,0,0,0
Jamnagar,1,7.8,4.0,3.07,6.5,0.737,20,2,70.5,12.9,27.3,1.0,0.02595,0.02886,0.47306,0.73746,0.95,0.9,0.40986,0.05714,0,0.36368,0,0,1,0
Vadodara,1,7.3,2.6,3.75,8.0,0.638,39,2,89.2,42.7,26.5,0.0,0.02439,0.01864,0.46833,0.63802,0.9025,0.9,0.78371,0.05714,0.28413,0.32513,0,0,0,0
Jamnagar,1,36.8,22.4,2.68,6.5,0.643,20,2,81.4,6.1,28.3,1.0,0.12266,0.15988,0.41245,0.64266,0.95,0.9,0.62878,0.05714,0,0.41297,0,0,0,0
Jamnagar,1,24.8,15.0,3.32,6.5,0.619,20,2,73.0,7.4,27.4,1.0,0.08259,0.10747,0.51129,0.61947,0.95,0.9,0.45906,0.05714,0,0.36807,0,0,1,0
Bhuj,1,9.5,4.0,2.35,5.8,0.501,110,4,80.8,14.6,30.2,1.0,0.03164,0.02832,0.40524,0.50108,0.725,0.8,0.61527,0.11429,0,0.51059,1,0,0,1
Patan,1,12.8,5.0,3.24,6.0,0.49,70,1,74.0,34.9,29.4,0.0,0.0427,0.03548,0.5408,0.49017,0.825,0.95,0.481,0.02857,0.18684,0.47188,0,0,0,0
Valsad,1,37.5,13.6,5.13,7.0,0.984,12,2,82.9,7.6,23.7,1.0,0.12512,0.0969,0.73326,0.98375,0.97,0.9,0.6574,0.05714,0,0.18431,1,0,0,1
Navsari,1,126.9,80.7,6.62,7.3,0.977,11,1,86.4,16.9,24.7,1.0,0.42295,0.57678,0.90683,0.97685,0.9725,0.95,0.72797,0.02857,0,0.23451,1,0,0,1
Porbandar,1,35.6,23.2,3.85,6.2,0.666,8,1,77.8,11.9,25.9,1.0,0.1185,0.16563,0.6202,0.666,0.98,0.95,0.55514,0.02857,0,0.29685,0,0,0,0
Valsad,1,14.2,1.1,4.02,7.0,0.904,12,2,79.8,9.7,27.6,1.0,0.0474,0.00762,0.57431,0.90372,0.97,0.9,0.59516,0.05714,0,0.37777,1,0,0,0
Valsad,1,6.5,4.1,2.66,7.0,0.81,12,2,72.8,109.9,29.6,1.0,0.02155,0.02951,0.38035,0.81032,0.97,0.9,0.45546,0.05714,1,0.47903,0,0,1,0
Rajkot,1,9.4,6.3,3.95,7.2,0.597,134,3,79.6,14.1,26.4,0.0,0.03126,0.04467,0.54881,0.5969,0.665,0.85,0.59129,0.08571,0,0.31767,0,0,0,0
Bhuj,1,23.3,7.7,2.89,5.8,0.543,110,4,76.2,30.9,24.5,1.0,0.07765,0.05523,0.49904,0.54315,0.725,0.8,0.52374,0.11429,0.13661,0.22583,0,0,0,0
Dang,1,13.6,9.2,3.44,6.4,0.878,975,27,81.0,16.0,32.7,0.0,0.04548,0.06568,0.53721,0.87802,0,0,0.62013,0.77143,0,0.63466,0,0,0,0
Valsad,1,21.6,7.4,3.32,7.0,0.872,12,2,73.8,2,25.5,1.0,0.072,0.05254,0.47364,0.87223,0.97,0.9,0.47543,0.05714,0,0.27308,1,0,0,0
Rajkot,0,4.1,0.4,2.9,7.2,0.358,134,3,47.4,5.6,34.1,0.0,0.01361,0.0025,0.40276,0.35752,0.665,0.85,0,0.08571,0,0.70338,0,0,0,0
Dang,0,1.5,0.4,3.35,6.4,0.556,975,27,44.6,6.8,33.2,0.0,0.00498,0.00268,0.52395,0.55579,0,0,0,0.77143,0,0.65922,0,0,0,0
Patan,1,39.2,32.6,3.02,6.0,0.619,70,1,82.7,39.6,27.3,0.0,0.13069,0.23288,0.503,0.61945,0.825,0.95,0.65445,0.02857,0.24438,0.36674,1,0,0,0
Surat,0,8.6,2.4,4.06,9.4,0.505,13,1,43.4,17.8,31.8,1.0,0.02854,0.01711,0.43161,0.50505,0.9675,0.95,0,0.02857,0,0.59236,0,0,0,0
Valsad,1,40.9,31.7,4.54,7.0,1.0,12,2,80.1,17.2,30.7,1.0,0.13648,0.22658,0.64846,1.0,0.97,0.9,0.60288,0.05714,0,0.535,1,0,1,0
Rajkot,1,12.2,7.3,3.3,7.2,0.643,134,3,69.8,10.7,23.2,0.0,0.04061,0.05193,0.45781,0.64308,0.665,0.85,0.3953,0.08571,0,0.15819,0,0,0,0
Valsad,1,19.7,8.9,4.51,7.0,1.0,12,2,84.6,9.8,25.0,1.0,0.06561,0.06326,0.64373,1.0,0.97,0.9,0.69275,0.05714,0,0.24979,0,0,0,0
Bhuj,0,2.3,0.7,2.79,5.8,0.131,110,4,61.2,36.5,32.9,1.0,0.00781,0.00497,0.48139,0.13142,0.725,0.8,0.22499,0.11429,0.20644,0.64345,0,0,0,0
Navsari,1,45.4,13.7,4.34,7.3,0.801,11,1,86.4,12.4,25.1,1.0,0.15139,0.09785,0.59411,0.80087,0.9725,0.95,0.72843,0.02857,0,0.25438,0,0,0,0
Surat,1,76.9,65.3,5.57,9.4,0.922,13,1,81.6,12.2,22.4,1.0,0.25625,0.46675,0.59293,0.92167,0.9675,0.95,0.63174,0.02857,0,0.12054,1,0,0,0
Bhuj,1,11.9,5.8,2.7,5.8,0.427,110,4,96.0,14.2,35.8,1.0,0.03981,0.04108,0.46613,0.42687,0.725,0.8,0.9197,0.11429,0,0.79131,0,0,0,0
Navsari,1,103.7,49.8,5.73,7.3,1.0,11,1,84.4,19.0,29.1,1.0,0.34577,0.35559,0.78529,1.0,0.9725,0.95,0.68779,0.02857,0,0.45471,1,0,0,1
Bhuj,1,10.3,8.1,2.63,5.8,0.39,110,4,73.8,8.9,27.8,1.0,0.03437,0.05813,0.45289,0.39007,0.725,0.8,0.47569,0.11429,0,0.39085,0,0,1,0
Navsari,1,70.6,14.9,4.94,7.3,0.937,11,1,84.6,10.9,24.1,1.0,0.23524,0.10608,0.67686,0.93744,0.9725,0.95,0.69216,0.02857,0,0.20492,1,0,0,0
Rajkot,1,2.5,1.8,2.84,7.2,0.594,134,3,69.8,11.4,26.5,0.0,0.00826,0.01288,0.3945,0.5939,0.665,0.85,0.39667,0.08571,0,0.32474,0,0,0,0
Porbandar,0,0.7,0.2,2.54,6.2,0.407,8,1,47.4,29.1,36.8,1.0,0.00229,0.00153,0.40919,0.40651,0.98,0.95,0,0.02857,0.11398,0.84093,0,0,0,0
Surat,1,37.8,8.0,5.47,9.4,0.868,13,1,70.5,23.3,26.7,1.0,0.12616,0.05716,0.58194,0.86756,0.9675,0.95,0.41095,0.02857,0.0413,0.33749,1,0,0,0
Rajkot,1,18.1,12.1,3.41,7.2,0.735,134,3,78.5,16.4,30.1,0.0,0.06019,0.08673,0.4735,0.73473,0.665,0.85,0.56957,0.08571,0,0.50626,0,0,0,0
Patan,0,3.0,1.3,2.21,6.0,0.124,70,1,45.8,38.0,32.7,0.0,0.01008,0.00949,0.36868,0.1237,0.825,0.95,0,0.02857,0.22548,0.63713,0,0,0,0
Bhuj,1,8.3,3.0,2.5,5.8,0.446,110,4,78.6,69.2,30.8,1.0,0.0276,0.02153,0.43131,0.44616,0.725,0.8,0.57263,0.11429,0.61502,0.54128,0,0,0,0
Jamnagar,0,2.1,0.7,3.05,6.5,0.296,20,2,48.7,3.0,35.6,1.0,0.00716,0.00505,0.46847,0.29554,0.95,0.9,0,0.05714,0,0.77901,0,0,0,0
Valsad,1,84.4,37.8,5.74,7.0,1.0,12,2,87.3,12.2,23.1,1.0,0.28128,0.27019,0.82,1.0,0.97,0.9,0.7452,0.05714,0,0.15279,1,0,0,0
Ahmedabad,1,28.9,11.6,4.29,8.5,0.818,53,2,86.3,30.6,30.2,0.0,0.09628,0.08295,0.50432,0.81848,0.8675,0.9,0.72574,0.05714,0.13254,0.51107,0,0,0,0
Jamnagar,1,73.6,46.1,4.61,6.5,0.655,20,2,82.5,71.8,26.9,1.0,0.24536,0.32963,0.70908,0.65513,0.95,0.9,0.64961,0.05714,0.64705,0.34311,0,0,0,1
Navsari,0,4.8,2.5,3.55,7.3,0.557,11,1,59.2,36.8,35.1,1.0,0.01613,0.0175,0.48691,0.55697,0.9725,0.95,0.18375,0.02857,0.21007,0.75305,0,0,0,0
Vadodara,1,15.4,9.2,3.83,8.0,0.707,39,2,78.0,8.9,27.8,0.0,0.05146,0.06573,0.47822,0.70734,0.9025,0.9,0.55976,0.05714,0,0.39143,0,0,0,0
Rajkot,1,11.6,5.2,3.51,7.2,0.498,134,3,72.8,15.3,26.6,0.0,0.0387,0.03716,0.48763,0.49772,0.665,0.85,0.45528,0.08571,0,0.32993,0,0,0,0
Porbandar,0,4.8,3.1,2.71,6.2,0.261,8,1,54.9,7.4,32.4,1.0,0.01596,0.02244,0.43647,0.26086,0.98,0.95,0.09818,0.02857,0,0.62151,0,0,0,0
Valsad,1,10.7,3.1,4.57,7.0,0.97,12,2,72.7,10.7,27.1,1.0,0.03566,0.02198,0.65314,0.97021,0.97,0.9,0.45386,0.05714,0,0.35457,0,0,0,0
Bhuj,1,7.3,2.6,2.74,5.8,0.497,110,4,87.2,7.3,27.0,1.0,0.02418,0.01878,0.47288,0.4968,0.725,0.8,0.74426,0.11429,0,0.35147,0,0,0,0
Dang,1,40.5,12.9,4.35,6.4,1.0,975,27,85.1,14.2,26.8,0.0,0.13492,0.09225,0.67934,1.0,0,0,0.70192,0.77143,0,0.3417,0,0,0,1
Porbandar,1,63.9,33.9,3.86,6.2,0.655,8,1,75.7,23.9,23.5,1.0,0.21287,0.24187,0.62261,0.65547,0.98,0.95,0.5131,0.02857,0.04924,0.1766,0,0,0,0
Bhavnagar,0,0.0,0.0,2.38,7.4,0.364,24,2,47.1,5.9,31.1,1.0,0.00011,9e-05,0.32147,0.36389,0.94,0.9,0,0.05714,0,0.55446,0,0,0,0
Bhavnagar,0,3.3,1.4,2.64,7.4,0.286,24,2,56.9,15.9,34.0,1.0,0.0111,0.01022,0.35686,0.28611,0.94,0.9,0.13847,0.05714,0,0.69867,1,0,0,0
Vadodara,1,71.4,33.3,6.52,8.0,0.818,39,2,81.9,24.3,28.6,0.0,0.23803,0.23798,0.81493,0.81831,0.9025,0.9,0.63896,0.05714,0.05431,0.43217,1,0,0,1
Surat,1,47.4,14.9,5.79,9.4,0.869,13,1,77.7,23.8,27.9,1.0,0.15789,0.10677,0.6156,0.86948,0.9675,0.95,0.5546,0.02857,0.04773,0.39339,0,0,0,0
Valsad,0,6.5,1.7,2.54,7.0,0.531,12,2,56.4,25.0,32.3,1.0,0.02171,0.01236,0.36234,0.53123,0.97,0.9,0.12813,0.05714,0.06263,0.61668,0,0,0,0
Surat,1,54.8,14.8,6.62,9.4,0.995,13,1,88.4,6.3,25.3,1.0,0.18253,0.10564,0.70453,0.99547,0.9675,0.95,0.76844,0.02857,0,0.26576,0,0,0,0
Patan,0,5.9,3.1,2.79,6.0,0.152,70,1,35.5,13.7,32.3,0.0,0.01958,0.02244,0.46548,0.15166,0.825,0.95,0,0.02857,0,0.61368,0,0,0,0
Bhavnagar,0,7.5,0.4,2.55,7.4,0.318,24,2,56.2,59.3,29.4,1.0,0.02484,0.00266,0.34395,0.31848,0.94,0.9,0.12385,0.05714,0.49063,0.47166,0,0,1,0
Jamnagar,0,8.0,3.2,2.26,6.5,0.291,20,2,57.4,45.2,30.5,1.0,0.02662,0.0225,0.3484,0.29143,0.95,0.9,0.14883,0.05714,0.31476,0.52578,0,0,0,0
Valsad,0,3.2,1.2,3.9,7.0,0.55,12,2,52.7,8.5,35.1,1.0,0.01079,0.00888,0.55646,0.54953,0.97,0.9,0.05311,0.05714,0,0.75701,0,0,0,0
Porbandar,1,23.5,14.5,4.02,6.2,0.662,8,1,75.4,15.9,27.7,1.0,0.07825,0.10327,0.64831,0.66167,0.98,0.95,0.50738,0.02857,0,0.38418,0,0,0,0
Valsad,1,15.6,8.8,3.67,7.0,0.755,12,2,71.9,7.0,29.0,1.0,0.05206,0.06317,0.52363,0.7551,0.97,0.9,0.43824,0.05714,0,0.44787,0,1,0,0
Bhavnagar,1,32.3,11.1,4.47,7.4,0.634,24,2,89.4,6.1,26.9,1.0,0.10778,0.07925,0.60413,0.63374,0.94,0.9,0.78757,0.05714,0,0.34618,0,0,0,0
Rajkot,1,19.0,8.4,3.74,7.2,0.634,134,3,88.4,15.6,30.2,0.0,0.06327,0.06009,0.51903,0.63394,0.665,0.85,0.7678,0.08571,0,0.50785,0,0,0,0
Valsad,0,37.3,22.0,4.04,7.0,0.666,12,2,54.9,25.4,30.7,1.0,0.12446,0.15692,0.57649,0.66577,0.97,0.9,0.09863,0.05714,0.06727,0.5352,0,0,0,0
Porbandar,1,17.9,4.2,3.97,6.2,0.752,8,1,78.9,4.1,27.7,1.0,0.05968,0.02996,0.64031,0.75225,0.98,0.95,0.57716,0.02857,0,0.38421,0,0,0,0
Bhavnagar,0,4.0,1.2,2.47,7.4,0.386,24,2,63.4,14.5,33.8,1.0,0.01323,0.00845,0.33312,0.38563,0.94,0.9,0.26716,0.05714,0,0.69055,0,0,0,0
Porbandar,0,10.3,8.2,2.65,6.2,0.293,8,1,41.2,21.5,27.9,1.0,0.0342,0.05841,0.42816,0.29259,0.98,0.95,0,0.02857,0.01831,0.39562,0,0,0,0
Dang,0,7.1,2.2,3.06,6.4,0.581,975,27,43.5,2.4,31.5,0.0,0.02358,0.01589,0.47864,0.58139,0,0,0,0.77143,0,0.57329,0,0,0,0
Ahmedabad,1,40.7,18.7,5.33,8.5,0.862,53,2,70.6,21.9,28.2,0.0,0.13581,0.1338,0.62742,0.86221,0.8675,0.9,0.41222,0.05714,0.02313,0.40772,0,0,0,0
Dang,1,58.6,19.8,4.11,6.4,0.962,975,27,73.4,5.5,26.5,0.0,0.19543,0.14174,0.64223,0.9618,0,0,0.46887,0.77143,0,0.3236,0,1,0,1
Rajkot,1,20.5,5.7,2.7,7.2,0.627,134,3,83.9,19.3,24.3,0.0,0.06843,0.04043,0.37565,0.62724,0.665,0.85,0.67849,0.08571,0,0.21373,0,0,0,0
Jamnagar,1,24.5,15.6,3.79,6.5,0.682,20,2,67.4,19.5,25.2,1.0,0.08181,0.11129,0.58302,0.68227,0.95,0.9,0.34772,0.05714,0,0.25851,0,0,0,0
Rajkot,1,6.9,2.3,3.43,7.2,0.62,134,3,71.6,12.1,24.0,0.0,0.02303,0.01608,0.47655,0.62006,0.665,0.85,0.433,0.08571,0,0.19928,0,0,0,0
Bhavnagar,1,0.4,0.1,2.72,7.4,0.658,24,2,76.3,3.8,25.7,1.0,0.00128,0.00105,0.36733,0.65804,0.94,0.9,0.52511,0.05714,0,0.28654,0,0,0,0
Bhavnagar,0,4.7,0.9,2.84,7.4,0.257,24,2,50.7,5.7,34.5,1.0,0.01562,0.00631,0.38441,0.25734,0.94,0.9,0.01391,0.05714,0,0.72397,0,0,0,0
Bhuj,1,29.7,9.4,2.42,5.8,0.617,110,4,71.8,9.1,26.7,1.0,0.099,0.06743,0.41671,0.61749,0.725,0.8,0.43586,0.11429,0,0.33674,0,0,0,0
Rajkot,0,10.6,6.5,3.18,7.2,0.243,134,3,55.9,6.9,34.2,0.0,0.03532,0.04656,0.44178,0.24304,0.665,0.85,0.11896,0.08571,0,0.7123,0,0,0,0
Jamnagar,1,12.7,3.2,3.33,6.5,0.576,20,2,81.6,37.7,27.7,1.0,0.04221,0.02295,0.51171,0.57554,0.95,0.9,0.63232,0.05714,0.22153,0.38702,0,0,0,0
Navsari,1,57.5,15.3,4.57,7.3,0.902,11,1,97.0,23.8,27.0,1.0,0.19167,0.10923,0.62572,0.90187,0.9725,0.95,0.94011,0.02857,0.04706,0.34869,0,0,0,0
Dang,1,56.5,27.3,4.34,6.4,0.899,975,27,83.0,16.5,24.6,0.0,0.18848,0.19492,0.67812,0.89901,0,0,0.6597,0.77143,0,0.23129,0,1,0,0
Dang,1,78.1,20.1,4.48,6.4,1.0,975,27,84.8,33.2,26.9,0.0,0.26037,0.14344,0.69975,1.0,0,0,0.69506,0.77143,0.16553,0.34311,0,0,0,0
Jamnagar,1,28.0,8.9,2.79,6.5,0.673,20,2,86.0,27.5,25.4,1.0,0.09328,0.06392,0.42859,0.67328,0.95,0.9,0.72064,0.05714,0.09392,0.27229,0,0,0,0
Rajkot,1,29.7,14.7,3.55,7.2,0.586,134,3,79.3,5.1,27.0,0.0,0.09909,0.10492,0.49249,0.58601,0.665,0.85,0.58548,0.08571,0,0.3486,0,0,0,0
Ahmedabad,1,18.8,10.4,4.91,8.5,0.763,53,2,78.3,25.9,32.1,0.0,0.06272,0.07449,0.57751,0.7632,0.8675,0.9,0.5664,0.05714,0.0741,0.60439,1,0,0,0
Ahmedabad,1,40.2,19.3,5.13,8.5,0.896,53,2,86.4,15.1,25.1,0.0,0.1339,0.13814,0.60369,0.89603,0.8675,0.9,0.72749,0.05714,0,0.25602,1,0,0,0
Vadodara,1,26.6,6.4,3.94,8.0,0.64,39,2,70.4,5.9,22.0,0.0,0.08858,0.04581,0.4923,0.63953,0.9025,0.9,0.4074,0.05714,0,0.10045,0,0,0,0
Jamnagar,1,31.5,19.4,2.78,6.5,0.543,20,2,74.4,20.9,31.5,1.0,0.10509,0.13857,0.42811,0.54313,0.95,0.9,0.48898,0.05714,0.01084,0.57648,0,0,0,0
Bhuj,1,74.0,38.8,4.23,5.8,0.465,110,4,89.3,23.3,28.7,1.0,0.24681,0.27713,0.72849,0.46454,0.725,0.8,0.78526,0.11429,0.04084,0.43408,0,0,0,0
Patan,1,10.3,4.6,3.85,6.0,0.689,70,1,83.8,9.3,29.7,0.0,0.03428,0.03284,0.64234,0.68895,0.825,0.95,0.67581,0.02857,0,0.48688,0,0,0,0
Ahmedabad,1,49.5,28.1,5.21,8.5,0.801,53,2,78.2,26.8,26.4,0.0,0.16497,0.20056,0.61291,0.8008,0.8675,0.9,0.56303,0.05714,0.08481,0.31772,0,0,0,0
Bhuj,0,1.1,0.4,1.8,5.8,0.093,110,4,50.0,4.3,33.0,1.0,0.00351,0.00296,0.3095,0.09268,0.725,0.8,0,0.11429,0,0.65244,0,0,0,0
Jamnagar,1,99.9,48.1,3.81,6.5,0.68,20,2,82.2,3.8,21.5,1.0,0.33316,0.34355,0.5867,0.68046,0.95,0.9,0.64341,0.05714,0,0.07369,0,0,0,0
Dang,1,8.0,1.6,3.93,6.4,0.947,975,27,80.9,38.6,28.1,0.0,0.02663,0.01152,0.61465,0.94712,0,0,0.618,0.77143,0.23273,0.40452,0,0,0,0
Rajkot,0,4.5,1.5,1.96,7.2,0.209,134,3,48.1,6.6,32.1,0.0,0.01497,0.01047,0.27251,0.20919,0.665,0.85,0,0.08571,0,0.60506,0,0,0,0
Vadodara,1,3.5,1.8,3.54,8.0,0.648,39,2,71.9,17.1,24.8,0.0,0.01165,0.01269,0.44223,0.64814,0.9025,0.9,0.43722,0.05714,0,0.23813,0,0,0,0
Dang,1,31.2,14.7,3.46,6.4,1.0,975,27,86.9,10.3,24.0,0.0,0.10386,0.10495,0.5402,1.0,0,0,0.7376,0.77143,0,0.20053,0,1,0,1
Valsad,1,3.6,0.3,2.48,7.0,0.677,12,2,69.6,27.0,27.9,1.0,0.01199,0.00182,0.35428,0.67688,0.97,0.9,0.3926,0.05714,0.08787,0.39677,0,0,1,0
Dang,0,4.7,1.3,3.03,6.4,0.602,975,27,54.0,14.7,32.0,0.0,0.01566,0.00949,0.47402,0.60172,0,0,0.08014,0.77143,0,0.60053,0,0,1,0
Ahmedabad,0,0.7,0.5,2.77,8.5,0.364,53,2,55.1,21.6,34.1,0.0,0.00246,0.0033,0.32575,0.36433,0.8675,0.9,0.10243,0.05714,0.02031,0.70298,0,0,0,0
Patan,0,7.4,2.8,2.22,6.0,0.193,70,1,58.7,19.1,32.9,0.0,0.02473,0.01984,0.37042,0.1934,0.825,0.95,0.17377,0.02857,0,0.64703,0,0,0,0
Ahmedabad,0,13.0,2.8,3.41,8.5,0.422,53,2,63.0,14.2,34.0,0.0,0.0433,0.01992,0.40154,0.42191,0.8675,0.9,0.25927,0.05714,0,0.69944,0,0,0,0
Patan,1,44.2,21.7,3.36,6.0,0.525,70,1,77.0,4.6,25.6,0.0,0.14725,0.1547,0.55969,0.52506,0.825,0.95,0.54043,0.02857,0,0.2802,0,0,0,0
Rajkot,0,3.8,1.4,1.22,7.2,0.132,134,3,58.0,18.2,34.0,0.0,0.01279,0.0098,0.16914,0.1321,0.665,0.85,0.16038,0.08571,0,0.69912,0,0,0,0
Bhavnagar,1,15.9,10.0,3.67,7.4,0.708,24,2,77.3,29.8,29.3,1.0,0.05306,0.07157,0.49534,0.70792,0.94,0.9,0.54617,0.05714,0.12237,0.46314,1,0,0,0
Navsari,1,64.1,52.3,5.14,7.3,0.991,11,1,84.3,33.6,29.8,1.0,0.21371,0.37347,0.70362,0.99084,0.9725,0.95,0.68527,0.02857,0.16972,0.49099,0,0,0,0
Rajkot,1,1.9,0.8,3.24,7.2,0.527,134,3,79.6,10.2,28.7,0.0,0.00631,0.00596,0.44982,0.52693,0.665,0.85,0.59106,0.08571,0,0.43371,0,0,0,0
Ahmedabad,1,7.2,3.0,5.43,8.5,0.749,53,2,76.5,25.8,25.6,0.0,0.02414,0.02109,0.63874,0.74903,0.8675,0.9,0.53032,0.05714,0.07232,0.28173,0,0,0,0
Patan,0,4.1,0.6,2.66,6.0,0.297,70,1,54.4,3.1,29.0,0.0,0.01358,0.00422,0.44269,0.29712,0.825,0.95,0.08843,0.02857,0,0.45211,0,0,0,0
Navsari,1,51.2,16.2,5.16,7.3,0.847,11,1,76.1,18.0,30.3,1.0,0.17051,0.11588,0.7073,0.8472,0.9725,0.95,0.52286,0.02857,0,0.51349,1,0,0,0
Porbandar,0,0.3,0.1,2.64,6.2,0.403,8,1,52.0,43.2,31.3,1.0,0.00113,0.0007,0.42521,0.40338,0.98,0.95,0.03968,0.02857,0.29022,0.56596,1,0,0,0
Porbandar,1,24.7,3.6,3.47,6.2,0.618,8,1,78.7,37.1,25.3,1.0,0.0823,0.02542,0.55985,0.61782,0.98,0.95,0.57449,0.02857,0.21431,0.26288,1,0,0,0
Ahmedabad,1,132.7,23.7,6.97,8.5,0.797,53,2,81.5,5.6,28.0,0.0,0.44246,0.16903,0.82046,0.79654,0.8675,0.9,0.63069,0.05714,0,0.40003,1,1,0,0
Ahmedabad,1,59.6,21.2,5.63,8.5,0.805,53,2,80.3,9.3,24.2,0.0,0.19862,0.15136,0.66214,0.805,0.8675,0.9,0.60507,0.05714,0,0.21152,0,0,0,0
Navsari,0,16.6,8.4,3.94,7.3,0.562,11,1,76.1,5.6,31.2,1.0,0.0554,0.06021,0.53956,0.5618,0.9725,0.95,0.52279,0.02857,0,0.56125,0,0,0,0
Navsari,1,40.9,12.7,4.34,7.3,0.855,11,1,76.2,11.5,27.5,1.0,0.13639,0.09079,0.59413,0.85471,0.9725,0.95,0.52444,0.02857,0,0.37583,0,0,0,0
Porbandar,1,22.3,7.8,3.82,6.2,0.807,8,1,81.6,2,26.3,1.0,0.07423,0.05548,0.61625,0.80727,0.98,0.95,0.6324,0.02857,0,0.31597,0,0,0,0
Bhuj,0,3.0,0.5,2.0,5.8,0.02,110,4,42.0,52.3,30.8,1.0,0.00988,0.00334,0.34419,0.02,0.725,0.8,0,0.11429,0.40433,0.54122,0,0,0,0
Bhuj,1,16.9,4.4,2.53,5.8,0.54,110,4,78.2,21.3,27.1,1.0,0.05633,0.03122,0.43624,0.54043,0.725,0.8,0.56425,0.11429,0.01575,0.35623,0,0,0,0
Jamnagar,1,30.7,18.6,2.68,6.5,0.633,20,2,78.6,8.3,26.7,1.0,0.10222,0.13252,0.41282,0.63263,0.95,0.9,0.57215,0.05714,0,0.33309,0,0,0,0
Vadodara,0,2.3,1.0,4.32,8.0,0.411,39,2,53.3,20.2,32.6,0.0,0.00771,0.00721,0.54026,0.41065,0.9025,0.9,0.06679,0.05714,0.00302,0.63153,0,0,0,0
Bhuj,1,16.4,11.6,3.48,5.8,0.405,110,4,73.7,12.8,27.0,1.0,0.05461,0.08316,0.60038,0.40518,0.725,0.8,0.47363,0.11429,0,0.35014,0,0,0,0
Surat,0,7.5,5.5,4.29,9.4,0.471,13,1,36.5,14.5,32.4,1.0,0.02497,0.03917,0.45602,0.47134,0.9675,0.95,0,0.02857,0,0.61832,0,0,0,0
Patan,1,57.9,7.2,4.02,6.0,0.586,70,1,84.1,58.2,22.9,0.0,0.19288,0.05136,0.66942,0.58551,0.825,0.95,0.68226,0.02857,0.47721,0.14735,0,0,0,0
Surat,0,4.1,2.3,4.37,9.4,0.58,13,1,59.8,17.2,38.2,1.0,0.01369,0.01677,0.46542,0.5805,0.9675,0.95,0.19547,0.02857,0,0.91214,0,0,0,0
Dang,1,105.3,23.2,5.27,6.4,0.994,975,27,87.2,9.7,25.6,0.0,0.35094,0.16562,0.82331,0.99396,0,0,0.74441,0.77143,0,0.27931,0,1,0,0
Vadodara,0,5.8,1.3,3.16,8.0,0.375,39,2,47.7,8.3,33.8,0.0,0.01917,0.00935,0.39541,0.37516,0.9025,0.9,0,0.05714,0,0.68925,0,0,0,0
Valsad,1,43.3,14.9,4.62,7.0,0.973,12,2,81.6,87.0,26.3,1.0,0.14438,0.10678,0.66041,0.97265,0.97,0.9,0.63133,0.05714,0.83796,0.31671,1,0,1,0
Dang,0,9.0,6.2,3.06,6.4,0.627,975,27,64.3,42.4,29.3,0.0,0.03008,0.04444,0.47862,0.62679,0,0,0.28525,0.77143,0.28012,0.46489,0,0,0,0
Patan,0,2.7,1.7,1.59,6.0,0.248,70,1,51.8,16.6,33.1,0.0,0.00916,0.01227,0.26532,0.24802,0.825,0.95,0.03637,0.02857,0,0.65538,0,0,0,0
Jamnagar,0,3.6,1.6,3.1,6.5,0.458,20,2,59.5,46.3,32.2,1.0,0.012,0.01166,0.47764,0.45767,0.95,0.9,0.18908,0.05714,0.32855,0.61129,1,0,0,0
Vadodara,1,23.0,8.3,4.21,8.0,0.643,39,2,63.6,28.8,28.3,0.0,0.07678,0.05941,0.52624,0.64285,0.9025,0.9,0.27138,0.05714,0.11007,0.41496,1,0,0,0
Ahmedabad,1,39.1,29.6,5.46,8.5,0.786,53,2,84.9,13.4,28.8,0.0,0.13031,0.21114,0.6425,0.78634,0.8675,0.9,0.69807,0.05714,0,0.43962,0,0,0,0
Surat,1,30.0,12.7,5.01,9.4,0.866,13,1,71.3,9.5,29.9,1.0,0.10001,0.09057,0.53286,0.8658,0.9675,0.95,0.42617,0.02857,0,0.49736,0,1,1,0
Navsari,0,10.5,2.1,2.19,7.3,0.529,11,1,46.5,20.0,30.7,1.0,0.03513,0.0152,0.3002,0.52926,0.9725,0.95,0,0.02857,0.00036,0.53731,0,0,0,0
Dang,0,6.2,2.4,3.47,6.4,0.626,975,27,53.5,13.7,32.7,0.0,0.02058,0.01723,0.54176,0.62614,0,0,0.06905,0.77143,0,0.63714,1,0,0,0
Patan,1,6.1,1.9,2.34,6.0,0.623,70,1,83.7,19.9,30.1,0.0,0.02023,0.01329,0.38982,0.62325,0.825,0.95,0.6744,0.02857,0,0.50672,0,0,0,0
Valsad,1,76.3,35.9,4.64,7.0,0.94,12,2,75.6,14.9,24.8,1.0,0.25441,0.25656,0.66231,0.94001,0.97,0.9,0.51123,0.05714,0,0.23759,1,0,0,1
Dang,1,53.8,36.4,3.85,6.4,1.0,975,27,89.4,12.2,26.1,0.0,0.17924,0.25992,0.60231,1.0,0,0,0.78831,0.77143,0,0.30416,0,1,0,0
Vadodara,0,12.5,4.8,2.88,8.0,0.426,39,2,52.7,5.1,31.8,0.0,0.04175,0.0344,0.36051,0.42591,0.9025,0.9,0.05308,0.05714,0,0.58952,0,0,0,0
Surat,1,68.6,12.2,7.17,9.4,0.971,13,1,82.2,11.8,24.5,1.0,0.2286,0.08694,0.76279,0.97061,0.9675,0.95,0.64415,0.02857,0,0.22508,0,0,0,1
Surat,0,2.9,0.3,4.28,9.4,0.478,13,1,58.4,14.9,33.5,1.0,0.00965,0.00206,0.45505,0.47755,0.9675,0.95,0.16712,0.02857,0,0.67336,0,0,0,0
Patan,0,0.3,0.1,2.45,6.0,0.141,70,1,48.7,43.3,33.0,0.0,0.00116,0.00078,0.40805,0.14101,0.825,0.95,0,0.02857,0.29089,0.64937,0,0,0,0
Ahmedabad,1,12.9,7.3,4.76,8.5,0.725,53,2,89.9,6.0,24.1,0.0,0.04287,0.0523,0.56059,0.72541,0.8675,0.9,0.79719,0.05714,0,0.20504,0,0,0,0
Jamnagar,0,2.2,0.9,3.06,6.5,0.268,20,2,59.3,28.4,30.8,1.0,0.00725,0.00633,0.47115,0.26753,0.95,0.9,0.18589,0.05714,0.10476,0.54129,0,0,0,0
Rajkot,1,15.5,7.6,3.58,7.2,0.593,134,3,86.8,7.6,26.0,0.0,0.05169,0.05455,0.49658,0.59307,0.665,0.85,0.73598,0.08571,0,0.29779,0,0,0,0
Bhuj,1,25.1,3.6,2.7,5.8,0.455,110,4,80.9,8.9,29.5,1.0,0.08363,0.02557,0.46561,0.45542,0.725,0.8,0.61779,0.11429,0,0.47399,0,0,0,0
Bhavnagar,1,114.5,39.6,6.35,7.4,0.966,24,2,84.9,16.4,21.2,1.0,0.38174,0.28311,0.85747,0.96563,0.94,0.9,0.69715,0.05714,0,0.05783,1,0,0,1
Dang,0,9.6,6.6,3.19,6.4,0.571,975,27,58.8,6.6,29.6,0.0,0.03193,0.04685,0.49848,0.57084,0,0,0.17617,0.77143,0,0.47827,0,0,0,0
Dang,1,52.2,16.1,3.62,6.4,0.82,975,27,69.2,25.0,29.2,0.0,0.17415,0.11518,0.56611,0.8196,0,0,0.38385,0.77143,0.06249,0.46171,0,1,0,0
Surat,0,9.3,3.1,4.19,9.4,0.483,13,1,50.3,22.1,31.3,1.0,0.03091,0.02222,0.44619,0.48342,0.9675,0.95,0.00503,0.02857,0.02676,0.56746,0,0,0,0
Ahmedabad,1,53.2,7.9,6.44,8.5,0.874,53,2,73.8,13.2,23.9,0.0,0.17739,0.0563,0.75817,0.87435,0.8675,0.9,0.47512,0.05714,0,0.19576,0,0,0,1
Porbandar,0,12.4,4.2,1.93,6.2,0.229,8,1,53.1,113.8,35.5,1.0,0.0412,0.0302,0.31089,0.22858,0.98,0.95,0.06194,0.02857,1,0.77293,0,0,0,0
Porbandar,1,30.8,9.5,2.17,6.2,0.581,8,1,75.5,25.8,30.6,1.0,0.10275,0.06783,0.34996,0.58069,0.98,0.95,0.50947,0.02857,0.07198,0.52856,0,0,0,0
Dang,0,26.3,6.4,3.97,6.4,0.742,975,27,55.5,19.8,33.7,0.0,0.08764,0.04544,0.6203,0.74154,0,0,0.11053,0.77143,0,0.68724,0,0,0,0
Vadodara,1,11.6,4.6,4.13,8.0,0.703,39,2,77.3,17.9,25.4,0.0,0.03869,0.03255,0.51634,0.70263,0.9025,0.9,0.54683,0.05714,0,0.26762,0,0,0,0
Bhavnagar,0,4.7,1.5,3.41,7.4,0.347,24,2,55.6,10.4,33.1,1.0,0.01574,0.01086,0.46103,0.3469,0.94,0.9,0.1115,0.05714,0,0.65597,0,0,0,0
Surat,1,36.3,16.2,6.91,9.4,0.927,13,1,65.5,8.3,25.4,1.0,0.12093,0.11573,0.73492,0.92678,0.9675,0.95,0.31051,0.02857,0,0.27183,1,0,0,0
Jamnagar,0,4.3,0.5,2.74,6.5,0.334,20,2,45.3,27.4,29.7,1.0,0.01444,0.00333,0.42229,0.33403,0.95,0.9,0,0.05714,0.09192,0.48687,1,0,0,0
Navsari,0,10.4,7.5,3.7,7.3,0.584,11,1,52.3,18.8,30.5,1.0,0.03472,0.05354,0.50643,0.58353,0.9725,0.95,0.04507,0.02857,0,0.52657,0,0,0,0
Vadodara,1,21.8,6.3,3.85,8.0,0.863,39,2,65.5,27.9,27.3,0.0,0.07257,0.04485,0.48136,0.86325,0.9025,0.9,0.30974,0.05714,0.09897,0.36744,0,0,0,0
Bhavnagar,0,1.9,0.6,2.63,7.4,0.414,24,2,54.5,10.4,31.8,1.0,0.00636,0.00397,0.35478,0.41368,0.94,0.9,0.09059,0.05714,0,0.58844,0,0,0,0
Bhavnagar,0,8.5,4.5,2.83,7.4,0.386,24,2,58.0,10.7,33.7,1.0,0.02825,0.03225,0.38277,0.38636,0.94,0.9,0.16015,0.05714,0,0.68274,0,0,0,0
Bhavnagar,1,40.6,14.3,5.65,7.4,0.789,24,2,76.7,14.5,28.9,1.0,0.13523,0.10198,0.76302,0.78936,0.94,0.9,0.53429,0.05714,0,0.4459,1,0,0,0
Patan,0,0.8,0.1,2.73,6.0,0.156,70,1,49.3,11.9,29.3,0.0,0.00269,0.00098,0.45459,0.15564,0.825,0.95,0,0.02857,0,0.46424,0,0,0,0
Rajkot,1,12.9,5.0,2.53,7.2,0.499,134,3,79.3,5.7,27.7,0.0,0.04301,0.0359,0.35079,0.49861,0.665,0.85,0.58574,0.08571,0,0.38358,1,0,0,0
Bhuj,1,4.7,2.5,2.33,5.8,0.45,110,4,81.0,14.1,25.9,1.0,0.01579,0.01774,0.40112,0.4503,0.725,0.8,0.61945,0.11429,0,0.29633,1,0,0,0
Rajkot,1,31.1,8.9,4.16,7.2,0.801,134,3,78.4,10.1,28.5,0.0,0.10363,0.06365,0.57712,0.80114,0.665,0.85,0.56801,0.08571,0,0.42466,0,0,0,0
Bhuj,0,1.1,1.0,2.23,5.8,0.026,110,4,40.6,3.5,32.9,1.0,0.00373,0.0068,0.38482,0.02598,0.725,0.8,0,0.11429,0,0.64335,0,0,0,0
Porbandar,0,2.7,0.9,1.46,6.2,0.336,8,1,52.0,5.1,31.1,1.0,0.00899,0.00668,0.23576,0.33624,0.98,0.95,0.04037,0.02857,0,0.55315,0,0,0,0
Vadodara,0,8.1,5.0,1.93,8.0,0.382,39,2,50.5,18.0,30.7,0.0,0.02693,0.03552,0.24077,0.38203,0.9025,0.9,0.00939,0.05714,0,0.53347,0,0,0,0
Navsari,1,55.5,13.6,4.95,7.3,1.0,11,1,91.2,7.9,26.7,1.0,0.18494,0.09712,0.67814,1.0,0.9725,0.95,0.82471,0.02857,0,0.33542,1,0,0,0
Bhavnagar,1,39.5,11.0,3.47,7.4,0.774,24,2,84.8,5.6,31.2,1.0,0.13158,0.0784,0.46854,0.77363,0.94,0.9,0.6962,0.05714,0,0.55984,1,0,0,0
Dang,1,29.2,15.4,3.64,6.4,0.946,975,27,83.2,5.4,26.5,0.0,0.09728,0.1098,0.56867,0.94608,0,0,0.66336,0.77143,0,0.32712,0,0,0,0
Surat,0,10.8,5.0,4.26,9.4,0.387,13,1,59.1,48.5,31.9,1.0,0.03606,0.03536,0.45328,0.38692,0.9675,0.95,0.18216,0.02857,0.35643,0.5955,1,0,0,0
Dang,1,29.9,11.9,3.91,6.4,0.895,975,27,83.1,32.1,29.6,0.0,0.09975,0.08522,0.61113,0.89544,0,0,0.66132,0.77143,0.1517,0.47915,0,0,0,1
Vadodara,0,9.9,2.3,3.11,8.0,0.365,39,2,48.3,40.1,34.4,0.0,0.03316,0.01625,0.38922,0.36466,0.9025,0.9,0,0.05714,0.25086,0.71782,0,0,0,0
Valsad,1,27.0,9.0,4.59,7.0,0.784,12,2,67.9,14.7,28.1,1.0,0.08997,0.06462,0.65546,0.78369,0.97,0.9,0.35809,0.05714,0,0.407,0,0,0,0
Surat,0,22.4,13.0,5.51,9.4,0.653,13,1,64.8,26.7,35.0,1.0,0.07472,0.09259,0.58654,0.65323,0.9675,0.95,0.29542,0.02857,0.08389,0.74963,1,0,0,0
Porbandar,0,19.6,4.5,2.07,6.2,0.401,8,1,44.4,25.8,37.7,1.0,0.06538,0.032,0.33414,0.40058,0.98,0.95,0,0.02857,0.07199,0.88473,0,0,0,0
Patan,1,27.5,23.3,2.19,6.0,0.528,70,1,86.3,9.7,26.9,0.0,0.09156,0.16678,0.36446,0.52778,0.825,0.95,0.72517,0.02857,0,0.34413,1,0,1,0
Bhuj,1,3.6,0.6,2.07,5.8,0.323,110,4,79.4,11.0,30.0,1.0,0.01186,0.00424,0.35655,0.32345,0.725,0.8,0.58704,0.11429,0,0.49828,0,0,0,0
Navsari,0,4.4,1.6,3.04,7.3,0.439,11,1,61.1,4.5,30.3,1.0,0.01471,0.01132,0.41664,0.43892,0.9725,0.95,0.22232,0.02857,0,0.51499,0,0,0,0
Bhavnagar,0,3.7,2.1,3.2,7.4,0.251,24,2,52.2,27.2,29.1,1.0,0.01233,0.01502,0.4329,0.25065,0.94,0.9,0.04435,0.05714,0.08994,0.45704,0,0,0,0
Dang,0,9.6,3.8,2.56,6.4,0.504,975,27,57.1,2.8,30.1,0.0,0.03202,0.02689,0.3999,0.50365,0,0,0.14196,0.77143,0,0.50676,0,1,0,0
Vadodara,1,10.1,1.9,4.86,8.0,0.735,39,2,76.6,31.8,25.9,0.0,0.0337,0.01333,0.607,0.73453,0.9025,0.9,0.53299,0.05714,0.14799,0.29664,1,0,0,0
Valsad,0,1.4,0.5,2.98,7.0,0.46,12,2,45.2,12.8,32.7,1.0,0.00475,0.00377,0.42531,0.45963,0.97,0.9,0,0.05714,0,0.6356,0,0,0,0
Ahmedabad,0,8.4,6.0,3.76,8.5,0.494,53,2,57.2,20.3,32.7,0.0,0.02793,0.04255,0.44251,0.49406,0.8675,0.9,0.14337,0.05714,0.00436,0.6349,0,0,0,0
Valsad,1,24.3,10.7,4.68,7.0,0.93,12,2,75.9,12.6,25.3,1.0,0.08115,0.07668,0.66901,0.93009,0.97,0.9,0.51701,0.05714,0,0.26731,1,0,0,0
Porbandar,1,19.7,9.4,3.28,6.2,0.727,8,1,93.7,4.8,30.6,1.0,0.06559,0.06716,0.52832,0.72729,0.98,0.95,0.87485,0.02857,0,0.53148,0,0,0,0
Valsad,1,32.8,5.6,3.68,7.0,0.908,12,2,82.4,7.1,26.3,1.0,0.10948,0.04023,0.52548,0.90827,0.97,0.9,0.64843,0.05714,0,0.31273,0,0,0,0
Rajkot,1,13.3,1.4,4.08,7.2,0.548,134,3,87.5,45.9,30.3,0.0,0.04441,0.00982,0.56694,0.54818,0.665,0.85,0.75029,0.08571,0.32412,0.51277,0,0,0,1
Bhavnagar,0,1.1,0.3,3.63,7.4,0.388,24,2,48.9,29.9,32.3,1.0,0.0038,0.00179,0.49066,0.38821,0.94,0.9,0,0.05714,0.12377,0.61638,0,0,0,0
Valsad,1,54.0,3.2,4.72,7.0,0.99,12,2,97.2,5.9,27.5,1.0,0.18,0.02281,0.67475,0.99022,0.97,0.9,0.94389,0.05714,0,0.37345,0,0,0,0
Jamnagar,1,20.3,6.8,2.72,6.5,0.609,20,2,83.2,13.6,28.9,1.0,0.06769,0.04881,0.41823,0.60944,0.95,0.9,0.66421,0.05714,0,0.44722,0,0,0,0
Vadodara,0,15.6,3.7,3.73,8.0,0.442,39,2,59.1,10.2,33.2,0.0,0.05202,0.02645,0.46585,0.44211,0.9025,0.9,0.18188,0.05714,0,0.66214,1,0,0,0
Dang,0,4.8,3.1,3.74,6.4,0.775,975,27,54.1,24.9,33.8,0.0,0.01593,0.02229,0.58388,0.77523,0,0,0.08278,0.77143,0.06155,0.69231,0,0,0,0
Rajkot,1,59.3,35.5,4.25,7.2,0.596,134,3,81.6,5.8,23.3,0.0,0.19772,0.25362,0.59096,0.59596,0.665,0.85,0.63119,0.08571,0,0.16337,1,0,0,0
Jamnagar,1,7.6,2.1,2.75,6.5,0.556,20,2,81.0,47.7,30.1,1.0,0.02526,0.01482,0.42343,0.55637,0.95,0.9,0.6202,0.05714,0.34622,0.50255,0,0,1,0
Ahmedabad,0,6.3,2.0,3.31,8.5,0.407,53,2,61.1,15.0,31.7,0.0,0.0211,0.014,0.38887,0.40747,0.8675,0.9,0.22287,0.05714,0,0.58377,0,0,0,0
Dang,1,37.7,32.0,3.73,6.4,1.0,975,27,89.4,34.9,24.3,0.0,0.12564,0.22885,0.58241,1.0,0,0,0.7872,0.77143,0.18581,0.21569,0,1,0,0
Vadodara,1,20.9,12.8,4.04,8.0,0.731,39,2,73.0,28.0,27.9,0.0,0.06956,0.09134,0.50453,0.73099,0.9025,0.9,0.4601,0.05714,0.09964,0.39594,0,0,0,0
Ahmedabad,0,5.8,1.6,4.09,8.5,0.526,53,2,56.9,9.4,31.1,0.0,0.01932,0.01126,0.48082,0.52563,0.8675,0.9,0.13835,0.05714,0,0.55367,0,0,0,0
Porbandar,0,6.5,1.8,2.72,6.2,0.348,8,1,48.5,9.1,28.2,1.0,0.02173,0.01285,0.43793,0.34762,0.98,0.95,0,0.02857,0,0.40752,0,0,0,0
Dang,1,53.2,45.2,4.56,6.4,0.877,975,27,92.1,23.8,26.8,0.0,0.17717,0.32271,0.71231,0.87726,0,0,0.84234,0.77143,0.04801,0.33927,0,0,0,0
Valsad,0,10.9,8.0,2.12,7.0,0.444,12,2,48.3,15.5,27.8,1.0,0.03626,0.0573,0.30312,0.44436,0.97,0.9,0,0.05714,0,0.39207,0,0,0,0
Patan,0,2.4,1.6,1.98,6.0,0.175,70,1,52.8,7.1,35.4,0.0,0.00803,0.01159,0.33,0.17547,0.825,0.95,0.05573,0.02857,0,0.77007,0,0,0,0
Patan,1,17.8,5.0,3.37,6.0,0.492,70,1,77.3,7.9,22.3,0.0,0.05945,0.03597,0.56212,0.49222,0.825,0.95,0.54613,0.02857,0,0.11693,0,0,0,0
Navsari,0,4.5,1.7,3.3,7.3,0.6,11,1,58.7,29.3,34.9,1.0,0.01507,0.01218,0.45148,0.60017,0.9725,0.95,0.17444,0.02857,0.11628,0.74478,0,0,0,0
Valsad,1,71.8,30.3,5.09,7.0,0.957,12,2,93.0,16.4,29.4,1.0,0.2392,0.21621,0.72714,0.95744,0.97,0.9,0.85938,0.05714,0,0.46872,1,1,0,0
Bhuj,1,21.9,2.6,2.3,5.8,0.507,110,4,66.4,31.1,29.1,1.0,0.07298,0.01861,0.39595,0.50673,0.725,0.8,0.32776,0.11429,0.13881,0.4566,0,0,0,0
Porbandar,1,41.0,15.1,3.55,6.2,0.677,8,1,78.3,7.5,30.2,1.0,0.13678,0.10767,0.57222,0.67715,0.98,0.95,0.56636,0.02857,0,0.51201,0,0,0,0
Bhavnagar,1,36.4,18.5,4.61,7.4,0.764,24,2,76.9,22.6,28.3,1.0,0.12132,0.13219,0.6235,0.76382,0.94,0.9,0.53764,0.05714,0.03307,0.41466,0,0,0,0
Ahmedabad,1,25.9,16.8,3.77,8.5,0.767,53,2,75.6,10.2,24.8,0.0,0.08649,0.12014,0.44358,0.76738,0.8675,0.9,0.51254,0.05714,0,0.23995,0,0,0,0
Patan,0,2.3,0.7,2.38,6.0,0.244,70,1,50.4,23.5,33.0,0.0,0.00771,0.00516,0.39656,0.2436,0.825,0.95,0.00816,0.02857,0.04436,0.64787,0,0,0,0
Ahmedabad,1,93.3,13.2,6.69,8.5,0.955,53,2,85.9,14.0,27.4,0.0,0.31092,0.09418,0.78712,0.95546,0.8675,0.9,0.71862,0.05714,0,0.37081,1,0,0,0
Jamnagar,1,48.3,36.8,5.05,6.5,0.84,20,2,71.6,15.7,32.9,1.0,0.16106,0.26291,0.77693,0.84033,0.95,0.9,0.43218,0.05714,0,0.64739,1,0,1,0
Vadodara,1,44.3,36.3,4.35,8.0,0.833,39,2,78.8,57.8,28.4,0.0,0.14781,0.25922,0.54371,0.83313,0.9025,0.9,0.57634,0.05714,0.47251,0.41853,1,0,0,0
Dang,1,44.1,29.5,3.9,6.4,1.0,975,27,85.7,35.1,27.7,0.0,0.14689,0.21078,0.60898,1.0,0,0,0.71348,0.77143,0.18833,0.38397,0,0,0,0
Valsad,0,1.2,0.8,2.85,7.0,0.518,12,2,57.0,13.2,30.9,1.0,0.00415,0.00548,0.40784,0.5181,0.97,0.9,0.13934,0.05714,0,0.54685,0,0,1,0
Navsari,1,32.4,14.0,4.07,7.3,0.81,11,1,73.4,15.7,26.3,1.0,0.10794,0.10018,0.55728,0.80989,0.9725,0.95,0.46744,0.02857,0,0.31603,0,0,0,0
Valsad,1,109.5,55.6,5.07,7.0,1.0,12,2,80.8,54.9,24.5,1.0,0.36505,0.39737,0.72443,1.0,0.97,0.9,0.61655,0.05714,0.43646,0.22556,0,0,0,1
Dang,0,7.4,1.0,1.98,6.4,0.691,975,27,52.1,7.9,28.5,0.0,0.0246,0.00692,0.31013,0.69081,0,0,0.04205,0.77143,0,0.42679,0,0,0,0
Navsari,0,6.5,1.5,3.75,7.3,0.556,11,1,41.5,26.6,34.0,1.0,0.02181,0.01072,0.51305,0.55578,0.9725,0.95,0,0.02857,0.08267,0.6989,0,0,1,0
Ahmedabad,1,26.3,8.9,4.91,8.5,0.85,53,2,74.5,11.9,32.2,0.0,0.08755,0.06336,0.57822,0.85015,0.8675,0.9,0.49068,0.05714,0,0.61058,1,0,0,0
Ahmedabad,0,8.9,4.0,3.87,8.5,0.519,53,2,53.6,7.9,33.7,0.0,0.02951,0.02838,0.45573,0.51866,0.8675,0.9,0.07272,0.05714,0,0.6831,0,0,0,0
Navsari,1,23.7,8.9,4.22,7.3,0.723,11,1,82.2,12.9,27.3,1.0,0.07914,0.0633,0.57876,0.72259,0.9725,0.95,0.64491,0.02857,0,0.3639,0,0,0,0
Valsad,0,6.9,1.7,2.98,7.0,0.596,12,2,49.2,11.7,31.6,1.0,0.02316,0.01203,0.42572,0.59619,0.97,0.9,0,0.05714,0,0.57833,0,0,0,0
Valsad,1,29.6,15.9,4.91,7.0,0.902,12,2,76.0,13.1,22.9,1.0,0.09861,0.11336,0.7009,0.90222,0.97,0.9,0.51944,0.05714,0,0.14333,1,0,0,1
Navsari,1,59.6,30.5,4.93,7.3,1.0,11,1,69.0,22.2,30.1,1.0,0.1986,0.21795,0.67596,1.0,0.9725,0.95,0.37926,0.02857,0.02727,0.50578,1,0,0,0
Bhuj,0,0.9,0.4,1.61,5.8,0.136,110,4,56.5,25.6,32.6,1.0,0.00305,0.00268,0.27828,0.13564,0.725,0.8,0.12964,0.11429,0.06943,0.63122,0,0,0,0
Vadodara,1,15.3,11.3,3.46,8.0,0.578,39,2,79.5,20.4,25.7,0.0,0.05106,0.0805,0.43249,0.57786,0.9025,0.9,0.59038,0.05714,0.00509,0.28371,0,0,0,0
Surat,0,11.4,3.7,3.54,9.4,0.498,13,1,66.4,15.2,31.7,1.0,0.03794,0.02618,0.37711,0.49836,0.9675,0.95,0.32711,0.02857,0,0.58367,1,0,0,1
Valsad,0,16.5,5.6,3.3,7.0,0.554,12,2,57.4,22.8,30.6,1.0,0.05493,0.0403,0.47175,0.55397,0.97,0.9,0.14816,0.05714,0.03479,0.5284,0,0,0,0
Valsad,1,89.4,38.3,4.98,7.0,0.867,12,2,87.3,22.5,23.7,1.0,0.29808,0.27378,0.71151,0.86714,0.97,0.9,0.74645,0.05714,0.03095,0.18506,1,0,1,0
Jamnagar,0,7.2,1.5,2.93,6.5,0.29,20,2,47.4,25.2,34.8,1.0,0.0241,0.01072,0.45043,0.2899,0.95,0.9,0,0.05714,0.06463,0.73907,0,0,0,0
Jamnagar,0,3.2,1.2,2.64,6.5,0.363,20,2,63.4,34.8,27.9,1.0,0.01067,0.0083,0.40689,0.36337,0.95,0.9,0.26895,0.05714,0.18438,0.39631,0,0,1,0
Patan,1,12.1,10.0,2.78,6.0,0.623,70,1,70.9,13.3,29.1,0.0,0.04019,0.07113,0.46329,0.62325,0.825,0.95,0.41779,0.02857,0,0.45511,0,0,0,0
Ahmedabad,0,8.2,5.6,3.79,8.5,0.312,53,2,55.2,20.9,31.1,0.0,0.02733,0.04027,0.44561,0.31162,0.8675,0.9,0.10444,0.05714,0.01145,0.55545,0,0,0,0
Surat,0,6.6,2.5,5.01,9.4,0.652,13,1,59.2,51.7,30.5,1.0,0.02207,0.01758,0.53313,0.65199,0.9675,0.95,0.18349,0.02857,0.39662,0.52643,1,0,0,0
Valsad,1,70.9,46.3,5.74,7.0,0.959,12,2,78.1,24.2,25.9,1.0,0.23648,0.33102,0.81932,0.9594,0.97,0.9,0.56145,0.05714,0.05233,0.29351,1,0,0,1
Rajkot,0,6.4,3.7,2.36,7.2,0.126,134,3,59.6,17.2,31.4,0.0,0.02122,0.0264,0.32714,0.12564,0.665,0.85,0.19187,0.08571,0,0.56885,0,0,0,0
Surat,0,4.2,1.9,3.7,9.4,0.594,13,1,39.0,22.6,34.2,1.0,0.014,0.01329,0.39332,0.59442,0.9675,0.95,0,0.02857,0.03268,0.70859,0,0,0,0
Vadodara,1,96.3,47.1,5.06,8.0,0.704,39,2,85.6,6.8,24.2,0.0,0.32085,0.3366,0.63267,0.70362,0.9025,0.9,0.71137,0.05714,0,0.20807,0,1,0,0
Jamnagar,0,4.7,1.3,2.6,6.5,0.258,20,2,58.9,34.8,29.3,1.0,0.01563,0.00929,0.40007,0.25796,0.95,0.9,0.1787,0.05714,0.18461,0.46495,0,0,1,0
Bhuj,1,16.2,3.7,2.83,5.8,0.422,110,4,91.0,24.5,27.1,1.0,0.05416,0.02678,0.48756,0.42173,0.725,0.8,0.8196,0.11429,0.05615,0.35636,0,0,0,0
Patan,0,3.3,2.4,2.18,6.0,0.127,70,1,45.7,14.8,36.5,0.0,0.01111,0.0173,0.36321,0.12662,0.825,0.95,0,0.02857,0,0.82468,0,0,0,0
Valsad,0,4.4,0.3,2.24,7.0,0.421,12,2,49.8,25.4,34.7,1.0,0.01463,0.00198,0.3196,0.42067,0.97,0.9,0,0.05714,0.06778,0.73396,0,0,0,0
Navsari,1,62.4,37.7,5.66,7.3,1.0,11,1,95.3,14.7,27.2,1.0,0.20784,0.26945,0.77486,1.0,0.9725,0.95,0.90565,0.02857,0,0.36101,1,0,0,0
Navsari,0,11.9,6.1,3.58,7.3,0.488,11,1,51.8,13.6,30.6,1.0,0.03978,0.04355,0.49089,0.48846,0.9725,0.95,0.03636,0.02857,0,0.53004,0,0,0,0
Rajkot,1,5.8,4.1,2.58,7.2,0.564,134,3,68.8,4.9,28.2,0.0,0.01947,0.02936,0.35818,0.56395,0.665,0.85,0.37506,0.08571,0,0.41021,0,1,0,0
Patan,1,18.1,4.1,3.2,6.0,0.527,70,1,78.1,8.7,25.2,0.0,0.06047,0.02942,0.53384,0.52664,0.825,0.95,0.56136,0.02857,0,0.25904,0,0,0,0
Valsad,1,37.0,10.4,4.45,7.0,1.0,12,2,66.7,18.6,29.0,1.0,0.12327,0.07423,0.63605,1.0,0.97,0.9,0.33496,0.05714,0,0.45067,1,0,0,0
Patan,1,22.1,10.2,3.46,6.0,0.502,70,1,72.5,26.6,25.3,0.0,0.0738,0.07313,0.57695,0.50195,0.825,0.95,0.4505,0.02857,0.08284,0.26701,0,0,0,0
Dang,0,6.1,0.5,2.43,6.4,0.468,975,27,58.7,7.0,33.2,0.0,0.02044,0.00362,0.37988,0.46816,0,0,0.17494,0.77143,0,0.66175,0,1,0,0
Vadodara,1,29.0,21.6,3.46,8.0,0.738,39,2,78.1,8.5,24.1,0.0,0.09681,0.15416,0.43223,0.73818,0.9025,0.9,0.56255,0.05714,0,0.20268,0,0,0,0
Rajkot,1,11.4,4.3,4.3,7.2,0.572,134,3,69.6,26.8,26.2,0.0,0.03789,0.03066,0.59692,0.57228,0.665,0.85,0.39191,0.08571,0.08555,0.30888,0,0,0,0
Vadodara,1,43.2,10.0,5.36,8.0,0.877,39,2,78.8,10.9,25.5,0.0,0.14384,0.07157,0.66981,0.87688,0.9025,0.9,0.5767,0.05714,0,0.27662,0,0,0,0
Patan,1,38.4,7.2,3.17,6.0,0.553,70,1,83.7,11.1,22.1,0.0,0.12792,0.0511,0.52909,0.5535,0.825,0.95,0.67457,0.02857,0,0.10484,0,0,0,0
Vadodara,1,80.1,54.1,6.14,8.0,0.953,39,2,92.4,11.7,26.7,0.0,0.26688,0.38652,0.76788,0.95329,0.9025,0.9,0.84809,0.05714,0,0.33459,0,0,0,0
Ahmedabad,1,18.6,2.7,4.28,8.5,0.707,53,2,84.9,9.6,27.6,0.0,0.06207,0.01923,0.50298,0.70689,0.8675,0.9,0.69746,0.05714,0,0.37777,1,0,0,0
Patan,1,16.7,6.7,3.38,6.0,0.598,70,1,82.8,17.8,25.2,0.0,0.05556,0.04808,0.56323,0.59771,0.825,0.95,0.65511,0.02857,0,0.26004,1,0,0,0
Navsari,1,51.0,18.4,4.17,7.3,0.837,11,1,72.5,53.5,26.4,1.0,0.17,0.13118,0.57158,0.83708,0.9725,0.95,0.44974,0.02857,0.41878,0.32115,0,0,0,0
Porbandar,1,24.0,10.8,3.29,6.2,0.788,8,1,74.7,6.2,26.9,1.0,0.07999,0.07713,0.5302,0.78845,0.98,0.95,0.49367,0.02857,0,0.34355,0,0,1,0
Patan,0,3.3,1.9,2.32,6.0,0.191,70,1,54.2,11.4,35.4,0.0,0.01086,0.01386,0.38641,0.1906,0.825,0.95,0.08346,0.02857,0,0.77118,0,0,1,0
Rajkot,1,39.5,24.4,5.2,7.2,0.778,134,3,72.5,54.3,25.5,0.0,0.13167,0.17417,0.72228,0.77805,0.665,0.85,0.45006,0.08571,0.42905,0.27588,0,0,0,0
Valsad,1,36.2,23.3,4.15,7.0,1.0,12,2,71.6,9.2,28.4,1.0,0.12069,0.16659,0.59338,1.0,0.97,0.9,0.43104,0.05714,0,0.42038,0,0,0,0
Navsari,1,82.5,37.8,5.12,7.3,1.0,11,1,78.2,49.0,25.7,1.0,0.27511,0.26992,0.70158,1.0,0.9725,0.95,0.56499,0.02857,0.36306,0.28625,0,0,0,0
Ahmedabad,1,13.4,3.9,4.43,8.5,0.689,53,2,85.4,2,28.2,0.0,0.04464,0.02771,0.52154,0.68865,0.8675,0.9,0.7086,0.05714,0,0.40846,0,0,0,0
Vadodara,0,9.0,6.7,3.35,8.0,0.43,39,2,57.2,22.9,32.1,0.0,0.02995,0.04788,0.41873,0.43043,0.9025,0.9,0.14356,0.05714,0.03647,0.60744,0,0,0,0
Bhuj,1,2.4,0.7,2.39,5.8,0.507,110,4,68.9,12.8,28.4,1.0,0.00805,0.0051,0.41212,0.50709,0.725,0.8,0.37818,0.11429,0,0.41809,0,0,0,0
Patan,0,1.5,0.9,3.43,6.0,0.297,70,1,46.0,6.7,29.0,0.0,0.00502,0.00642,0.57222,0.29664,0.825,0.95,0,0.02857,0,0.4489,0,0,0,0
Ahmedabad,1,76.7,34.5,6.39,8.5,0.898,53,2,81.1,12.8,24.3,0.0,0.25577,0.24673,0.7519,0.89771,0.8675,0.9,0.62266,0.05714,0,0.21626,0,0,0,0
Dang,1,7.4,3.3,4.1,6.4,1.0,975,27,73.6,60.2,32.8,0.0,0.02473,0.02323,0.64099,1.0,0,0,0.47256,0.77143,0.50255,0.63957,0,0,1,0
Vadodara,0,0.5,0.3,3.81,8.0,0.281,39,2,63.3,14.9,33.9,0.0,0.00174,0.00215,0.47635,0.28123,0.9025,0.9,0.26698,0.05714,0,0.69504,0,0,0,0
Navsari,0,5.5,0.3,3.03,7.3,0.531,11,1,49.3,10.2,31.7,1.0,0.0182,0.00224,0.41567,0.53089,0.9725,0.95,0,0.02857,0,0.58627,0,0,0,0
Jamnagar,1,31.1,8.4,2.8,6.5,0.723,20,2,78.2,18.9,22.1,1.0,0.10373,0.06007,0.4305,0.72299,0.95,0.9,0.56473,0.05714,0,0.10421,0,0,1,0
Bhuj,1,14.3,6.0,3.43,5.8,0.485,110,4,78.7,23.3,30.1,1.0,0.04757,0.04293,0.59125,0.48462,0.725,0.8,0.57497,0.11429,0.04177,0.50645,0,0,0,0
Ahmedabad,1,94.6,41.5,5.58,8.5,0.747,53,2,88.7,26.9,26.2,0.0,0.31545,0.29673,0.65697,0.74662,0.8675,0.9,0.77498,0.05714,0.08584,0.30867,1,0,0,0
Valsad,1,134.7,62.2,6.59,7.0,1.0,12,2,98.4,82.1,23.7,1.0,0.44911,0.44445,0.94118,1.0,0.97,0.9,0.96856,0.05714,0.7761,0.18345,1,0,1,0
Bhuj,1,4.7,2.7,1.99,5.8,0.457,110,4,81.8,25.0,25.2,1.0,0.01576,0.0196,0.34236,0.45678,0.725,0.8,0.63526,0.11429,0.06213,0.2588,0,0,0,0
Navsari,1,30.3,11.6,5.18,7.3,0.84,11,1,76.1,18.5,23.7,1.0,0.10097,0.08294,0.71007,0.83958,0.9725,0.95,0.52121,0.02857,0,0.18628,0,0,0,0
Dang,0,7.8,4.5,2.78,6.4,0.683,975,27,40.8,21.5,30.2,0.0,0.02587,0.03228,0.43367,0.68292,0,0,0,0.77143,0.01925,0.51154,0,1,0,0
Ahmedabad,1,18.7,6.2,4.7,8.5,0.631,53,2,83.9,8.0,22.4,0.0,0.06246,0.04404,0.5527,0.63133,0.8675,0.9,0.67819,0.05714,0,0.12199,0,0,0,1
Porbandar,0,3.4,1.5,2.28,6.2,0.399,8,1,37.4,13.6,32.8,1.0,0.01119,0.01092,0.36827,0.39889,0.98,0.95,0,0.02857,0,0.63918,0,0,1,0
Bhavnagar,1,56.2,26.9,4.92,7.4,0.724,24,2,67.8,4.8,32.0,1.0,0.18733,0.19198,0.66537,0.72381,0.94,0.9,0.35631,0.05714,0,0.59859,0,0,0,0
Rajkot,0,3.1,0.7,3.65,7.2,0.242,134,3,46.6,13.7,35.6,0.0,0.01021,0.00494,0.50717,0.24165,0.665,0.85,0,0.08571,0,0.77918,0,0,0,0
Surat,1,158.3,47.7,9.32,9.4,1.0,13,1,92.9,18.0,26.3,1.0,0.52772,0.34085,0.99138,1.0,0.9675,0.95,0.85827,0.02857,0,0.31555,1,0,0,1
Navsari,0,1.1,0.6,3.82,7.3,0.559,11,1,45.0,8.9,32.3,1.0,0.00365,0.0044,0.52301,0.55861,0.9725,0.95,0,0.02857,0,0.61368,0,1,0,0
Valsad,1,78.7,20.4,5.2,7.0,0.891,12,2,80.6,27.1,25.0,1.0,0.26226,0.1459,0.74226,0.89147,0.97,0.9,0.61102,0.05714,0.08882,0.2478,0,0,0,0
Patan,0,13.2,3.8,2.59,6.0,0.201,70,1,50.6,82.2,38.6,0.0,0.04393,0.02725,0.43237,0.20099,0.825,0.95,0.01122,0.02857,0.7778,0.93156,0,0,0,0
Ahmedabad,0,4.1,1.2,3.87,8.5,0.438,53,2,59.0,14.9,31.9,0.0,0.01374,0.00822,0.45563,0.43849,0.8675,0.9,0.17985,0.05714,0,0.59531,0,0,1,0
Dang,1,34.0,16.0,3.61,6.4,1.0,975,27,69.1,2,24.3,0.0,0.11333,0.11463,0.56335,1.0,0,0,0.3817,0.77143,0,0.21652,0,0,0,0
Rajkot,1,40.9,15.3,3.78,7.2,0.561,134,3,79.6,18.7,27.2,0.0,0.13628,0.10952,0.52501,0.56114,0.665,0.85,0.59283,0.08571,0,0.35932,0,0,0,0
Valsad,1,38.1,12.8,4.95,7.0,0.89,12,2,83.7,40.3,26.0,1.0,0.12715,0.09126,0.70741,0.88971,0.97,0.9,0.67474,0.05714,0.25366,0.30174,1,0,0,0
Porbandar,1,12.2,5.9,2.12,6.2,0.696,8,1,69.3,4.4,27.8,1.0,0.04068,0.04215,0.34226,0.69633,0.98,0.95,0.38528,0.02857,0,0.39223,0,0,0,0
Vadodara,1,65.0,28.7,4.63,8.0,0.733,39,2,79.2,31.6,21.3,0.0,0.21667,0.20481,0.57888,0.73327,0.9025,0.9,0.58369,0.05714,0.14499,0.06441,0,0,0,0
Porbandar,1,12.3,3.7,3.12,6.2,0.64,8,1,75.6,15.2,30.6,1.0,0.04099,0.0264,0.50245,0.64045,0.98,0.95,0.51133,0.02857,0,0.52883,0,0,0,0
Bhavnagar,1,56.5,10.0,3.97,7.4,0.663,24,2,90.1,22.8,28.9,1.0,0.18836,0.07171,0.53643,0.66293,0.94,0.9,0.80139,0.05714,0.03559,0.44674,0,0,1,0
Jamnagar,1,9.2,5.9,3.16,6.5,0.639,20,2,91.5,14.8,24.3,1.0,0.03057,0.04228,0.48567,0.63893,0.95,0.9,0.82964,0.05714,0,0.21361,0,0,0,0
Navsari,1,18.9,9.0,3.58,7.3,0.949,11,1,78.6,14.5,29.3,1.0,0.06299,0.06451,0.49011,0.94948,0.9725,0.95,0.5723,0.02857,0,0.4634,0,0,0,0
Rajkot,1,7.8,2.6,3.44,7.2,0.59,134,3,71.8,24.1,27.4,0.0,0.0259,0.01893,0.47754,0.59038,0.665,0.85,0.43535,0.08571,0.05177,0.37158,0,0,0,0
Ahmedabad,0,9.7,4.8,2.89,8.5,0.407,53,2,60.4,9.7,34.4,0.0,0.03225,0.03443,0.34055,0.40681,0.8675,0.9,0.20851,0.05714,0,0.7182,0,0,0,0
Rajkot,1,10.1,3.8,3.31,7.2,0.663,134,3,66.1,13.7,27.6,0.0,0.03373,0.02728,0.45971,0.66255,0.665,0.85,0.32259,0.08571,0,0.38103,1,0,0,0
Porbandar,1,70.0,38.5,3.33,6.2,0.75,8,1,83.2,17.7,30.7,1.0,0.23321,0.27515,0.5379,0.75014,0.98,0.95,0.66468,0.02857,0,0.53445,0,0,1,0
Surat,0,16.2,5.4,4.57,9.4,0.577,13,1,52.0,26.0,32.5,1.0,0.05387,0.03854,0.486,0.57685,0.9675,0.95,0.04087,0.02857,0.07541,0.6249,0,0,1,0
Surat,1,31.9,13.2,6.13,9.4,0.981,13,1,86.2,19.6,25.1,1.0,0.10626,0.09442,0.65253,0.98097,0.9675,0.95,0.72422,0.02857,0,0.25397,1,0,0,0
Valsad,1,12.4,3.0,2.74,7.0,0.899,12,2,77.0,12.3,28.0,1.0,0.04132,0.0217,0.39092,0.89869,0.97,0.9,0.539,0.05714,0,0.39827,0,0,1,0
Bhuj,1,25.8,10.1,2.47,5.8,0.341,110,4,75.5,5.2,27.7,1.0,0.08607,0.072,0.42602,0.34131,0.725,0.8,0.51042,0.11429,0,0.38681,0,0,0,0
Jamnagar,1,17.6,7.8,4.66,6.5,0.791,20,2,87.7,11.9,27.0,1.0,0.05862,0.05587,0.71639,0.79102,0.95,0.9,0.75469,0.05714,0,0.35016,0,0,0,0
Dang,0,6.5,5.1,4.39,6.4,0.783,975,27,56.0,28.1,34.4,0.0,0.02158,0.03666,0.68624,0.78328,0,0,0.12068,0.77143,0.10141,0.72088,0,0,0,0
Valsad,1,15.8,4.2,4.46,7.0,0.961,12,2,81.5,27.0,27.7,1.0,0.0528,0.02988,0.63735,0.9608,0.97,0.9,0.63092,0.05714,0.08777,0.38281,0,0,0,0
Valsad,1,19.0,5.4,4.23,7.0,0.957,12,2,74.5,24.9,26.0,1.0,0.06342,0.03876,0.60361,0.95678,0.97,0.9,0.48973,0.05714,0.0617,0.30207,0,0,0,0
Valsad,1,71.1,37.0,4.25,7.0,0.876,12,2,89.1,19.7,23.1,1.0,0.23694,0.2643,0.60689,0.87599,0.97,0.9,0.78295,0.05714,0,0.15301,1,0,0,0
Ahmedabad,0,3.4,1.2,2.19,8.5,0.452,53,2,38.3,7.8,29.0,0.0,0.01121,0.00891,0.25722,0.4522,0.8675,0.9,0,0.05714,0,0.44776,0,0,0,0
Vadodara,1,19.4,8.2,4.64,8.0,0.679,39,2,78.3,25.1,28.5,0.0,0.06462,0.05861,0.57979,0.67861,0.9025,0.9,0.56534,0.05714,0.0641,0.42431,0,0,0,0
Bhuj,1,4.4,0.6,1.74,5.8,0.458,110,4,98.9,21.4,26.1,1.0,0.01453,0.0045,0.30022,0.4584,0.725,0.8,0.97864,0.11429,0.01778,0.3043,0,0,0,0
Bhuj,0,1.9,0.7,1.63,5.8,0.055,110,4,45.5,31.6,29.0,1.0,0.00626,0.00467,0.28116,0.05516,0.725,0.8,0,0.11429,0.14472,0.45031,0,0,1,0
Bhavnagar,0,3.3,0.4,2.46,7.4,0.307,24,2,50.7,22.8,31.2,1.0,0.01115,0.00262,0.33235,0.30703,0.94,0.9,0.01336,0.05714,0.03486,0.56018,0,0,0,0
Bhavnagar,1,51.5,5.5,4.66,7.4,0.808,24,2,92.4,6.7,27.0,1.0,0.17161,0.03928,0.63006,0.80792,0.94,0.9,0.84851,0.05714,0,0.35046,0,0,0,0
Dang,1,30.9,6.8,4.7,6.4,1.0,975,27,82.8,16.3,26.4,0.0,0.10299,0.04841,0.73409,1.0,0,0,0.65692,0.77143,0,0.32182,0,0,0,0
Navsari,1,53.2,25.8,4.04,7.3,0.781,11,1,74.9,21.5,27.5,1.0,0.17735,0.18414,0.55304,0.78086,0.9725,0.95,0.49725,0.02857,0.01871,0.37539,0,0,0,1
Bhavnagar,1,32.9,24.0,4.72,7.4,0.771,24,2,80.1,7.4,31.6,1.0,0.10952,0.1717,0.63762,0.77102,0.94,0.9,0.60177,0.05714,0,0.58056,0,0,0,0
Bhuj,1,6.8,4.5,1.93,5.8,0.413,110,4,78.8,20.1,31.0,1.0,0.02257,0.03201,0.3324,0.41309,0.725,0.8,0.57649,0.11429,0.00123,0.54808,0,0,0,0
Dang,0,6.7,1.4,2.72,6.4,0.766,975,27,60.6,3.9,33.7,0.0,0.02233,0.00967,0.42513,0.76569,0,0,0.21187,0.77143,0,0.68597,0,0,0,0
Rajkot,1,18.5,6.1,3.58,7.2,0.749,134,3,89.8,5.6,26.5,0.0,0.0618,0.04385,0.49677,0.74893,0.665,0.85,0.79603,0.08571,0,0.32564,0,0,0,0
Valsad,1,73.9,28.0,4.57,7.0,0.82,12,2,79.3,17.8,25.9,1.0,0.24626,0.19978,0.65323,0.81952,0.97,0.9,0.58698,0.05714,0,0.2955,1,0,0,0
Surat,1,21.8,6.0,6.0,9.4,0.937,13,1,88.1,2,27.5,1.0,0.07281,0.04258,0.6384,0.93675,0.9675,0.95,0.76125,0.02857,0,0.37703,1,0,0,0
Jamnagar,1,40.1,16.1,3.25,6.5,0.657,20,2,86.6,20.0,24.7,1.0,0.13374,0.11484,0.50021,0.65718,0.95,0.9,0.73283,0.05714,0.00018,0.23359,0,0,0,0
Valsad,0,15.8,4.4,4.05,7.0,0.593,12,2,52.1,42.9,36.2,1.0,0.05261,0.03125,0.578,0.59328,0.97,0.9,0.04105,0.05714,0.28641,0.80961,0,1,0,0
Porbandar,1,110.4,70.7,4.65,6.2,0.685,8,1,83.5,34.2,24.4,1.0,0.36788,0.50517,0.74931,0.68533,0.98,0.95,0.67049,0.02857,0.17699,0.21848,1,0,0,0
Patan,0,1.6,0.6,1.31,6.0,0.154,70,1,54.2,12.7,34.5,0.0,0.00521,0.00438,0.21853,0.154,0.825,0.95,0.08408,0.02857,0,0.7238,1,0,0,0
Bhavnagar,1,29.3,4.8,4.19,7.4,0.681,24,2,76.0,9.3,25.2,1.0,0.09751,0.03457,0.56585,0.68069,0.94,0.9,0.51939,0.05714,0,0.26201,1,0,0,0
Ahmedabad,0,7.1,4.2,2.55,8.5,0.401,53,2,56.1,21.1,30.8,0.0,0.02355,0.02975,0.30054,0.40081,0.8675,0.9,0.12131,0.05714,0.01427,0.53966,0,0,0,0
Surat,0,2.7,1.7,3.92,9.4,0.503,13,1,63.1,2.6,26.0,1.0,0.00891,0.01217,0.41682,0.50266,0.9675,0.95,0.26262,0.02857,0,0.30181,0,0,0,0
Bhavnagar,1,13.7,3.7,3.84,7.4,0.708,24,2,93.3,2,27.5,1.0,0.0455,0.02624,0.51948,0.70761,0.94,0.9,0.86502,0.05714,0,0.37726,1,0,0,0
Navsari,0,8.9,2.1,3.0,7.3,0.567,11,1,38.9,10.7,29.9,1.0,0.02983,0.01506,0.41065,0.56746,0.9725,0.95,0,0.02857,0,0.49535,0,0,0,0
Jamnagar,1,35.2,21.0,3.62,6.5,0.652,20,2,61.3,14.6,26.6,1.0,0.11738,0.14968,0.55659,0.65189,0.95,0.9,0.22508,0.05714,0,0.33071,0,0,0,0
Navsari,0,9.9,2.3,3.35,7.3,0.488,11,1,52.5,9.5,33.4,1.0,0.03302,0.01637,0.45922,0.48837,0.9725,0.95,0.04957,0.02857,0,0.67081,1,0,0,0
Patan,1,4.5,2.7,2.57,6.0,0.623,70,1,73.5,43.1,28.2,0.0,0.01505,0.01916,0.42815,0.6233,0.825,0.95,0.47056,0.02857,0.28865,0.41245,1,0,0,0
Jamnagar,0,2.2,0.5,2.34,6.5,0.305,20,2,41.5,24.0,32.5,1.0,0.00727,0.00382,0.35928,0.30485,0.95,0.9,0,0.05714,0.04965,0.62287,0,0,0,0
Rajkot,0,2.7,1.1,2.62,7.2,0.143,134,3,48.3,23.6,34.3,0.0,0.0091,0.00778,0.36357,0.14318,0.665,0.85,0,0.08571,0.04552,0.7169,0,0,0,0
Dang,1,144.8,25.2,5.65,6.4,1.0,975,27,88.1,10.1,24.3,0.0,0.4828,0.18002,0.88323,1.0,0,0,0.76148,0.77143,0,0.21717,0,1,0,0
Bhuj,1,9.6,2.2,1.25,5.8,0.51,110,4,86.4,61.1,25.3,1.0,0.032,0.01594,0.2147,0.51024,0.725,0.8,0.72788,0.11429,0.51349,0.26255,0,0,1,1
Bhuj,0,3.8,1.7,1.93,5.8,0.107,110,4,60.0,36.2,34.8,1.0,0.01264,0.01189,0.33332,0.10653,0.725,0.8,0.19919,0.11429,0.20239,0.74112,0,0,0,0
Porbandar,0,2.3,0.7,2.34,6.2,0.266,8,1,46.4,6.2,33.8,1.0,0.00782,0.00534,0.37699,0.26564,0.98,0.95,0,0.02857,0,0.69234,0,0,0,0
Jamnagar,1,70.9,47.3,4.29,6.5,0.767,20,2,87.1,10.3,25.0,1.0,0.23635,0.33785,0.66032,0.76689,0.95,0.9,0.74132,0.05714,0,0.24802,1,0,0,0
Bhuj,1,16.0,4.4,3.1,5.8,0.499,110,4,78.2,17.1,25.6,1.0,0.05341,0.03136,0.53478,0.49867,0.725,0.8,0.56365,0.11429,0,0.28068,0,0,0,0
Porbandar,0,5.5,2.3,2.45,6.2,0.315,8,1,55.6,2.0,32.1,1.0,0.01834,0.01645,0.39555,0.31519,0.98,0.95,0.11228,0.02857,0,0.60517,0,0,0,0
Vadodara,0,2.1,1.1,3.71,8.0,0.308,39,2,36.4,3.7,32.2,0.0,0.00689,0.00774,0.46321,0.30818,0.9025,0.9,0,0.05714,0,0.60802,0,0,0,0
Porbandar,1,50.0,12.6,3.65,6.2,0.729,8,1,85.2,17.1,26.6,1.0,0.16681,0.09006,0.58942,0.72909,0.98,0.95,0.70417,0.02857,0,0.33093,1,0,0,0
Patan,0,1.6,0.7,2.11,6.0,0.317,70,1,59.7,33.6,32.5,0.0,0.00541,0.00471,0.35188,0.31664,0.825,0.95,0.19394,0.02857,0.16993,0.62495,0,0,0,0
Bhavnagar,1,22.8,12.2,4.01,7.4,0.747,24,2,76.2,105.5,25.8,1.0,0.07591,0.08681,0.54214,0.74741,0.94,0.9,0.52468,0.05714,1,0.29233,0,0,1,0
Bhuj,0,4.3,2.8,2.4,5.8,0.116,110,4,50.6,23.8,30.1,1.0,0.01427,0.02033,0.41408,0.11647,0.725,0.8,0.01228,0.11429,0.04718,0.50415,0,0,0,0
Vadodara,0,4.3,0.4,3.23,8.0,0.347,39,2,55.2,5.8,30.6,0.0,0.01436,0.00276,0.40327,0.34653,0.9025,0.9,0.10427,0.05714,0,0.52831,1,0,0,0
Dang,0,13.8,5.1,3.07,6.4,0.64,975,27,59.5,20.1,34.2,0.0,0.04612,0.03677,0.48026,0.64039,0,0,0.18968,0.77143,0.00106,0.70987,0,1,0,0
Patan,1,4.7,1.9,2.47,6.0,0.667,70,1,78.1,5.5,31.5,0.0,0.01553,0.01349,0.41162,0.66703,0.825,0.95,0.56274,0.02857,0,0.57686,0,0,0,0
Patan,1,9.7,7.6,1.77,6.0,0.615,70,1,83.8,14.3,29.2,0.0,0.03241,0.05419,0.29537,0.61502,0.825,0.95,0.67516,0.02857,0,0.4577,1,0,0,0
Vadodara,0,11.4,6.4,3.88,8.0,0.484,39,2,48.0,31.0,32.8,0.0,0.03808,0.04599,0.48528,0.48366,0.9025,0.9,0,0.05714,0.13727,0.63846,0,0,0,0
Jamnagar,1,33.6,2.0,3.99,6.5,0.799,20,2,85.4,2,25.5,1.0,0.11185,0.01425,0.61405,0.79946,0.95,0.9,0.70805,0.05714,0,0.27532,0,0,0,0
Jamnagar,1,3.6,1.0,2.9,6.5,0.635,20,2,73.3,17.3,24.8,1.0,0.01199,0.00736,0.44612,0.63462,0.95,0.9,0.4669,0.05714,0,0.23851,0,0,0,0
Valsad,0,8.6,2.4,4.34,7.0,0.664,12,2,57.9,20.4,29.7,1.0,0.02881,0.01707,0.61998,0.66358,0.97,0.9,0.1582,0.05714,0.00515,0.4832,0,0,0,0
Navsari,0,13.0,7.3,3.94,7.3,0.685,11,1,61.8,8.0,33.8,1.0,0.04323,0.05225,0.54023,0.68476,0.9725,0.95,0.23558,0.02857,0,0.69223,0,0,1,0
Dang,1,18.8,2.8,2.59,6.4,0.788,975,27,80.9,2.8,27.4,0.0,0.06263,0.01984,0.40459,0.78847,0,0,0.61762,0.77143,0,0.36996,0,0,0,0
Bhavnagar,1,35.8,15.8,4.91,7.4,0.732,24,2,78.8,22.8,25.5,1.0,0.11927,0.11308,0.66354,0.73248,0.94,0.9,0.57634,0.05714,0.03479,0.27724,1,0,1,1
Vadodara,1,32.7,13.4,4.72,8.0,0.726,39,2,82.9,17.9,27.2,0.0,0.10911,0.09572,0.58975,0.72579,0.9025,0.9,0.65818,0.05714,0,0.35812,1,0,0,1
Surat,1,32.8,8.6,5.32,9.4,0.866,13,1,71.3,28.6,22.6,1.0,0.10939,0.06126,0.56582,0.86588,0.9675,0.95,0.42659,0.02857,0.10711,0.12938,0,0,0,0
Porbandar,1,8.7,2.3,2.22,6.2,0.619,8,1,91.3,10.6,31.0,1.0,0.02887,0.01611,0.35751,0.6185,0.98,0.95,0.8258,0.02857,0,0.5518,1,0,0,0
Ahmedabad,0,1.3,0.5,3.9,8.5,0.306,53,2,48.0,2.7,30.6,0.0,0.00444,0.00341,0.45848,0.30574,0.8675,0.9,0,0.05714,0,0.53095,0,0,0,0
Valsad,1,83.4,47.0,5.7,7.0,0.923,12,2,77.9,27.9,28.4,1.0,0.27816,0.33594,0.81471,0.92286,0.97,0.9,0.55701,0.05714,0.09892,0.42027,1,0,0,1
Navsari,0,7.2,3.8,2.5,7.3,0.451,11,1,43.4,38.5,33.9,1.0,0.02416,0.02734,0.34227,0.45077,0.9725,0.95,0,0.02857,0.23166,0.69578,0,0,0,0
Jamnagar,1,10.6,4.8,3.21,6.5,0.65,20,2,88.2,30.4,27.4,1.0,0.03538,0.034,0.4935,0.65044,0.95,0.9,0.76425,0.05714,0.12993,0.37065,0,0,1,1
Navsari,0,2.9,2.0,2.73,7.3,0.505,11,1,49.9,26.1,34.4,1.0,0.00955,0.01458,0.37393,0.50516,0.9725,0.95,0,0.02857,0.07651,0.72004,0,0,0,0
Jamnagar,1,12.8,2.2,3.36,6.5,0.728,20,2,80.9,11.2,24.3,1.0,0.04259,0.01577,0.51675,0.72813,0.95,0.9,0.61746,0.05714,0,0.21329,0,0,0,0
Jamnagar,1,76.7,28.3,4.95,6.5,0.698,20,2,100,35.7,21.7,1.0,0.25558,0.20233,0.76172,0.6985,0.95,0.9,1,0.05714,0.19667,0.08388,1,0,0,1
Ahmedabad,1,11.7,3.9,3.96,8.5,0.628,53,2,75.7,20.1,28.0,0.0,0.03911,0.02771,0.46593,0.62832,0.8675,0.9,0.51479,0.05714,0.00064,0.39945,0,0,0,0
Vadodara,0,13.9,7.7,3.73,8.0,0.382,39,2,51.3,4.7,35.6,0.0,0.04641,0.05517,0.46678,0.38154,0.9025,0.9,0.0256,0.05714,0,0.78196,0,0,0,0
Jamnagar,0,8.2,4.6,1.63,6.5,0.245,20,2,41.7,11.0,35.4,1.0,0.0275,0.03261,0.25109,0.24457,0.95,0.9,0,0.05714,0,0.76962,0,0,0,0
Bhavnagar,1,33.4,7.2,4.9,7.4,0.798,24,2,74.1,46.4,28.4,1.0,0.11147,0.05124,0.66151,0.79785,0.94,0.9,0.48225,0.05714,0.33023,0.41936,1,0,0,0
Rajkot,1,15.4,11.1,4.05,7.2,0.55,134,3,82.9,28.2,27.4,0.0,0.05118,0.07911,0.56258,0.54957,0.665,0.85,0.65877,0.08571,0.10281,0.37161,1,0,0,0
Bhuj,1,6.8,1.4,1.88,5.8,0.346,110,4,83.9,34.6,26.9,1.0,0.02264,0.00988,0.32473,0.3458,0.725,0.8,0.67748,0.11429,0.18251,0.34381,0,0,0,0
Bhavnagar,1,96.1,31.7,6.22,7.4,0.752,24,2,94.1,13.9,24.5,1.0,0.32039,0.22647,0.83997,0.75168,0.94,0.9,0.88173,0.05714,0,0.2259,1,0,0,0
Bhuj,1,16.4,4.8,1.72,5.8,0.416,110,4,76.6,14.2,28.9,1.0,0.05474,0.03447,0.29651,0.41556,0.725,0.8,0.53198,0.11429,0,0.44633,0,0,0,0
Navsari,1,86.8,28.3,5.22,7.3,0.949,11,1,94.5,2,27.6,1.0,0.28945,0.20182,0.71471,0.94943,0.9725,0.95,0.89001,0.02857,0,0.3824,1,1,0,0
Patan,1,38.8,23.3,3.71,6.0,0.677,70,1,78.3,9.0,24.4,0.0,0.12922,0.16669,0.6188,0.67743,0.825,0.95,0.56538,0.02857,0,0.21908,0,0,0,0
Surat,0,14.9,8.5,5.33,9.4,0.572,13,1,66.8,2.6,28.8,1.0,0.04962,0.06065,0.56706,0.572,0.9675,0.95,0.33629,0.02857,0,0.44224,0,0,0,0
Rajkot,1,26.9,3.1,4.19,7.2,0.601,134,3,90.5,22.2,27.4,0.0,0.08972,0.02201,0.5813,0.60059,0.665,0.85,0.80962,0.08571,0.02747,0.37123,0,0,0,0
Dang,1,37.8,25.9,4.31,6.4,0.993,975,27,77.7,20.0,26.3,0.0,0.126,0.18481,0.6739,0.99274,0,0,0.55395,0.77143,0,0.31294,0,0,0,0
Ahmedabad,0,14.7,9.9,3.75,8.5,0.463,53,2,48.8,7.6,31.8,0.0,0.049,0.07081,0.44079,0.46267,0.8675,0.9,0,0.05714,0,0.5889,0,0,0,0
Navsari,1,17.3,6.4,4.36,7.3,0.863,11,1,86.9,13.7,24.2,1.0,0.05767,0.04555,0.59718,0.86279,0.9725,0.95,0.73817,0.02857,0,0.20772,0,0,0,0
Navsari,1,75.5,9.3,5.73,7.3,0.893,11,1,91.1,19.5,26.6,1.0,0.25171,0.06639,0.78473,0.89349,0.9725,0.95,0.82181,0.02857,0,0.33122,0,0,0,0
Dang,0,1.0,0.5,3.51,6.4,0.56,975,27,41.7,6.1,34.3,0.0,0.00319,0.00324,0.54842,0.5601,0,0,0,0.77143,0,0.71261,0,0,0,0
Jamnagar,1,37.5,7.8,2.85,6.5,0.567,20,2,76.9,6.1,27.6,1.0,0.12491,0.05601,0.43867,0.56724,0.95,0.9,0.53837,0.05714,0,0.38092,0,0,0,0
Navsari,1,81.4,52.5,5.55,7.3,0.893,11,1,89.2,21.4,28.7,1.0,0.27141,0.37531,0.7604,0.89251,0.9725,0.95,0.78472,0.02857,0.01763,0.43498,1,0,0,0
Ahmedabad,1,18.1,8.9,3.88,8.5,0.796,53,2,88.7,6.3,25.0,0.0,0.06043,0.06327,0.45676,0.79557,0.8675,0.9,0.77468,0.05714,0,0.24823,1,0,0,0
Rajkot,0,1.5,1.2,2.69,7.2,0.186,134,3,48.6,12.3,28.0,0.0,0.00498,0.00824,0.37349,0.18638,0.665,0.85,0,0.08571,0,0.40011,0,0,0,0
Dang,0,18.4,9.5,2.58,6.4,0.584,975,27,57.4,39.3,32.8,0.0,0.06121,0.06766,0.40361,0.58448,0,0,0.14824,0.77143,0.24098,0.63789,0,0,0,0
Navsari,1,16.5,2.0,3.85,7.3,0.951,11,1,74.4,15.9,22.4,1.0,0.05514,0.01442,0.52801,0.95131,0.9725,0.95,0.4878,0.02857,0,0.11915,1,1,0,0
Porbandar,1,18.7,5.3,3.43,6.2,0.726,8,1,75.2,15.2,25.8,1.0,0.06239,0.03759,0.55308,0.72585,0.98,0.95,0.50367,0.02857,0,0.29134,0,0,1,0
Ahmedabad,1,32.6,19.5,4.47,8.5,0.731,53,2,93.9,14.9,26.7,0.0,0.10876,0.13928,0.52543,0.7307,0.8675,0.9,0.87789,0.05714,0,0.33561,0,0,0,0
Surat,1,92.8,47.1,6.94,9.4,0.918,13,1,93.2,33.3,23.3,1.0,0.30921,0.33609,0.73795,0.918,0.9675,0.95,0.86479,0.02857,0.1663,0.16684,0,0,0,1
Navsari,1,78.6,38.3,5.48,7.3,0.821,11,1,83.3,24.4,28.8,1.0,0.26208,0.27373,0.75032,0.82051,0.9725,0.95,0.66643,0.02857,0.05475,0.44219,0,0,0,0
Patan,1,9.1,3.0,2.32,6.0,0.542,70,1,66.7,7.1,26.1,0.0,0.03043,0.02153,0.38734,0.54242,0.825,0.95,0.33461,0.02857,0,0.30308,1,0,0,0
Dang,1,71.1,16.0,4.81,6.4,0.944,975,27,77.0,20.1,25.7,0.0,0.23696,0.11438,0.75146,0.94407,0,0,0.5409,0.77143,0.00091,0.28417,0,0,0,0
Navsari,0,1.8,0.4,3.78,7.3,0.496,11,1,50.0,32.5,31.6,1.0,0.00609,0.00264,0.51792,0.49601,0.9725,0.95,0,0.02857,0.15623,0.58224,0,0,0,0
Jamnagar,0,1.8,0.3,1.79,6.5,0.272,20,2,57.9,32.1,29.6,1.0,0.00615,0.00183,0.27478,0.27241,0.95,0.9,0.15802,0.05714,0.15157,0.47871,0,0,0,0
Valsad,0,17.2,2.4,3.61,7.0,0.572,12,2,64.9,40.2,31.4,1.0,0.05726,0.01742,0.51642,0.57159,0.97,0.9,0.29758,0.05714,0.25299,0.57002,0,0,0,0
Ahmedabad,1,32.6,17.8,4.78,8.5,0.761,53,2,91.3,11.0,28.2,0.0,0.10874,0.12682,0.56252,0.76096,0.8675,0.9,0.82507,0.05714,0,0.40805,0,1,0,0
Vadodara,1,7.5,5.2,5.06,8.0,0.786,39,2,75.6,26.9,28.9,0.0,0.02491,0.0375,0.63195,0.78638,0.9025,0.9,0.51205,0.05714,0.08577,0.4443,0,0,0,0
Vadodara,1,38.2,9.4,5.01,8.0,0.858,39,2,78.1,2,31.8,0.0,0.12727,0.06714,0.62604,0.85847,0.9025,0.9,0.5623,0.05714,0,0.58773,0,0,0,0
Vadodara,1,84.2,18.0,5.95,8.0,0.797,39,2,79.3,37.2,23.4,0.0,0.28066,0.12853,0.74372,0.79743,0.9025,0.9,0.58535,0.05714,0.21439,0.16811,1,0,0,0
Surat,1,126.1,97.7,8.1,9.4,0.941,13,1,93.9,22.5,27.6,1.0,0.42049,0.698,0.86127,0.94148,0.9675,0.95,0.87803,0.02857,0.03069,0.37793,1,0,0,1
Ahmedabad,1,57.9,23.5,5.59,8.5,0.822,53,2,77.8,17.6,26.0,0.0,0.19293,0.16781,0.65706,0.82161,0.8675,0.9,0.55561,0.05714,0,0.29864,1,0,0,0
Ahmedabad,1,20.4,7.5,4.69,8.5,0.914,53,2,74.3,16.6,26.5,0.0,0.06796,0.05344,0.55151,0.9139,0.8675,0.9,0.48573,0.05714,0,0.32299,0,0,0,0
Bhuj,0,1.0,0.7,1.96,5.8,0.111,110,4,41.1,6.8,39.8,1.0,0.00318,0.00487,0.33727,0.11065,0.725,0.8,0,0.11429,0,0.98958,0,0,0,0
Bhuj,0,2.6,1.3,2.1,5.8,0.046,110,4,48.2,5.2,30.8,1.0,0.00858,0.00941,0.36164,0.04607,0.725,0.8,0,0.11429,0,0.5402,0,0,0,0
Rajkot,1,34.6,21.7,4.08,7.2,0.593,134,3,78.1,2,28.7,0.0,0.11521,0.15529,0.56638,0.59273,0.665,0.85,0.56259,0.08571,0,0.43745,0,0,0,0
Porbandar,1,44.9,18.0,3.92,6.2,0.68,8,1,88.3,32.4,21.8,1.0,0.14972,0.12848,0.63254,0.68,0.98,0.95,0.76518,0.02857,0.15469,0.09014,0,0,1,0
Jamnagar,1,45.1,27.5,2.74,6.5,0.669,20,2,81.6,14.7,24.7,1.0,0.15038,0.19674,0.4211,0.66926,0.95,0.9,0.6315,0.05714,0,0.23487,0,0,0,0
Valsad,1,22.1,4.8,2.95,7.0,0.873,12,2,70.3,21.5,29.5,1.0,0.07361,0.0346,0.4219,0.87291,0.97,0.9,0.40654,0.05714,0.01922,0.47547,0,0,0,0
Surat,0,7.0,3.3,3.69,9.4,0.569,13,1,57.5,2.2,36.6,1.0,0.02323,0.02329,0.39307,0.56859,0.9675,0.95,0.14949,0.02857,0,0.83164,0,0,0,0
Jamnagar,1,70.5,19.5,5.33,6.5,0.629,20,2,88.2,21.1,26.4,1.0,0.23508,0.13923,0.82031,0.62863,0.95,0.9,0.7643,0.05714,0.01387,0.31858,0,0,0,0
Patan,0,0.7,0.3,1.99,6.0,0.095,70,1,48.8,6.5,35.3,0.0,0.00246,0.00193,0.33229,0.09545,0.825,0.95,0,0.02857,0,0.76352,0,0,0,0
Valsad,1,57.6,15.8,4.62,7.0,0.931,12,2,75.8,12.4,27.5,1.0,0.19193,0.11263,0.66061,0.93144,0.97,0.9,0.51542,0.05714,0,0.37289,0,0,0,0
Vadodara,0,6.5,0.8,3.38,8.0,0.305,39,2,58.8,9.1,29.3,0.0,0.02169,0.00603,0.42299,0.30462,0.9025,0.9,0.17587,0.05714,0,0.46347,0,0,0,0
Ahmedabad,1,39.9,27.6,4.69,8.5,0.789,53,2,90.2,25.3,27.2,0.0,0.13297,0.19749,0.5519,0.78851,0.8675,0.9,0.80421,0.05714,0.06636,0.36179,0,0,0,0
Rajkot,0,1.3,0.2,3.19,7.2,0.312,134,3,60.4,23.1,31.0,0.0,0.0045,0.00133,0.44317,0.31217,0.665,0.85,0.2086,0.08571,0.03936,0.5494,0,0,0,0
Bhavnagar,0,0.6,0.3,3.18,7.4,0.287,24,2,64.9,6.3,35.7,1.0,0.00206,0.00219,0.43037,0.28696,0.94,0.9,0.29747,0.05714,0,0.78346,1,0,0,0
Patan,1,30.4,10.0,2.9,6.0,0.58,70,1,86.6,10.6,28.3,0.0,0.1013,0.07114,0.48273,0.58033,0.825,0.95,0.73147,0.02857,0,0.41599,0,0,0,0
Bhuj,1,9.2,3.0,3.09,5.8,0.442,110,4,68.7,30.8,23.9,1.0,0.03056,0.02108,0.53309,0.44209,0.725,0.8,0.37303,0.11429,0.13451,0.19516,0,0,0,0
Bhuj,1,28.3,4.4,1.64,5.8,0.378,110,4,77.3,12.7,24.8,1.0,0.09449,0.03148,0.28353,0.37788,0.725,0.8,0.54508,0.11429,0,0.23769,0,0,0,0
Vadodara,0,7.4,5.9,2.84,8.0,0.408,39,2,49.8,8.4,34.4,0.0,0.02452,0.04238,0.35495,0.40775,0.9025,0.9,0,0.05714,0,0.71935,0,0,0,0
Porbandar,1,50.0,21.2,3.44,6.2,0.757,8,1,77.5,13.2,26.0,1.0,0.1668,0.15173,0.55468,0.75711,0.98,0.95,0.5499,0.02857,0,0.30064,1,0,0,1
Jamnagar,1,20.1,7.1,4.02,6.5,0.632,20,2,70.9,6.6,27.1,1.0,0.06701,0.05084,0.61824,0.63194,0.95,0.9,0.41893,0.05714,0,0.35641,0,0,0,0
Rajkot,1,11.7,1.8,4.4,7.2,0.616,134,3,81.0,44.4,26.8,0.0,0.03896,0.01284,0.61173,0.61585,0.665,0.85,0.61933,0.08571,0.3044,0.33927,0,0,0,0
Bhavnagar,1,8.4,7.2,3.93,7.4,0.604,24,2,80.2,39.5,26.3,1.0,0.02811,0.0512,0.53169,0.60425,0.94,0.9,0.60379,0.05714,0.24436,0.31501,0,0,1,0
Dang,1,66.6,21.6,3.94,6.4,1.0,975,27,74.8,10.5,23.9,0.0,0.2219,0.15417,0.61635,1.0,0,0,0.49602,0.77143,0,0.19324,0,0,0,0
Valsad,0,3.6,0.7,2.94,7.0,0.535,12,2,37.7,48.2,34.0,1.0,0.012,0.00521,0.42006,0.53461,0.97,0.9,0,0.05714,0.35277,0.69889,0,0,1,0
Jamnagar,0,3.5,1.4,1.63,6.5,0.381,20,2,49.0,3.2,29.3,1.0,0.01151,0.00986,0.251,0.38057,0.95,0.9,0,0.05714,0,0.46416,0,0,0,0
Dang,0,1.7,0.4,2.96,6.4,0.624,975,27,51.8,12.4,29.9,0.0,0.00569,0.00298,0.46292,0.62419,0,0,0.03568,0.77143,0,0.49376,0,1,0,0
Jamnagar,1,111.4,57.3,4.69,6.5,0.75,20,2,91.7,10.8,29.2,1.0,0.3714,0.40945,0.72099,0.75029,0.95,0.9,0.83443,0.05714,0,0.46146,1,0,0,0
Bhuj,0,2.5,0.9,2.29,5.8,0.151,110,4,55.0,57.5,33.5,1.0,0.00843,0.00626,0.39484,0.15107,0.725,0.8,0.10022,0.11429,0.4689,0.67479,0,0,0,1
Bhavnagar,1,2.8,1.4,3.59,7.4,0.802,24,2,75.2,27.4,27.0,1.0,0.00931,0.01032,0.48489,0.80249,0.94,0.9,0.50355,0.05714,0.09222,0.35207,0,0,0,0
Vadodara,1,67.2,30.1,5.17,8.0,0.807,39,2,90.5,15.8,27.9,0.0,0.22399,0.21523,0.64608,0.80675,0.9025,0.9,0.80906,0.05714,0,0.39615,0,0,0,0
Rajkot,0,1.1,0.7,2.63,7.2,0.214,134,3,50.4,9.2,31.2,0.0,0.00371,0.00482,0.3652,0.21387,0.665,0.85,0.00837,0.08571,0,0.56195,0,0,0,0
Dang,1,9.8,1.9,3.89,6.4,0.883,975,27,93.6,45.1,26.2,0.0,0.03256,0.01333,0.60729,0.88322,0,0,0.87169,0.77143,0.3139,0.31105,0,1,0,0
Porbandar,0,5.0,0.8,3.05,6.2,0.371,8,1,66.4,18.8,36.0,1.0,0.0168,0.00585,0.49241,0.37087,0.98,0.95,0.3275,0.02857,0,0.80116,0,0,0,0
Porbandar,0,4.5,2.7,2.84,6.2,0.328,8,1,57.3,19.6,30.8,1.0,0.01513,0.01951,0.45788,0.32751,0.98,0.95,0.14647,0.02857,0,0.54241,0,0,0,0
Dang,1,10.9,5.1,3.08,6.4,0.857,975,27,75.4,19.8,28.3,0.0,0.03627,0.03664,0.48073,0.85744,0,0,0.50761,0.77143,0,0.41286,0,0,0,0
Navsari,0,6.7,2.7,2.3,7.3,0.536,11,1,64.2,39.9,33.5,1.0,0.02221,0.01959,0.31477,0.53644,0.9725,0.95,0.28471,0.02857,0.24819,0.67586,0,0,0,1
Navsari,0,3.6,1.3,3.47,7.3,0.499,11,1,46.9,20.1,36.8,1.0,0.0121,0.00953,0.4747,0.4989,0.9725,0.95,0,0.02857,0.00083,0.84035,0,0,0,0
Rajkot,0,0.5,0.1,2.25,7.2,0.317,134,3,43.6,24.9,29.8,0.0,0.00165,0.00104,0.313,0.31689,0.665,0.85,0,0.08571,0.06075,0.4901,0,0,0,0
Surat,1,24.7,13.5,5.24,9.4,0.828,13,1,69.5,9.5,25.0,1.0,0.08223,0.09677,0.55795,0.82762,0.9675,0.95,0.39051,0.02857,0,0.25109,1,0,0,0
Patan,0,9.9,3.9,2.12,6.0,0.158,70,1,53.5,33.5,35.7,0.0,0.03291,0.02753,0.35323,0.15806,0.825,0.95,0.06918,0.02857,0.16934,0.78502,0,0,0,0
Navsari,1,61.4,11.1,4.59,7.3,0.839,11,1,74.6,10.0,27.9,1.0,0.20483,0.07957,0.62921,0.8394,0.9725,0.95,0.49137,0.02857,0,0.39369,0,0,0,0
Valsad,1,75.3,17.5,5.05,7.0,0.963,12,2,87.1,27.8,27.4,1.0,0.25101,0.12514,0.72213,0.96281,0.97,0.9,0.74194,0.05714,0.09767,0.37043,1,0,0,0
Bhavnagar,0,4.4,3.1,3.75,7.4,0.52,24,2,54.1,27.8,33.8,1.0,0.01469,0.02191,0.50626,0.51962,0.94,0.9,0.0826,0.05714,0.09717,0.68872,0,0,1,0
Bhavnagar,1,28.3,22.4,3.98,7.4,0.725,24,2,76.0,7.0,25.2,1.0,0.09445,0.16033,0.53809,0.72525,0.94,0.9,0.52097,0.05714,0,0.26177,0,0,0,0
Jamnagar,0,3.1,1.2,2.99,6.5,0.362,20,2,61.6,20.9,31.9,1.0,0.0102,0.00854,0.45949,0.36201,0.95,0.9,0.23177,0.05714,0.01165,0.59488,0,0,0,0
Ahmedabad,1,47.3,19.8,6.08,8.5,0.772,53,2,86.3,32.6,27.9,0.0,0.15751,0.14132,0.71537,0.77243,0.8675,0.9,0.72567,0.05714,0.15792,0.39548,1,0,1,1
Navsari,0,15.9,7.6,2.59,7.3,0.481,11,1,60.2,22.1,32.2,1.0,0.05296,0.05428,0.35463,0.48084,0.9725,0.95,0.20449,0.02857,0.02685,0.61239,0,0,0,0
Porbandar,1,47.6,27.2,3.04,6.2,0.715,8,1,78.8,5.5,27.9,1.0,0.15862,0.19412,0.49063,0.71509,0.98,0.95,0.57609,0.02857,0,0.39513,1,0,0,0
Navsari,0,20.0,9.0,2.6,7.3,0.525,11,1,46.1,31.0,32.9,1.0,0.06659,0.06407,0.35562,0.52488,0.9725,0.95,0,0.02857,0.13726,0.64269,0,0,0,0
Bhuj,0,2.1,1.8,1.12,5.8,0.059,110,4,52.6,13.1,33.7,1.0,0.00691,0.01258,0.19374,0.05864,0.725,0.8,0.05121,0.11429,0,0.68448,0,0,0,0
Dang,1,3.2,1.3,3.35,6.4,0.977,975,27,84.5,5.3,26.1,0.0,0.01061,0.009,0.5235,0.97661,0,0,0.69046,0.77143,0,0.30653,0,0,0,0
Bhavnagar,1,11.9,3.8,3.67,7.4,0.748,24,2,77.4,11.1,24.5,1.0,0.03954,0.02732,0.49577,0.74842,0.94,0.9,0.54777,0.05714,0,0.22737,0,0,0,0
Vadodara,1,13.9,1.3,3.91,8.0,0.859,39,2,85.3,12.2,27.7,0.0,0.0462,0.0091,0.48905,0.85855,0.9025,0.9,0.70671,0.05714,0,0.38432,0,0,0,0
Ahmedabad,1,25.0,11.7,4.5,8.5,0.742,53,2,78.8,27.2,26.4,0.0,0.08343,0.08385,0.52908,0.74207,0.8675,0.9,0.57637,0.05714,0.0895,0.31841,0,0,0,0
Rajkot,0,7.1,2.1,2.38,7.2,0.189,134,3,52.9,26.6,31.5,0.0,0.02374,0.01516,0.32988,0.18943,0.665,0.85,0.05742,0.08571,0.08282,0.57735,0,0,0,0
Vadodara,1,43.4,24.1,5.09,8.0,0.734,39,2,86.9,37.9,25.2,0.0,0.1445,0.17181,0.63597,0.73423,0.9025,0.9,0.73841,0.05714,0.2239,0.2579,0,0,0,0
Porbandar,1,22.8,6.3,2.69,6.2,0.711,8,1,74.0,23.5,25.2,1.0,0.07612,0.045,0.43337,0.71127,0.98,0.95,0.47908,0.02857,0.0437,0.26204,0,0,0,0
Vadodara,0,3.0,0.6,3.75,8.0,0.415,39,2,54.3,13.5,30.7,0.0,0.00998,0.0041,0.4688,0.41522,0.9025,0.9,0.08504,0.05714,0,0.5344,0,0,0,0
Vadodara,0,19.9,6.6,3.78,8.0,0.334,39,2,55.7,7.4,33.3,0.0,0.06643,0.04682,0.47285,0.33439,0.9025,0.9,0.11497,0.05714,0,0.66713,0,0,0,0
Rajkot,1,30.4,17.5,4.15,7.2,0.763,134,3,83.1,5.0,26.9,0.0,0.10129,0.12479,0.5761,0.76325,0.665,0.85,0.66224,0.08571,0,0.34617,1,0,0,0
Vadodara,1,6.1,2.9,4.17,8.0,0.718,39,2,82.7,39.6,27.8,0.0,0.02029,0.02044,0.5213,0.71813,0.9025,0.9,0.65498,0.05714,0.24539,0.38969,0,0,0,0
Porbandar,1,15.5,4.7,2.82,6.2,0.586,8,1,83.6,2.4,26.3,1.0,0.05174,0.03366,0.4546,0.58589,0.98,0.95,0.6719,0.02857,0,0.31272,0,0,0,0
Ahmedabad,0,3.5,0.4,3.46,8.5,0.387,53,2,45.2,15.4,30.7,0.0,0.01165,0.00313,0.40654,0.38712,0.8675,0.9,0,0.05714,0,0.53655,0,0,0,0
Bhuj,0,2.6,1.8,1.76,5.8,0.137,110,4,47.6,28.7,31.8,1.0,0.00877,0.01305,0.30426,0.13733,0.725,0.8,0,0.11429,0.10912,0.58897,0,0,0,0
Bhuj,1,23.2,10.4,2.54,5.8,0.501,110,4,88.0,44.9,29.3,1.0,0.07721,0.07456,0.43858,0.50136,0.725,0.8,0.75954,0.11429,0.31154,0.46446,0,0,0,0
Rajkot,0,3.4,1.1,2.9,7.2,0.278,134,3,52.0,24.2,29.4,0.0,0.01138,0.00768,0.40252,0.27795,0.665,0.85,0.03957,0.08571,0.05234,0.47028,0,0,0,0
Valsad,0,1.6,0.5,2.14,7.0,0.534,12,2,55.8,27.0,31.7,1.0,0.00523,0.0038,0.30602,0.53401,0.97,0.9,0.1162,0.05714,0.08727,0.58546,1,0,0,0
Navsari,0,20.8,7.4,4.1,7.3,0.588,11,1,53.8,53.7,36.2,1.0,0.06919,0.05289,0.56131,0.58789,0.9725,0.95,0.07563,0.02857,0.42097,0.81049,0,0,0,0
Valsad,1,31.2,17.0,5.36,7.0,1.0,12,2,84.6,78.1,27.2,1.0,0.10386,0.12152,0.76604,1.0,0.97,0.9,0.69224,0.05714,0.72619,0.35912,1,0,1,0
Vadodara,1,75.0,18.6,5.48,8.0,0.791,39,2,85.1,15.9,28.5,0.0,0.24995,0.13255,0.68553,0.79064,0.9025,0.9,0.70255,0.05714,0,0.42334,1,0,0,0
Bhavnagar,1,7.6,3.4,4.24,7.4,0.702,24,2,74.9,33.4,27.7,1.0,0.02538,0.02399,0.57321,0.70206,0.94,0.9,0.49854,0.05714,0.16716,0.38494,0,0,0,0
Surat,0,5.1,1.0,3.0,9.4,0.384,13,1,45.5,5.2,29.1,1.0,0.01707,0.00695,0.31874,0.38358,0.9675,0.95,0,0.02857,0,0.45581,0,0,0,0
Porbandar,1,34.5,3.2,4.26,6.2,0.849,8,1,69.7,7.5,28.7,1.0,0.11506,0.02283,0.68752,0.84942,0.98,0.95,0.39396,0.02857,0,0.43472,1,0,0,0
Bhuj,0,3.0,1.3,2.49,5.8,0.224,110,4,58.8,22.6,35.7,1.0,0.00991,0.00934,0.42998,0.22413,0.725,0.8,0.17515,0.11429,0.03236,0.78257,0,0,0,0
Bhuj,0,13.0,4.3,1.54,5.8,0.22,110,4,62.5,38.5,33.5,1.0,0.04346,0.03076,0.26558,0.21974,0.725,0.8,0.25035,0.11429,0.23136,0.67384,0,0,0,0
Bhuj,1,34.5,14.6,2.39,5.8,0.478,110,4,69.3,17.9,27.3,1.0,0.11495,0.104,0.41289,0.47805,0.725,0.8,0.38618,0.11429,0,0.36607,0,0,0,0
Bhuj,1,7.5,1.5,2.1,5.8,0.392,110,4,55.1,18.9,26.0,1.0,0.02488,0.01058,0.36185,0.39216,0.725,0.8,0.10246,0.11429,0,0.2988,1,0,0,0
Bhuj,1,16.7,7.0,3.02,5.8,0.416,110,4,68.8,21.0,28.2,1.0,0.05565,0.05018,0.52041,0.41592,0.725,0.8,0.37619,0.11429,0.01235,0.41033,1,0,0,0
Patan,0,2.1,1.6,2.24,6.0,0.02,70,1,49.9,3.1,30.3,0.0,0.00712,0.01124,0.37347,0.02,0.825,0.95,0,0.02857,0,0.51501,0,0,0,0
Jamnagar,1,29.6,22.3,4.64,6.5,0.646,20,2,91.5,15.4,27.6,1.0,0.0988,0.15919,0.71363,0.64555,0.95,0.9,0.83004,0.05714,0,0.37814,0,0,0,0
Valsad,1,15.8,3.4,3.14,7.0,0.816,12,2,81.7,29.6,24.6,1.0,0.05252,0.02401,0.44834,0.81553,0.97,0.9,0.63418,0.05714,0.12054,0.22991,0,0,1,0
Surat,1,19.9,7.8,4.78,9.4,0.72,13,1,80.1,49.1,23.7,1.0,0.0662,0.05562,0.50886,0.72045,0.9675,0.95,0.60262,0.02857,0.3635,0.18403,0,0,0,0
Bhavnagar,1,47.5,7.3,4.78,7.4,0.785,24,2,69.6,28.5,27.4,1.0,0.15826,0.05184,0.64636,0.78546,0.94,0.9,0.39129,0.05714,0.10638,0.36958,0,0,0,0
Jamnagar,1,20.9,11.5,3.32,6.5,0.817,20,2,78.1,8.0,28.2,1.0,0.06971,0.08203,0.5113,0.81726,0.95,0.9,0.5618,0.05714,0,0.41069,0,0,0,0
Bhuj,0,1.6,0.7,1.05,5.8,0.166,110,4,46.8,7.3,31.5,1.0,0.00518,0.00485,0.18164,0.16592,0.725,0.8,0,0.11429,0,0.57521,0,0,0,0
Porbandar,1,22.7,11.4,2.87,6.2,0.629,8,1,84.9,99.4,27.6,1.0,0.07556,0.0814,0.46262,0.62915,0.98,0.95,0.69875,0.02857,0.99272,0.37829,0,0,0,0
Ahmedabad,0,10.0,3.8,3.74,8.5,0.374,53,2,57.5,8.9,29.7,0.0,0.03342,0.02702,0.44039,0.37376,0.8675,0.9,0.14924,0.05714,0,0.48674,0,0,0,0
Ahmedabad,1,92.9,45.3,7.28,8.5,0.828,53,2,92.7,19.7,28.6,0.0,0.3098,0.32356,0.85697,0.82826,0.8675,0.9,0.85348,0.05714,0,0.42842,0,0,0,0
Vadodara,0,6.6,4.0,3.75,8.0,0.353,39,2,58.2,14.2,29.9,0.0,0.02204,0.02861,0.46898,0.35342,0.9025,0.9,0.16381,0.05714,0,0.49619,1,0,0,0
Dang,1,61.1,29.8,3.95,6.4,0.957,975,27,83.4,14.3,25.6,0.0,0.20375,0.21255,0.61664,0.95683,0,0,0.66722,0.77143,0,0.28015,0,1,0,1
Rajkot,1,12.9,2.2,2.78,7.2,0.572,134,3,74.6,11.5,26.6,0.0,0.04314,0.01554,0.3855,0.57183,0.665,0.85,0.49121,0.08571,0,0.32758,0,0,0,0
Rajkot,0,0.6,0.3,2.1,7.2,0.189,134,3,45.1,17.0,33.4,0.0,0.002,0.00218,0.29139,0.18944,0.665,0.85,0,0.08571,0,0.66791,0,0,0,0
Jamnagar,1,2.4,1.3,2.72,6.5,0.69,20,2,85.0,46.0,30.2,1.0,0.00789,0.0092,0.41789,0.68956,0.95,0.9,0.69981,0.05714,0.32556,0.50962,0,0,0,0
Jamnagar,1,4.3,2.1,3.54,6.5,0.759,20,2,80.5,12.1,27.3,1.0,0.01438,0.01525,0.54535,0.7589,0.95,0.9,0.60984,0.05714,0,0.36375,0,0,0,0
Dang,1,13.9,6.2,3.65,6.4,0.914,975,27,68.8,21.2,29.0,0.0,0.04643,0.04422,0.56996,0.91379,0,0,0.37571,0.77143,0.01479,0.45222,0,0,0,0
Porbandar,1,45.8,18.4,2.93,6.2,0.569,8,1,79.3,6.6,24.6,1.0,0.15269,0.13141,0.47226,0.56862,0.98,0.95,0.58636,0.02857,0,0.22984,0,0,0,0
Rajkot,1,54.3,23.3,3.62,7.2,0.578,134,3,83.4,15.0,28.3,0.0,0.18092,0.16617,0.50319,0.578,0.665,0.85,0.66743,0.08571,0,0.4144,0,0,0,0
Navsari,0,8.7,3.2,3.3,7.3,0.612,11,1,53.7,16.0,32.4,1.0,0.02908,0.02319,0.45244,0.61214,0.9725,0.95,0.07391,0.02857,0,0.61803,0,0,0,0
Ahmedabad,1,35.4,26.8,5.41,8.5,0.775,53,2,80.6,23.1,25.3,0.0,0.11788,0.19139,0.63688,0.77548,0.8675,0.9,0.61118,0.05714,0.03832,0.26739,0,0,0,0
Vadodara,0,2.9,0.6,3.39,8.0,0.469,39,2,60.1,18.1,33.2,0.0,0.00973,0.00419,0.42381,0.46878,0.9025,0.9,0.20174,0.05714,0,0.65999,1,0,0,0
Patan,0,2.9,0.5,2.71,6.0,0.186,70,1,54.1,8.4,30.9,0.0,0.0098,0.00341,0.45184,0.1862,0.825,0.95,0.08181,0.02857,0,0.54634,0,0,0,0
Jamnagar,0,3.3,0.7,3.52,6.5,0.241,20,2,43.1,12.6,33.9,1.0,0.0109,0.0051,0.54143,0.24076,0.95,0.9,0,0.05714,0,0.69715,0,0,0,0
Porbandar,0,8.4,3.2,2.57,6.2,0.307,8,1,52.6,22.3,34.9,1.0,0.02791,0.02293,0.41471,0.30652,0.98,0.95,0.05214,0.02857,0.02816,0.74437,0,0,0,0
Valsad,1,91.1,30.7,4.93,7.0,1.0,12,2,82.5,17.2,23.4,1.0,0.30375,0.21959,0.70439,1.0,0.97,0.9,0.64973,0.05714,0,0.16956,1,0,0,0
Navsari,1,19.3,2.7,4.6,7.3,0.957,11,1,85.5,14.5,29.5,1.0,0.06448,0.01959,0.63058,0.95663,0.9725,0.95,0.70945,0.02857,0,0.47354,1,0,1,0
Bhavnagar,1,24.4,14.7,4.28,7.4,0.697,24,2,75.8,40.6,27.3,1.0,0.08125,0.10471,0.57885,0.6966,0.94,0.9,0.51619,0.05714,0.25809,0.36728,1,0,0,0
Porbandar,1,9.3,6.1,3.5,6.2,0.648,8,1,74.0,9.2,25.7,1.0,0.03091,0.04392,0.56522,0.64806,0.98,0.95,0.48081,0.02857,0,0.2831,0,0,0,0
Patan,1,5.9,0.3,2.86,6.0,0.474,70,1,82.8,29.6,30.4,0.0,0.01959,0.00226,0.47695,0.4738,0.825,0.95,0.6553,0.02857,0.12048,0.52079,0,0,0,0
Vadodara,0,1.3,0.5,2.38,8.0,0.288,39,2,44.9,13.1,33.6,0.0,0.00426,0.00341,0.29737,0.28844,0.9025,0.9,0,0.05714,0,0.68036,0,0,0,0
Porbandar,0,10.6,6.5,2.92,6.2,0.343,8,1,43.4,8.7,33.9,1.0,0.03518,0.04657,0.47161,0.34281,0.98,0.95,0,0.02857,0,0.69518,1,0,0,0
Porbandar,1,24.9,14.1,3.44,6.2,0.781,8,1,87.4,14.6,28.5,1.0,0.08291,0.10074,0.55511,0.78058,0.98,0.95,0.74817,0.02857,0,0.42433,0,0,0,0
Valsad,0,6.6,1.4,3.8,7.0,0.587,12,2,56.0,9.7,31.0,1.0,0.02208,0.01021,0.54296,0.58658,0.97,0.9,0.1191,0.05714,0,0.55211,0,0,0,0
Jamnagar,1,63.4,36.2,3.7,6.5,0.755,20,2,79.9,17.6,25.6,1.0,0.21119,0.25839,0.56935,0.75544,0.95,0.9,0.59713,0.05714,0,0.28218,0,0,0,0
Porbandar,1,46.2,11.3,4.06,6.2,0.59,8,1,86.6,8.0,27.2,1.0,0.15415,0.08059,0.65449,0.58965,0.98,0.95,0.73198,0.02857,0,0.35969,0,0,1,0
Valsad,1,32.0,15.3,4.97,7.0,0.81,12,2,69.5,25.6,28.7,1.0,0.10652,0.10904,0.70949,0.81009,0.97,0.9,0.39008,0.05714,0.06981,0.43722,0,0,0,0
Ahmedabad,0,12.6,1.8,3.84,8.5,0.466,53,2,49.1,32.2,34.7,0.0,0.04186,0.01287,0.45227,0.46568,0.8675,0.9,0,0.05714,0.15247,0.73497,0,0,0,0
Bhavnagar,1,11.9,7.5,3.63,7.4,0.77,24,2,87.1,8.1,26.9,1.0,0.0396,0.05391,0.49026,0.76966,0.94,0.9,0.74279,0.05714,0,0.34289,0,0,0,0
Bhavnagar,1,16.0,5.7,3.89,7.4,0.616,24,2,80.7,62.8,24.0,1.0,0.05317,0.04101,0.52632,0.61585,0.94,0.9,0.61309,0.05714,0.53446,0.19766,0,0,1,0
Porbandar,1,49.9,39.2,4.09,6.2,0.644,8,1,80.7,8.7,28.1,1.0,0.1664,0.28033,0.65913,0.64399,0.98,0.95,0.6149,0.02857,0,0.40377,1,0,0,0
Rajkot,1,25.7,9.6,4.44,7.2,0.667,134,3,65.8,22.3,22.9,0.0,0.08565,0.06855,0.61632,0.66678,0.665,0.85,0.31694,0.08571,0.02813,0.14641,0,0,0,0
Rajkot,1,107.9,78.5,5.6,7.2,0.793,134,3,86.1,12.3,23.0,0.0,0.35975,0.56075,0.77827,0.79292,0.665,0.85,0.72269,0.08571,0,0.14893,0,0,0,0
Porbandar,1,61.5,6.8,3.29,6.2,0.72,8,1,83.7,14.8,28.7,1.0,0.20499,0.04828,0.53064,0.7203,0.98,0.95,0.67427,0.02857,0,0.43251,1,0,0,0
Jamnagar,0,11.2,5.6,3.36,6.5,0.299,20,2,53.8,37.1,33.4,1.0,0.0374,0.04019,0.5171,0.29907,0.95,0.9,0.0754,0.05714,0.21382,0.67171,0,0,0,0
Dang,1,42.3,10.2,4.35,6.4,0.968,975,27,54.4,7.4,23.8,0.0,0.14105,0.07321,0.67924,0.96766,0,0,0.08869,0.77143,0,0.18905,0,0,0,0
Porbandar,1,13.0,10.7,3.27,6.2,0.707,8,1,85.2,6.3,28.9,1.0,0.04336,0.0762,0.52794,0.70745,0.98,0.95,0.70339,0.02857,0,0.44373,0,0,0,0
Jamnagar,0,17.5,14.6,2.99,6.5,0.248,20,2,45.8,18.8,35.9,1.0,0.05845,0.10393,0.4593,0.24793,0.95,0.9,0,0.05714,0,0.7929,1,0,0,0
Porbandar,1,94.7,46.3,4.32,6.2,0.76,8,1,90.2,21.4,28.7,1.0,0.31555,0.3307,0.69689,0.75984,0.98,0.95,0.80434,0.02857,0.0175,0.43313,0,0,1,1
Dang,1,46.2,21.0,4.17,6.4,0.96,975,27,83.4,5.3,27.1,0.0,0.15391,0.14995,0.65166,0.96019,0,0,0.66874,0.77143,0,0.35715,0,0,0,0
Surat,0,6.3,3.5,4.48,9.4,0.485,13,1,55.1,49.9,30.5,1.0,0.02104,0.02496,0.47642,0.48537,0.9675,0.95,0.10111,0.02857,0.37336,0.52556,0,0,0,0
Ahmedabad,1,43.4,5.1,4.77,8.5,0.867,53,2,90.0,60.0,29.3,0.0,0.14459,0.03626,0.56174,0.86658,0.8675,0.9,0.79979,0.05714,0.50025,0.46371,0,0,0,1
Bhuj,0,3.7,1.7,1.78,5.8,0.057,110,4,49.5,61.2,34.2,1.0,0.01226,0.01209,0.30723,0.05654,0.725,0.8,0,0.11429,0.51519,0.70881,0,0,0,0
Navsari,1,35.4,17.5,4.52,7.3,0.939,11,1,91.0,10.1,22.7,1.0,0.11793,0.12477,0.61959,0.93874,0.9725,0.95,0.82069,0.02857,0,0.13509,1,0,0,0
Vadodara,0,3.6,2.0,3.34,8.0,0.28,39,2,55.0,17.2,34.0,0.0,0.01184,0.01459,0.41754,0.28029,0.9025,0.9,0.09906,0.05714,0,0.70039,0,0,0,0
Jamnagar,0,11.0,2.6,2.66,6.5,0.419,20,2,45.6,14.1,28.8,1.0,0.03653,0.01864,0.40899,0.41856,0.95,0.9,0,0.05714,0,0.44137,1,0,0,0
Rajkot,0,3.8,0.5,3.2,7.2,0.198,134,3,63.9,24.2,29.8,0.0,0.01264,0.00373,0.44498,0.19782,0.665,0.85,0.27796,0.08571,0.05256,0.49061,1,0,0,0
Valsad,0,7.2,3.3,3.14,7.0,0.58,12,2,44.3,12.9,34.1,1.0,0.02397,0.02345,0.44911,0.57981,0.97,0.9,0,0.05714,0,0.70512,0,0,0,0
Jamnagar,1,44.6,30.1,5.08,6.5,0.687,20,2,78.6,6.0,26.3,1.0,0.14869,0.2151,0.78087,0.68723,0.95,0.9,0.57109,0.05714,0,0.31663,1,0,0,0
Vadodara,1,22.0,15.2,4.65,8.0,0.795,39,2,83.5,6.0,25.2,0.0,0.07322,0.10859,0.58117,0.79523,0.9025,0.9,0.67069,0.05714,0,0.2589,0,0,0,0
Dang,0,14.7,4.3,2.39,6.4,0.53,975,27,44.8,5.1,32.5,0.0,0.04893,0.03065,0.37352,0.53023,0,0,0,0.77143,0,0.62462,0,0,0,0
Ahmedabad,1,47.8,14.4,5.47,8.5,0.782,53,2,81.9,62.0,25.7,0.0,0.15939,0.1027,0.64326,0.78217,0.8675,0.9,0.63739,0.05714,0.52503,0.28675,0,0,0,0
Dang,1,35.4,27.2,4.95,6.4,0.951,975,27,71.7,18.3,27.8,0.0,0.11802,0.19417,0.77365,0.95062,0,0,0.43329,0.77143,0,0.39205,1,0,0,0
Bhavnagar,1,16.9,10.6,4.1,7.4,0.796,24,2,78.3,13.3,26.6,1.0,0.05644,0.07586,0.55409,0.79596,0.94,0.9,0.56512,0.05714,0,0.3288,0,0,0,0
Navsari,0,18.1,4.9,3.36,7.3,0.595,11,1,62.4,14.1,32.8,1.0,0.06036,0.03476,0.4597,0.59501,0.9725,0.95,0.24702,0.02857,0,0.64245,0,0,0,0
Jamnagar,1,77.1,24.3,3.51,6.5,0.662,20,2,72.0,8.4,25.1,1.0,0.25685,0.17388,0.53998,0.66209,0.95,0.9,0.43912,0.05714,0,0.25611,0,0,0,0
Bhuj,1,11.7,6.1,2.46,5.8,0.363,110,4,88.8,3.1,30.8,1.0,0.03898,0.04344,0.42381,0.3626,0.725,0.8,0.77686,0.11429,0,0.54024,0,0,0,0
Porbandar,0,6.8,4.6,3.84,6.2,0.342,8,1,64.5,26.2,35.4,1.0,0.02265,0.03308,0.61994,0.34153,0.98,0.95,0.28994,0.02857,0.07757,0.77233,0,0,0,0
Ahmedabad,1,60.0,12.3,5.11,8.5,0.829,53,2,83.9,29.3,28.3,0.0,0.19997,0.08753,0.60111,0.82871,0.8675,0.9,0.67716,0.05714,0.11597,0.41722,0,0,0,0
Jamnagar,1,22.1,8.4,4.18,6.5,0.672,20,2,92.4,13.6,28.2,1.0,0.07376,0.06035,0.64232,0.67189,0.95,0.9,0.84848,0.05714,0,0.41128,0,0,0,0
Dang,1,85.6,21.2,4.68,6.4,0.95,975,27,96.8,3.7,25.1,0.0,0.2853,0.15138,0.73049,0.94988,0,0,0.93584,0.77143,0,0.25294,0,0,0,0
Bhuj,1,6.7,1.5,2.91,5.8,0.275,110,4,78.0,8.0,24.5,1.0,0.02226,0.01037,0.50235,0.27462,0.725,0.8,0.55926,0.11429,0,0.22427,0,0,0,0
Ahmedabad,1,42.0,20.9,5.38,8.5,0.846,53,2,89.6,23.3,30.1,0.0,0.13999,0.14944,0.63274,0.84607,0.8675,0.9,0.79164,0.05714,0.04129,0.50613,0,0,0,0
Patan,0,3.9,1.5,2.77,6.0,0.339,70,1,56.7,6.3,32.0,0.0,0.01306,0.01038,0.46161,0.33915,0.825,0.95,0.13449,0.02857,0,0.59798,0,0,0,0
Valsad,1,78.0,66.3,5.7,7.0,0.928,12,2,100,23.7,29.3,1.0,0.26005,0.47366,0.81424,0.92793,0.97,0.9,1,0.05714,0.04643,0.46423,1,0,0,0
Patan,1,30.3,20.8,3.14,6.0,0.548,70,1,83.4,11.4,26.4,0.0,0.10086,0.1488,0.52319,0.54832,0.825,0.95,0.66843,0.02857,0,0.32246,0,0,0,0
Patan,0,7.1,3.9,2.69,6.0,0.181,70,1,50.6,8.0,32.9,0.0,0.02355,0.02818,0.44895,0.18124,0.825,0.95,0.01176,0.02857,0,0.6438,0,0,0,0
Surat,1,48.9,16.2,5.38,9.4,0.952,13,1,77.2,56.6,29.4,1.0,0.16312,0.11571,0.57183,0.9521,0.9675,0.95,0.54465,0.02857,0.45715,0.47219,1,0,1,0
Surat,1,53.4,41.7,6.9,9.4,0.945,13,1,85.4,18.4,23.9,1.0,0.17801,0.29795,0.73384,0.9452,0.9675,0.95,0.70751,0.02857,0,0.19664,1,0,0,1
Ahmedabad,1,34.3,6.6,4.58,8.5,0.801,53,2,77.8,14.1,25.9,0.0,0.11419,0.04735,0.53899,0.80088,0.8675,0.9,0.55688,0.05714,0,0.29426,1,0,0,0
Valsad,0,18.3,6.4,3.17,7.0,0.499,12,2,42.2,2.1,33.0,1.0,0.06095,0.04598,0.45326,0.49916,0.97,0.9,0,0.05714,0,0.65125,0,0,0,0
Bhavnagar,1,25.2,8.8,3.91,7.4,0.725,24,2,75.7,6.3,28.6,1.0,0.08388,0.06321,0.5284,0.72477,0.94,0.9,0.51377,0.05714,0,0.42908,0,0,0,1
Jamnagar,1,21.9,1.6,4.26,6.5,0.664,20,2,66.7,43.1,28.7,1.0,0.07308,0.01157,0.6558,0.66432,0.95,0.9,0.33313,0.05714,0.28826,0.43688,0,0,0,0
Bhuj,1,17.5,6.7,3.65,5.8,0.517,110,4,81.6,19.8,26.9,1.0,0.05821,0.04817,0.62861,0.51691,0.725,0.8,0.63244,0.11429,0,0.34447,0,0,0,0
Bhavnagar,1,34.9,15.0,3.43,7.4,0.813,24,2,81.8,15.6,24.1,1.0,0.11646,0.10737,0.46369,0.81263,0.94,0.9,0.63672,0.05714,0,0.20375,0,0,0,0
Bhuj,1,5.3,2.4,2.93,5.8,0.41,110,4,85.2,38.5,26.8,1.0,0.01774,0.01683,0.50433,0.4096,0.725,0.8,0.70447,0.11429,0.23178,0.33967,0,0,0,0
Surat,0,1.4,0.3,4.23,9.4,0.451,13,1,48.1,24.1,34.1,1.0,0.00457,0.0018,0.45044,0.45113,0.9675,0.95,0,0.02857,0.05083,0.70554,0,0,0,0
Rajkot,0,9.3,3.9,2.39,7.2,0.179,134,3,52.9,2.6,33.5,0.0,0.03115,0.02813,0.33207,0.17923,0.665,0.85,0.05815,0.08571,0,0.67538,0,0,0,0
Rajkot,1,22.3,13.9,3.54,7.2,0.592,134,3,70.5,6.3,24.2,0.0,0.07426,0.09943,0.49156,0.59177,0.665,0.85,0.40944,0.08571,0,0.21035,0,0,0,0
Dang,0,12.6,4.6,2.67,6.4,0.545,975,27,40.4,26.6,32.3,0.0,0.04187,0.03285,0.41755,0.54459,0,0,0,0.77143,0.08296,0.61409,0,0,0,0
Dang,0,2.3,1.5,3.08,6.4,0.625,975,27,48.6,12.5,34.5,0.0,0.00767,0.01053,0.48159,0.62538,0,0,0,0.77143,0,0.72263,0,1,0,0
Valsad,1,42.6,26.2,4.11,7.0,0.849,12,2,76.5,16.9,29.5,1.0,0.14191,0.187,0.58698,0.84885,0.97,0.9,0.52987,0.05714,0,0.4751,0,0,0,0
Jamnagar,1,30.2,18.9,3.89,6.5,0.64,20,2,81.6,5.2,24.8,1.0,0.10051,0.13477,0.59878,0.63978,0.95,0.9,0.63287,0.05714,0,0.24104,0,0,0,1
Vadodara,0,6.0,3.3,3.12,8.0,0.268,39,2,53.0,37.5,32.1,0.0,0.01987,0.02331,0.38976,0.26827,0.9025,0.9,0.06022,0.05714,0.21846,0.60365,0,0,0,0
Navsari,1,75.6,57.4,5.67,7.3,0.965,11,1,77.8,51.8,27.4,1.0,0.25207,0.41009,0.77646,0.96461,0.9725,0.95,0.55656,0.02857,0.39761,0.37062,1,0,0,0
Vadodara,1,16.2,5.2,3.9,8.0,0.749,39,2,76.1,2,27.2,0.0,0.05404,0.03704,0.48733,0.74866,0.9025,0.9,0.52105,0.05714,0,0.35795,0,0,0,0
Porbandar,1,25.0,9.5,3.56,6.2,0.67,8,1,85.4,11.8,27.5,1.0,0.08334,0.06775,0.57483,0.6699,0.98,0.95,0.708,0.02857,0,0.37364,0,0,0,0
Ahmedabad,1,16.7,10.4,4.28,8.5,0.888,53,2,69.1,18.3,27.6,0.0,0.0557,0.0744,0.50399,0.88835,0.8675,0.9,0.383,0.05714,0,0.38116,0,1,0,0
Ahmedabad,0,8.1,2.8,4.98,8.5,0.48,53,2,44.2,12.0,35.4,0.0,0.02684,0.01985,0.58624,0.48005,0.8675,0.9,0,0.05714,0,0.77207,0,0,0,0
Vadodara,1,29.5,16.2,3.73,8.0,0.636,39,2,85.5,2,27.9,0.0,0.09832,0.11537,0.46581,0.63614,0.9025,0.9,0.70938,0.05714,0,0.39707,0,0,0,0
Navsari,0,10.0,1.9,3.81,7.3,0.512,11,1,71.2,12.6,28.8,1.0,0.03348,0.01365,0.52227,0.5121,0.9725,0.95,0.42444,0.02857,0,0.44151,0,0,0,0
Dang,1,114.0,12.8,4.85,6.4,1.0,975,27,79.6,34.5,28.3,0.0,0.37991,0.09123,0.75847,1.0,0,0,0.59233,0.77143,0.18134,0.41278,0,0,0,0
Vadodara,1,30.8,10.6,4.86,8.0,0.69,39,2,87.2,11.6,24.7,0.0,0.10278,0.07558,0.60782,0.68979,0.9025,0.9,0.74427,0.05714,0,0.23306,0,0,0,0
Porbandar,1,20.0,11.0,4.44,6.2,0.723,8,1,78.2,6.3,28.3,1.0,0.06683,0.0784,0.7154,0.72255,0.98,0.95,0.5633,0.02857,0,0.41528,0,0,0,0
Bhuj,0,1.3,0.3,0.84,5.8,0.02,110,4,49.8,41.3,35.0,1.0,0.00436,0.00208,0.1446,0.02,0.725,0.8,0,0.11429,0.26604,0.75078,0,0,0,0
Valsad,1,19.0,6.8,4.57,7.0,0.814,12,2,70.0,33.6,27.8,1.0,0.06339,0.04856,0.65331,0.81351,0.97,0.9,0.40074,0.05714,0.16975,0.38945,0,0,0,0
Jamnagar,0,5.7,1.0,2.71,6.5,0.334,20,2,54.7,83.5,33.5,1.0,0.01895,0.00712,0.41733,0.3338,0.95,0.9,0.09427,0.05714,0.79381,0.67572,0,0,1,0
Valsad,1,35.5,26.0,3.7,7.0,0.755,12,2,77.2,62.9,30.4,1.0,0.11832,0.18592,0.52856,0.75478,0.97,0.9,0.54457,0.05714,0.53563,0.51904,1,0,0,0
Surat,1,31.0,5.9,5.74,9.4,0.82,13,1,83.9,24.8,27.9,1.0,0.10333,0.04214,0.61054,0.81999,0.9675,0.95,0.67716,0.02857,0.05957,0.39285,1,0,0,0
Ahmedabad,1,13.5,1.2,4.41,8.5,0.861,53,2,80.1,10.7,27.4,0.0,0.04511,0.00842,0.51927,0.86125,0.8675,0.9,0.60177,0.05714,0,0.36885,0,0,0,0
Navsari,1,24.8,21.1,3.12,7.3,0.811,11,1,85.9,33.5,25.8,1.0,0.08257,0.1504,0.427,0.8109,0.9725,0.95,0.71725,0.02857,0.16845,0.2921,0,0,0,0
Jamnagar,0,5.8,2.0,2.87,6.5,0.248,20,2,48.8,15.0,29.4,1.0,0.01936,0.01416,0.44109,0.24805,0.95,0.9,0,0.05714,0,0.4719,0,0,0,0
Surat,0,4.5,2.9,4.13,9.4,0.469,13,1,39.4,38.2,31.8,1.0,0.01515,0.02074,0.43931,0.46871,0.9675,0.95,0,0.02857,0.22701,0.58892,0,0,0,0
Surat,0,6.1,3.9,3.97,9.4,0.496,13,1,45.3,47.3,33.9,1.0,0.02024,0.02791,0.42204,0.49611,0.9675,0.95,0,0.02857,0.341,0.69663,0,0,0,0
Valsad,1,44.9,10.4,4.7,7.0,0.973,12,2,69.9,21.7,29.7,1.0,0.14957,0.07441,0.67148,0.97291,0.97,0.9,0.39874,0.05714,0.02063,0.48401,0,0,0,0
Jamnagar,1,21.8,13.5,3.58,6.5,0.676,20,2,81.7,81.2,25.2,1.0,0.07277,0.09644,0.55153,0.67644,0.95,0.9,0.63377,0.05714,0.76456,0.26221,0,0,0,0
Jamnagar,0,13.6,6.6,2.75,6.5,0.406,20,2,52.3,23.4,31.9,1.0,0.04536,0.04719,0.42319,0.4058,0.95,0.9,0.04503,0.05714,0.04283,0.59411,0,0,0,0
Vadodara,0,14.0,6.8,2.42,8.0,0.325,39,2,50.4,15.4,33.4,0.0,0.04662,0.04873,0.30207,0.32474,0.9025,0.9,0.00836,0.05714,0,0.67237,0,0,0,0
Valsad,1,6.5,3.1,3.98,7.0,0.852,12,2,99.6,37.7,25.9,1.0,0.02151,0.02196,0.56798,0.85158,0.97,0.9,0.9917,0.05714,0.2213,0.29497,0,0,1,0
Valsad,1,30.8,10.5,4.79,7.0,0.992,12,2,83.4,32.6,27.6,1.0,0.10281,0.07528,0.68359,0.99221,0.97,0.9,0.66852,0.05714,0.15759,0.37984,1,0,0,0
Bhuj,1,23.4,6.2,2.53,5.8,0.437,110,4,71.3,16.2,27.8,1.0,0.07788,0.04426,0.43622,0.43703,0.725,0.8,0.42579,0.11429,0,0.39204,1,0,0,0
Bhuj,1,10.2,2.4,3.56,5.8,0.5,110,4,94.8,8.0,27.6,1.0,0.03394,0.01735,0.61377,0.50029,0.725,0.8,0.8962,0.11429,0,0.38158,1,0,0,0
Dang,0,5.8,2.6,2.42,6.4,0.518,975,27,53.2,14.8,30.5,0.0,0.01917,0.01842,0.37872,0.51801,0,0,0.06341,0.77143,0,0.52498,0,0,0,0
Patan,1,4.6,3.2,3.69,6.0,0.515,70,1,74.4,13.0,29.4,0.0,0.01545,0.02274,0.61582,0.51486,0.825,0.95,0.48733,0.02857,0,0.4706,0,0,0,0
Bhavnagar,1,18.5,12.2,4.35,7.4,0.643,24,2,85.4,7.1,24.8,1.0,0.06182,0.08708,0.58737,0.64283,0.94,0.9,0.70822,0.05714,0,0.23791,1,0,1,0
Jamnagar,1,52.1,43.6,3.99,6.5,0.778,20,2,75.0,25.1,25.7,1.0,0.17372,0.31119,0.61353,0.77806,0.95,0.9,0.4991,0.05714,0.06408,0.28415,0,0,0,0
Bhavnagar,1,25.3,9.6,4.1,7.4,0.755,24,2,77.7,23.4,25.6,1.0,0.08423,0.06849,0.55472,0.755,0.94,0.9,0.55371,0.05714,0.04255,0.2806,0,0,0,0
Jamnagar,0,5.9,3.7,2.03,6.5,0.303,20,2,47.7,3.0,30.8,1.0,0.01956,0.02643,0.31204,0.30323,0.95,0.9,0,0.05714,0,0.54147,0,0,0,0
Dang,1,58.3,13.8,5.53,6.4,1.0,975,27,74.8,4.2,24.6,0.0,0.19449,0.09838,0.86377,1.0,0,0,0.49582,0.77143,0,0.23189,0,0,0,0
Valsad,1,67.7,42.8,4.81,7.0,1.0,12,2,78.2,20.4,26.7,1.0,0.22574,0.30606,0.68745,1.0,0.97,0.9,0.56352,0.05714,0.00532,0.33511,0,0,0,0
Porbandar,0,13.0,2.5,2.28,6.2,0.328,8,1,54.4,35.3,35.3,1.0,0.04347,0.01754,0.36855,0.32803,0.98,0.95,0.08793,0.02857,0.19157,0.76535,0,0,0,0
Rajkot,1,10.2,7.9,3.38,7.2,0.72,134,3,75.3,22.0,24.0,0.0,0.03411,0.05612,0.46935,0.71979,0.665,0.85,0.50608,0.08571,0.02533,0.20138,0,0,0,0
Bhavnagar,1,49.6,27.5,4.26,7.4,0.778,24,2,94.2,26.9,29.1,1.0,0.16537,0.19618,0.57629,0.77758,0.94,0.9,0.88388,0.05714,0.0868,0.45529,1,0,0,0
Navsari,0,11.9,8.3,4.09,7.3,0.66,11,1,60.2,2,31.6,1.0,0.03957,0.05963,0.56092,0.65998,0.9725,0.95,0.20356,0.02857,0,0.57932,0,0,0,0
Dang,1,108.1,40.7,5.86,6.4,1.0,975,27,84.9,4.1,23.7,0.0,0.36033,0.29061,0.9155,1.0,0,0,0.69835,0.77143,0,0.18676,1,0,0,0
Surat,1,16.5,5.7,4.69,9.4,0.651,13,1,76.5,53.8,27.4,1.0,0.05498,0.04086,0.49898,0.65089,0.9675,0.95,0.5295,0.02857,0.42248,0.36964,1,0,0,0
Valsad,0,1.8,1.4,2.5,7.0,0.441,12,2,51.5,69.7,29.3,1.0,0.00608,0.01012,0.35703,0.44104,0.97,0.9,0.03019,0.05714,0.62153,0.4636,0,0,0,0
Surat,1,11.4,4.7,5.44,9.4,0.804,13,1,73.8,17.3,26.3,1.0,0.03799,0.03384,0.57822,0.80389,0.9675,0.95,0.47534,0.02857,0,0.31595,1,0,0,0
Dang,0,1.4,0.5,2.49,6.4,0.46,975,27,55.1,11.2,33.1,0.0,0.00461,0.00354,0.38962,0.45997,0,0,0.10275,0.77143,0,0.65736,0,0,0,0
Bhavnagar,0,1.0,0.5,1.91,7.4,0.266,24,2,51.0,51.2,31.3,1.0,0.00319,0.00343,0.25763,0.26616,0.94,0.9,0.01904,0.05714,0.3894,0.56451,0,0,0,0
Surat,1,57.4,23.1,7.13,9.4,0.967,13,1,80.6,7.7,25.3,1.0,0.19134,0.16525,0.75886,0.96665,0.9675,0.95,0.61187,0.02857,0,0.26338,1,0,0,0
Jamnagar,1,43.4,25.9,3.19,6.5,0.627,20,2,88.7,12.8,25.5,1.0,0.14452,0.185,0.49006,0.62676,0.95,0.9,0.77485,0.05714,0,0.27271,1,0,0,0
Rajkot,1,87.2,36.9,3.9,7.2,0.491,134,3,79.8,26.0,26.1,0.0,0.29063,0.26333,0.5419,0.49122,0.665,0.85,0.59621,0.08571,0.07521,0.30342,1,0,0,0
Surat,0,2.2,0.4,3.39,9.4,0.535,13,1,57.1,6.5,32.1,1.0,0.00726,0.00289,0.36036,0.53479,0.9675,0.95,0.14272,0.02857,0,0.60713,0,0,0,0
Navsari,1,51.9,13.0,4.85,7.3,0.857,11,1,84.1,73.0,21.2,1.0,0.17304,0.09311,0.66451,0.85681,0.9725,0.95,0.68256,0.02857,0.66195,0.05808,1,0,0,0
Jamnagar,1,64.0,32.0,4.57,6.5,0.667,20,2,80.9,12.8,22.8,1.0,0.21319,0.22843,0.70343,0.66703,0.95,0.9,0.61775,0.05714,0,0.14051,0,0,0,0
Dang,1,8.2,3.9,3.28,6.4,0.957,975,27,71.0,35.2,28.2,0.0,0.02747,0.02793,0.51309,0.95731,0,0,0.41945,0.77143,0.1896,0.41166,0,0,0,1
Patan,0,3.4,0.5,2.64,6.0,0.253,70,1,57.2,6.1,30.0,0.0,0.01137,0.00348,0.43948,0.25285,0.825,0.95,0.14313,0.02857,0,0.49975,0,0,0,0
Patan,1,10.8,2.0,2.33,6.0,0.532,70,1,71.7,10.3,30.5,0.0,0.03589,0.01435,0.38821,0.53232,0.825,0.95,0.43451,0.02857,0,0.52603,0,0,0,0
Porbandar,0,7.5,4.2,3.01,6.2,0.307,8,1,65.2,18.0,30.8,1.0,0.02496,0.02976,0.48545,0.30696,0.98,0.95,0.30408,0.02857,0,0.5391,0,0,0,0
Surat,0,29.2,4.2,4.61,9.4,0.441,13,1,62.7,20.7,34.9,1.0,0.09725,0.02982,0.49095,0.44076,0.9675,0.95,0.25477,0.02857,0.00865,0.74611,0,0,0,0
Vadodara,0,15.1,4.9,3.05,8.0,0.395,39,2,55.6,15.3,29.1,0.0,0.05032,0.03526,0.38083,0.39458,0.9025,0.9,0.11103,0.05714,0,0.45306,0,0,0,0
Jamnagar,0,5.4,0.7,1.67,6.5,0.207,20,2,52.4,3.4,31.7,1.0,0.01807,0.0053,0.25705,0.20684,0.95,0.9,0.04871,0.05714,0,0.58456,0,0,1,0
Dang,1,28.1,5.7,4.18,6.4,0.966,975,27,74.3,8.2,27.3,0.0,0.0937,0.04084,0.65314,0.96626,0,0,0.4866,0.77143,0,0.36613,0,1,0,0
Surat,1,33.1,8.5,5.19,9.4,0.919,13,1,76.2,2,25.0,1.0,0.11027,0.06054,0.55195,0.91867,0.9675,0.95,0.52455,0.02857,0,0.25213,0,0,1,0
Bhuj,0,4.0,2.1,1.97,5.8,0.022,110,4,63.5,8.7,28.7,1.0,0.01343,0.01507,0.33957,0.02182,0.725,0.8,0.27022,0.11429,0,0.43291,0,0,1,1
Ahmedabad,1,16.3,3.2,3.73,8.5,0.724,53,2,83.6,61.0,25.9,0.0,0.05441,0.02271,0.43928,0.72428,0.8675,0.9,0.67287,0.05714,0.51255,0.29357,0,0,0,0
Navsari,1,38.8,7.8,4.96,7.3,0.985,11,1,68.6,41.6,28.7,1.0,0.12937,0.05552,0.67962,0.98519,0.9725,0.95,0.37198,0.02857,0.2694,0.43393,0,0,0,0
Jamnagar,1,43.9,16.9,4.75,6.5,0.638,20,2,88.4,14.3,24.3,1.0,0.14629,0.12045,0.73016,0.63777,0.95,0.9,0.76785,0.05714,0,0.21663,0,1,0,1
Vadodara,0,14.9,7.8,3.19,8.0,0.31,39,2,56.0,2.1,34.6,0.0,0.04978,0.05539,0.3992,0.30967,0.9025,0.9,0.12099,0.05714,0,0.72816,0,0,0,1
Bhuj,0,1.9,0.2,3.14,5.8,0.052,110,4,54.3,6.0,27.0,1.0,0.00639,0.00165,0.54075,0.05231,0.725,0.8,0.08695,0.11429,0,0.35075,0,0,0,0
Surat,1,43.4,19.0,5.86,9.4,0.893,13,1,81.5,51.5,22.7,1.0,0.14475,0.13586,0.62352,0.89328,0.9675,0.95,0.62917,0.02857,0.39412,0.13476,1,0,0,0
Vadodara,1,59.8,33.4,5.25,8.0,0.794,39,2,75.8,20.6,21.2,0.0,0.19944,0.2388,0.65587,0.79354,0.9025,0.9,0.51558,0.05714,0.00777,0.06064,1,0,0,0
Vadodara,0,10.4,8.7,3.87,8.0,0.258,39,2,48.3,21.1,28.6,0.0,0.03462,0.06196,0.4841,0.25772,0.9025,0.9,0,0.05714,0.01423,0.42943,0,0,0,0
Porbandar,1,24.4,10.0,3.89,6.2,0.769,8,1,76.8,129.6,24.2,1.0,0.08133,0.07162,0.62671,0.76852,0.98,0.95,0.53542,0.02857,1,0.20758,0,0,0,0
Vadodara,1,52.6,29.2,3.96,8.0,0.655,39,2,71.6,11.4,21.1,0.0,0.17529,0.20882,0.49562,0.65531,0.9025,0.9,0.43253,0.05714,0,0.05532,0,0,0,1
Jamnagar,1,43.5,14.7,3.49,6.5,0.685,20,2,72.9,42.3,27.6,1.0,0.14495,0.10475,0.53704,0.68529,0.95,0.9,0.45751,0.05714,0.27858,0.38109,0,0,0,0
Vadodara,1,62.8,15.7,5.78,8.0,0.833,39,2,85.0,16.4,26.5,0.0,0.20929,0.11228,0.72191,0.83292,0.9025,0.9,0.69966,0.05714,0,0.32387,0,0,0,1
Navsari,1,60.6,32.7,4.66,7.3,0.932,11,1,69.9,51.4,28.8,1.0,0.20206,0.23328,0.6379,0.932,0.9725,0.95,0.39883,0.02857,0.3919,0.44137,1,0,1,0
Patan,0,9.6,2.6,2.45,6.0,0.184,70,1,48.8,4.8,30.7,0.0,0.03192,0.0186,0.40908,0.1842,0.825,0.95,0,0.02857,0,0.53508,0,0,0,0
Jamnagar,1,20.1,2.8,3.46,6.5,0.573,20,2,83.8,12.6,28.9,1.0,0.0669,0.02022,0.53166,0.57255,0.95,0.9,0.67503,0.05714,0,0.44412,1,0,0,0
Rajkot,1,28.4,14.2,4.49,7.2,0.586,134,3,96.2,7.3,28.7,0.0,0.0947,0.10148,0.62325,0.58627,0.665,0.85,0.92469,0.08571,0,0.43598,0,0,0,0
Navsari,1,18.1,4.7,4.63,7.3,0.919,11,1,74.2,4.6,22.9,1.0,0.06022,0.03331,0.63407,0.91939,0.9725,0.95,0.48463,0.02857,0,0.14416,0,0,0,0
Jamnagar,1,26.1,6.5,3.34,6.5,0.615,20,2,88.7,70.1,23.7,1.0,0.0871,0.04617,0.51329,0.61537,0.95,0.9,0.77333,0.05714,0.62683,0.18349,0,0,1,0
Valsad,0,22.0,4.0,1.98,7.0,0.473,12,2,52.6,9.7,33.4,1.0,0.07343,0.02862,0.28255,0.4729,0.97,0.9,0.05184,0.05714,0,0.66929,0,0,0,0
Bhuj,1,13.3,1.0,2.4,5.8,0.352,110,4,70.1,5.7,27.0,1.0,0.04436,0.00686,0.4142,0.35183,0.725,0.8,0.4025,0.11429,0,0.35158,0,0,0,0
Dang,0,6.1,0.6,3.47,6.4,0.605,975,27,51.0,12.3,33.3,0.0,0.02043,0.00439,0.54217,0.60457,0,0,0.02068,0.77143,0,0.66493,0,0,0,0
Patan,0,2.8,1.1,2.83,6.0,0.183,70,1,47.2,16.8,34.2,0.0,0.00931,0.00809,0.47239,0.18306,0.825,0.95,0,0.02857,0,0.70849,0,0,0,0
Rajkot,1,2.2,0.2,3.37,7.2,0.598,134,3,71.6,26.2,27.3,0.0,0.0072,0.00131,0.46815,0.5976,0.665,0.85,0.43258,0.08571,0.07727,0.36725,0,0,0,0
Navsari,0,13.3,3.7,2.69,7.3,0.443,11,1,41.7,56.9,32.7,1.0,0.04434,0.02672,0.36803,0.44308,0.9725,0.95,0,0.02857,0.4614,0.63739,0,0,1,0
Vadodara,0,7.6,2.7,3.0,8.0,0.304,39,2,54.6,11.2,32.1,0.0,0.0252,0.01909,0.37451,0.30405,0.9025,0.9,0.09131,0.05714,0,0.6064,0,0,0,0
Jamnagar,1,3.9,1.5,2.23,6.5,0.592,20,2,81.7,21.3,25.6,1.0,0.01304,0.01095,0.34346,0.59157,0.95,0.9,0.63367,0.05714,0.01654,0.28015,1,0,0,0
Surat,1,174.7,85.3,9.78,9.4,1.0,13,1,98.8,29.3,21.6,1.0,0.5822,0.60941,1.0404,1.0,0.9675,0.95,0.97649,0.02857,0.11599,0.07755,1,1,0,1
Dang,1,64.7,15.3,4.51,6.4,1.0,975,27,83.0,21.0,25.2,0.0,0.21571,0.10947,0.70432,1.0,0,0,0.65929,0.77143,0.01261,0.25762,0,0,0,0
Dang,0,12.9,3.4,4.04,6.4,0.613,975,27,56.3,12.0,28.3,0.0,0.04294,0.02437,0.63086,0.6133,0,0,0.12501,0.77143,0,0.41366,0,0,0,0
Vadodara,1,86.5,27.6,6.21,8.0,0.836,39,2,89.0,18.8,28.2,0.0,0.28823,0.19682,0.7764,0.83619,0.9025,0.9,0.77944,0.05714,0,0.41177,1,0,0,0
Rajkot,0,8.2,5.0,3.32,7.2,0.253,134,3,63.9,7.1,31.7,0.0,0.02742,0.03561,0.46155,0.25254,0.665,0.85,0.27838,0.08571,0,0.5855,0,0,0,0
Porbandar,1,18.5,9.5,3.04,6.2,0.735,8,1,75.3,53.4,29.1,1.0,0.06181,0.06767,0.49055,0.73459,0.98,0.95,0.50604,0.02857,0.4173,0.45355,0,0,1,0
Patan,0,2.6,1.3,2.04,6.0,0.238,70,1,49.0,14.6,34.0,0.0,0.00851,0.00932,0.33937,0.2382,0.825,0.95,0,0.02857,0,0.69876,0,0,0,0
Ahmedabad,0,4.8,1.5,3.18,8.5,0.514,53,2,64.6,29.7,33.4,0.0,0.01592,0.0106,0.37445,0.514,0.8675,0.9,0.29121,0.05714,0.12093,0.66866,0,0,0,0
Bhuj,0,4.7,1.5,1.51,5.8,0.086,110,4,52.4,10.4,31.4,1.0,0.01555,0.01051,0.26109,0.08605,0.725,0.8,0.04715,0.11429,0,0.56833,0,0,0,0
Valsad,1,26.9,12.5,4.36,7.0,1.0,12,2,85.0,20.0,28.4,1.0,0.08983,0.08937,0.62234,1.0,0.97,0.9,0.70053,0.05714,0.00053,0.41949,1,0,0,0
Navsari,0,1.2,0.7,2.6,7.3,0.356,11,1,52.1,21.1,30.2,1.0,0.00397,0.0048,0.35621,0.3561,0.9725,0.95,0.04186,0.02857,0.01433,0.51104,0,0,0,0
Bhuj,1,9.1,2.6,2.95,5.8,0.5,110,4,79.5,15.2,30.0,1.0,0.03049,0.01844,0.50916,0.49976,0.725,0.8,0.58954,0.11429,0,0.50215,0,0,0,0
Porbandar,0,1.0,0.4,3.08,6.2,0.327,8,1,40.1,22.7,34.3,1.0,0.00343,0.00292,0.49604,0.32701,0.98,0.95,0,0.02857,0.03381,0.71471,1,1,0,0
Rajkot,1,45.9,13.7,4.42,7.2,0.588,134,3,86.5,26.7,27.8,0.0,0.15294,0.09814,0.61326,0.58768,0.665,0.85,0.73011,0.08571,0.08345,0.38913,0,0,0,0
Jamnagar,0,8.9,4.6,3.23,6.5,0.321,20,2,56.3,54.3,31.5,1.0,0.02967,0.03255,0.49661,0.32068,0.95,0.9,0.12606,0.05714,0.42852,0.57674,0,0,1,0
Valsad,0,4.0,0.9,2.71,7.0,0.526,12,2,48.9,13.0,32.2,1.0,0.01332,0.00671,0.38765,0.52633,0.97,0.9,0,0.05714,0,0.60889,0,0,0,0
Surat,0,11.1,1.3,4.92,9.4,0.62,13,1,56.8,51.8,33.4,1.0,0.03703,0.00919,0.52293,0.61974,0.9675,0.95,0.13558,0.02857,0.39718,0.67031,1,0,0,0
Surat,0,15.6,5.1,4.0,9.4,0.551,13,1,60.9,14.6,34.7,1.0,0.05191,0.03663,0.42517,0.55092,0.9675,0.95,0.2175,0.02857,0,0.73748,0,0,0,0
Dang,0,13.4,3.9,4.05,6.4,0.586,975,27,61.2,19.4,31.4,0.0,0.04471,0.0282,0.63291,0.58556,0,0,0.22486,0.77143,0,0.57204,0,0,0,0
Bhuj,1,10.5,0.6,2.15,5.8,0.452,110,4,80.0,2,24.2,1.0,0.03485,0.00451,0.37078,0.45248,0.725,0.8,0.6007,0.11429,0,0.20908,0,0,0,0
Surat,0,2.1,1.1,3.86,9.4,0.522,13,1,52.6,43.9,31.3,1.0,0.00713,0.00821,0.41105,0.52153,0.9675,0.95,0.05141,0.02857,0.29829,0.56586,0,0,0,0
Valsad,0,6.6,4.0,4.16,7.0,0.61,12,2,62.0,2.4,32.9,1.0,0.02207,0.02874,0.59401,0.6105,0.97,0.9,0.24028,0.05714,0,0.64579,0,0,0,0
Ahmedabad,1,22.8,7.7,4.14,8.5,0.813,53,2,87.0,21.8,29.0,0.0,0.07596,0.05509,0.48756,0.81323,0.8675,0.9,0.74047,0.05714,0.02257,0.44999,0,0,0,0
Porbandar,0,9.8,6.7,2.22,6.2,0.236,8,1,56.5,38.6,27.5,1.0,0.0327,0.04798,0.35766,0.23616,0.98,0.95,0.12978,0.02857,0.23198,0.37396,1,0,0,0
Surat,1,54.2,37.9,6.91,9.4,0.854,13,1,86.3,17.4,28.5,1.0,0.18062,0.27103,0.73459,0.85445,0.9675,0.95,0.72672,0.02857,0,0.42419,1,0,0,1
Dang,1,16.2,9.0,3.36,6.4,0.886,975,27,67.0,47.3,26.6,0.0,0.05401,0.06408,0.52469,0.88557,0,0,0.34052,0.77143,0.34165,0.32862,0,1,0,0
Jamnagar,1,9.3,2.8,3.01,6.5,0.576,20,2,90.1,31.2,24.3,1.0,0.03101,0.02002,0.46301,0.57589,0.95,0.9,0.80151,0.05714,0.13938,0.21598,0,0,0,0
Rajkot,1,7.3,1.8,3.08,7.2,0.577,134,3,81.5,27.0,27.0,0.0,0.02439,0.01271,0.42724,0.57712,0.665,0.85,0.6295,0.08571,0.08707,0.35206,0,0,0,0
Navsari,1,24.7,13.9,4.35,7.3,0.869,11,1,83.9,25.8,27.7,1.0,0.08242,0.09895,0.59623,0.86949,0.9725,0.95,0.67708,0.02857,0.07204,0.38635,1,0,0,1
Porbandar,1,2.1,0.7,3.59,6.2,0.643,8,1,82.1,8.3,23.5,1.0,0.00715,0.00509,0.57876,0.64261,0.98,0.95,0.6415,0.02857,0,0.17528,0,0,0,0
Surat,1,5.3,3.8,3.78,9.4,0.792,13,1,73.9,68.1,26.9,1.0,0.01765,0.02697,0.40179,0.79236,0.9675,0.95,0.47892,0.02857,0.60115,0.3444,0,0,0,0
Rajkot,1,21.8,15.5,3.76,7.2,0.644,134,3,81.4,9.6,29.0,0.0,0.07261,0.11096,0.52271,0.64395,0.665,0.85,0.62736,0.08571,0,0.44974,0,0,0,0
Vadodara,1,36.9,7.3,4.81,8.0,0.804,39,2,78.7,12.0,26.1,0.0,0.12299,0.05214,0.60075,0.80437,0.9025,0.9,0.57408,0.05714,0,0.30295,0,0,0,0
Rajkot,0,4.0,1.4,2.67,7.2,0.175,134,3,57.8,2,35.5,0.0,0.01341,0.01024,0.37058,0.17493,0.665,0.85,0.15676,0.08571,0,0.777,0,0,0,0
Valsad,1,88.4,30.5,4.99,7.0,0.98,12,2,85.1,24.5,24.1,1.0,0.29467,0.2178,0.71325,0.97988,0.97,0.9,0.70207,0.05714,0.05575,0.20409,0,0,0,0
Bhavnagar,0,1.4,0.7,1.82,7.4,0.469,24,2,54.9,19.4,32.0,1.0,0.00456,0.00516,0.2463,0.46853,0.94,0.9,0.09785,0.05714,0,0.59877,0,0,0,0
Bhavnagar,0,0.8,0.1,2.03,7.4,0.339,24,2,48.8,21.6,36.0,1.0,0.00281,0.0008,0.27374,0.33947,0.94,0.9,0,0.05714,0.0195,0.79975,0,0,0,0
Patan,1,6.4,1.3,1.79,6.0,0.482,70,1,80.1,26.9,29.0,0.0,0.02121,0.00912,0.29777,0.48214,0.825,0.95,0.60196,0.02857,0.08565,0.45109,0,0,0,0
Jamnagar,0,4.4,2.4,2.9,6.5,0.312,20,2,48.7,2.6,33.1,1.0,0.01465,0.01706,0.44586,0.31203,0.95,0.9,0,0.05714,0,0.65636,0,0,0,0
Navsari,1,46.7,10.7,4.47,7.3,0.903,11,1,82.7,29.4,26.2,1.0,0.15556,0.07637,0.61226,0.90308,0.9725,0.95,0.65305,0.02857,0.11742,0.31199,1,0,0,0
Dang,1,93.2,51.9,4.25,6.4,1.0,975,27,75.7,11.0,24.8,0.0,0.31064,0.37054,0.66435,1.0,0,0,0.51352,0.77143,0,0.24051,0,0,0,0
Valsad,1,29.2,14.5,3.66,7.0,0.939,12,2,82.7,16.4,29.1,1.0,0.09726,0.10347,0.52223,0.93889,0.97,0.9,0.65423,0.05714,0,0.45413,0,0,0,0
Dang,1,31.5,17.3,4.71,6.4,0.976,975,27,85.8,23.3,30.3,0.0,0.10514,0.12353,0.73584,0.97618,0,0,0.71598,0.77143,0.04184,0.51588,0,0,0,0
Valsad,1,29.0,14.3,4.37,7.0,0.945,12,2,83.3,5.3,28.0,1.0,0.09677,0.10191,0.62366,0.94501,0.97,0.9,0.66555,0.05714,0,0.39957,0,0,0,0
Surat,1,30.4,10.1,5.0,9.4,0.863,13,1,84.0,4.2,26.1,1.0,0.10118,0.07204,0.53213,0.8629,0.9675,0.95,0.68004,0.02857,0,0.30541,0,0,0,0
Patan,1,14.0,8.8,3.47,6.0,0.511,70,1,71.4,18.9,27.7,0.0,0.04679,0.06293,0.5788,0.5108,0.825,0.95,0.4277,0.02857,0,0.384,0,0,0,0
Porbandar,1,71.9,48.9,3.82,6.2,0.692,8,1,89.4,45.6,26.0,1.0,0.23965,0.34947,0.61538,0.69175,0.98,0.95,0.78833,0.02857,0.32056,0.30113,0,1,0,1
Dang,1,125.7,52.1,5.64,6.4,1.0,975,27,90.4,13.5,27.5,0.0,0.41913,0.372,0.88179,1.0,0,0,0.80769,0.77143,0,0.37444,1,0,0,1
Surat,1,45.3,9.7,5.44,9.4,0.881,13,1,93.7,30.7,27.0,1.0,0.15114,0.06949,0.57908,0.88101,0.9675,0.95,0.87399,0.02857,0.13395,0.35127,0,0,0,0
Porbandar,0,3.3,2.4,2.62,6.2,0.28,8,1,51.9,9.4,32.0,1.0,0.01111,0.0168,0.42254,0.27999,0.98,0.95,0.0378,0.02857,0,0.60203,0,0,0,0
Surat,1,11.0,3.6,5.72,9.4,0.871,13,1,68.8,29.0,30.4,1.0,0.03675,0.02558,0.60864,0.87106,0.9675,0.95,0.37542,0.02857,0.1122,0.52082,0,0,0,0
Valsad,1,56.6,26.3,5.8,7.0,1.0,12,2,80.1,8.3,26.2,1.0,0.18873,0.18802,0.82859,1.0,0.97,0.9,0.60139,0.05714,0,0.31149,1,0,0,0
Vadodara,0,1.2,0.3,3.06,8.0,0.323,39,2,61.7,14.1,33.4,0.0,0.00416,0.00211,0.38266,0.32321,0.9025,0.9,0.2333,0.05714,0,0.6703,0,0,0,0
Jamnagar,1,32.4,18.5,3.41,6.5,0.638,20,2,79.0,22.9,34.0,1.0,0.10784,0.13229,0.52456,0.63804,0.95,0.9,0.57992,0.05714,0.03669,0.69865,0,0,0,0
Surat,1,70.6,40.1,5.48,9.4,0.935,13,1,89.5,7.4,25.5,1.0,0.23519,0.2862,0.58314,0.93462,0.9675,0.95,0.78976,0.02857,0,0.27421,0,0,0,0
Porbandar,1,18.1,13.2,2.58,6.2,0.773,8,1,82.8,11.9,27.1,1.0,0.06026,0.09394,0.41536,0.77326,0.98,0.95,0.65612,0.02857,0,0.35588,0,0,1,0
Navsari,1,43.3,7.7,5.44,7.3,0.826,11,1,86.2,14.6,22.6,1.0,0.14437,0.05536,0.74522,0.82591,0.9725,0.95,0.72305,0.02857,0,0.13047,0,0,1,0
Patan,1,10.4,2.6,3.29,6.0,0.493,70,1,72.1,15.6,25.9,0.0,0.03455,0.01859,0.54889,0.49314,0.825,0.95,0.44192,0.02857,0,0.295,0,0,0,0
Navsari,0,4.2,2.3,3.11,7.3,0.519,11,1,50.5,58.7,33.5,1.0,0.0141,0.01633,0.42628,0.51942,0.9725,0.95,0.00943,0.02857,0.48325,0.67618,0,0,0,0
Ahmedabad,1,31.3,2.5,4.75,8.5,0.77,53,2,80.5,20.6,29.1,0.0,0.10424,0.018,0.55901,0.76987,0.8675,0.9,0.60937,0.05714,0.00744,0.4538,0,1,0,0
Ahmedabad,1,44.5,27.6,5.81,8.5,0.806,53,2,97.1,13.6,25.0,0.0,0.14843,0.1969,0.6834,0.8061,0.8675,0.9,0.94175,0.05714,0,0.25118,1,0,0,0
Bhuj,0,3.6,0.6,2.64,5.8,0.116,110,4,48.4,19.4,32.4,1.0,0.01196,0.00455,0.45431,0.11629,0.725,0.8,0,0.11429,0,0.61958,0,0,0,0
Ahmedabad,1,30.9,13.0,4.02,8.5,0.747,53,2,84.1,21.0,24.9,0.0,0.1029,0.09303,0.47262,0.74674,0.8675,0.9,0.68284,0.05714,0.01232,0.24742,0,0,0,0
Rajkot,0,8.2,5.5,2.65,7.2,0.297,134,3,49.5,41.2,32.1,0.0,0.02734,0.03938,0.36792,0.29735,0.665,0.85,0,0.08571,0.26449,0.60639,0,0,0,0
Patan,0,3.2,0.6,1.76,6.0,0.19,70,1,62.4,12.6,34.0,0.0,0.01064,0.00395,0.293,0.1903,0.825,0.95,0.24873,0.02857,0,0.69981,1,0,0,0
Vadodara,0,5.6,3.5,2.7,8.0,0.368,39,2,74.4,18.1,33.4,0.0,0.0187,0.0252,0.33807,0.36799,0.9025,0.9,0.48899,0.05714,0,0.66846,0,0,0,0
Navsari,0,0.2,0.1,2.24,7.3,0.494,11,1,52.6,21.8,32.0,1.0,0.0007,0.00093,0.30648,0.4942,0.9725,0.95,0.05164,0.02857,0.02306,0.59977,0,0,0,0
Patan,1,27.2,5.7,2.95,6.0,0.512,70,1,84.6,17.0,25.0,0.0,0.09071,0.04074,0.49164,0.5117,0.825,0.95,0.69289,0.02857,0,0.24886,0,0,0,0
Rajkot,1,39.9,7.0,3.56,7.2,0.553,134,3,78.1,8.6,27.4,0.0,0.13311,0.05021,0.49481,0.55315,0.665,0.85,0.56105,0.08571,0,0.37065,0,0,0,0
Dang,0,15.7,9.6,2.6,6.4,0.623,975,27,58.6,19.7,36.2,0.0,0.05225,0.06831,0.40608,0.623,0,0,0.17267,0.77143,0,0.80969,0,0,0,0
Dang,1,63.9,24.3,4.2,6.4,0.943,975,27,76.1,9.4,29.0,0.0,0.2131,0.1739,0.65666,0.94304,0,0,0.5211,0.77143,0,0.44807,1,0,0,0
Ahmedabad,1,93.1,24.1,6.78,8.5,1.0,53,2,74.3,8.9,24.2,0.0,0.31025,0.17184,0.79753,1.0,0.8675,0.9,0.48607,0.05714,0,0.2102,1,1,0,0
Porbandar,1,30.6,10.4,3.3,6.2,0.669,8,1,78.5,8.8,27.2,1.0,0.10197,0.07407,0.53186,0.66858,0.98,0.95,0.57097,0.02857,0,0.35992,0,0,0,1
Jamnagar,1,71.9,30.6,3.85,6.5,0.799,20,2,81.6,16.0,29.7,1.0,0.23958,0.21869,0.59286,0.79904,0.95,0.9,0.63158,0.05714,0,0.48509,0,0,0,0
Jamnagar,1,74.2,11.6,3.77,6.5,0.812,20,2,84.8,13.7,27.2,1.0,0.24732,0.08291,0.58049,0.81246,0.95,0.9,0.69674,0.05714,0,0.36238,0,0,0,0
Ahmedabad,0,10.0,3.7,4.25,8.5,0.42,53,2,55.1,15.4,32.1,0.0,0.03324,0.02642,0.50035,0.42004,0.8675,0.9,0.10216,0.05714,0,0.60747,0,0,0,0
Surat,0,9.2,3.5,4.42,9.4,0.599,13,1,48.3,12.5,30.1,1.0,0.03052,0.02518,0.46986,0.59907,0.9675,0.95,0,0.02857,0,0.50563,0,0,0,0
Navsari,1,73.5,44.6,4.98,7.3,0.944,11,1,82.0,29.4,24.1,1.0,0.24493,0.31877,0.68281,0.94369,0.9725,0.95,0.64029,0.02857,0.11808,0.20675,1,0,0,0
Porbandar,0,2.6,0.8,2.07,6.2,0.421,8,1,50.7,12.9,29.7,1.0,0.00865,0.0059,0.33416,0.42131,0.98,0.95,0.01358,0.02857,0,0.4838,0,0,0,0
Valsad,0,27.3,20.9,3.61,7.0,0.637,12,2,48.3,5.2,35.5,1.0,0.09094,0.14951,0.51607,0.63711,0.97,0.9,0,0.05714,0,0.77582,0,0,0,0
Rajkot,0,1.1,0.7,2.6,7.2,0.2,134,3,55.5,22.4,32.9,0.0,0.00365,0.00524,0.36053,0.19989,0.665,0.85,0.1103,0.08571,0.02994,0.64293,0,0,0,0
Porbandar,0,5.0,3.1,2.58,6.2,0.422,8,1,43.3,41.1,33.4,1.0,0.01661,0.02188,0.41692,0.42221,0.98,0.95,0,0.02857,0.26401,0.66864,0,0,0,0
Navsari,0,5.9,2.9,2.99,7.3,0.563,11,1,56.2,9.3,37.0,1.0,0.01965,0.02063,0.40974,0.56315,0.9725,0.95,0.1244,0.02857,0,0.84838,0,0,1,0
Navsari,1,24.1,4.2,3.45,7.3,0.749,11,1,80.4,9.9,25.8,1.0,0.08032,0.02992,0.47246,0.74913,0.9725,0.95,0.60777,0.02857,0,0.29033,0,0,0,0
Vadodara,0,14.1,6.5,2.86,8.0,0.358,39,2,43.9,25.3,27.2,0.0,0.04696,0.04665,0.35707,0.35775,0.9025,0.9,0,0.05714,0.06641,0.36117,0,0,0,0
Rajkot,0,9.3,5.2,2.38,7.2,0.273,134,3,45.5,25.1,30.7,0.0,0.03085,0.03749,0.3303,0.27296,0.665,0.85,0,0.08571,0.06335,0.53395,0,0,0,0
Jamnagar,0,1.2,0.7,2.14,6.5,0.408,20,2,45.0,10.2,33.3,1.0,0.00395,0.00503,0.32996,0.40792,0.95,0.9,0,0.05714,0,0.66626,0,0,0,0
Navsari,1,67.1,33.3,5.56,7.3,0.919,11,1,89.8,26.0,27.1,1.0,0.22367,0.23818,0.76115,0.9187,0.9725,0.95,0.79695,0.02857,0.07454,0.35721,1,0,0,0
Surat,0,10.4,6.5,4.25,9.4,0.624,13,1,43.2,14.7,31.3,1.0,0.03458,0.04653,0.45183,0.62367,0.9675,0.95,0,0.02857,0,0.56713,0,0,0,1
Bhavnagar,1,67.2,23.6,5.64,7.4,0.928,24,2,82.4,20.1,23.9,1.0,0.22384,0.16859,0.76238,0.92799,0.94,0.9,0.64725,0.05714,0.00135,0.1962,1,0,0,1
Patan,0,3.7,1.4,2.75,6.0,0.186,70,1,48.3,41.2,28.2,0.0,0.01234,0.01035,0.45848,0.18568,0.825,0.95,0,0.02857,0.2656,0.41238,0,0,1,0
Surat,0,10.6,4.8,4.51,9.4,0.515,13,1,58.2,18.7,31.9,1.0,0.03527,0.03408,0.47983,0.51476,0.9675,0.95,0.16433,0.02857,0,0.59726,1,0,0,0
Patan,0,0.8,0.5,2.24,6.0,0.284,70,1,51.4,3.7,32.6,0.0,0.00277,0.00385,0.37331,0.28368,0.825,0.95,0.02704,0.02857,0,0.62957,0,0,0,0
Vadodara,1,43.8,32.9,4.79,8.0,0.888,39,2,83.6,10.1,23.8,0.0,0.14614,0.23466,0.59869,0.88822,0.9025,0.9,0.67122,0.05714,0,0.19135,0,0,0,0
Porbandar,0,1.7,0.5,2.29,6.2,0.35,8,1,52.4,3.0,30.7,1.0,0.00553,0.00349,0.36937,0.34971,0.98,0.95,0.04749,0.02857,0,0.53393,0,0,0,0
Dang,1,35.2,19.8,4.38,6.4,0.961,975,27,78.9,4.6,27.1,0.0,0.11747,0.14116,0.68401,0.9611,0,0,0.57837,0.77143,0,0.3564,0,0,0,0
Patan,0,0.9,0.5,0.98,6.0,0.185,70,1,50.0,18.9,32.7,0.0,0.00287,0.00382,0.16297,0.18463,0.825,0.95,0,0.02857,0,0.63529,0,0,0,0
Surat,1,67.1,14.4,6.08,9.4,0.812,13,1,68.7,31.7,27.6,1.0,0.22366,0.10299,0.64711,0.81201,0.9675,0.95,0.37419,0.02857,0.14664,0.38121,1,0,1,0
Jamnagar,1,6.9,3.3,3.39,6.5,0.689,20,2,76.7,27.4,30.5,1.0,0.02292,0.02349,0.52117,0.68866,0.95,0.9,0.53495,0.05714,0.09238,0.52438,1,0,0,0
Porbandar,1,5.7,3.7,3.14,6.2,0.654,8,1,86.2,12.4,27.0,1.0,0.01885,0.02624,0.50689,0.65359,0.98,0.95,0.7246,0.02857,0,0.35022,0,0,0,0
Navsari,1,94.6,51.7,6.07,7.3,1.0,11,1,75.4,26.8,31.6,1.0,0.31529,0.36906,0.83159,1.0,0.9725,0.95,0.50784,0.02857,0.08506,0.58038,0,0,0,0
Patan,1,17.5,14.9,2.85,6.0,0.554,70,1,77.1,14.3,26.9,0.0,0.05843,0.10642,0.47477,0.55389,0.825,0.95,0.54284,0.02857,0,0.34626,0,0,0,0
Valsad,0,25.2,15.5,2.91,7.0,0.505,12,2,63.7,16.5,31.2,1.0,0.08408,0.11046,0.41632,0.50493,0.97,0.9,0.27411,0.05714,0,0.56246,1,0,0,0
Patan,1,3.7,0.9,1.51,6.0,0.458,70,1,80.4,51.7,26.7,0.0,0.01225,0.00666,0.25141,0.45751,0.825,0.95,0.60819,0.02857,0.39615,0.3345,0,0,0,0
Navsari,1,72.5,30.5,4.77,7.3,1.0,11,1,86.7,50.3,23.4,1.0,0.24172,0.21793,0.65343,1.0,0.9725,0.95,0.73305,0.02857,0.37875,0.17076,1,0,0,0
Navsari,0,11.4,5.8,2.93,7.3,0.426,11,1,50.2,21.7,27.7,1.0,0.038,0.04137,0.40196,0.42554,0.9725,0.95,0.00311,0.02857,0.02157,0.38462,0,0,0,0
Valsad,0,2.3,1.1,3.02,7.0,0.616,12,2,38.2,26.1,29.5,1.0,0.00772,0.00756,0.4313,0.61588,0.97,0.9,0,0.05714,0.07565,0.47641,0,0,0,0
Dang,1,74.2,25.1,4.16,6.4,0.999,975,27,78.4,9.8,27.4,0.0,0.24724,0.17914,0.64961,0.99936,0,0,0.56856,0.77143,0,0.36882,0,0,0,1
Bhuj,1,5.8,2.5,2.07,5.8,0.479,110,4,77.6,6.2,25.6,1.0,0.01946,0.01802,0.35639,0.47852,0.725,0.8,0.55247,0.11429,0,0.28175,0,0,0,0
Bhuj,1,25.5,11.7,3.25,5.8,0.398,110,4,77.9,19.4,27.2,1.0,0.08486,0.08348,0.55964,0.39756,0.725,0.8,0.55759,0.11429,0,0.36041,0,0,0,0
Valsad,1,96.7,11.1,4.86,7.0,0.9,12,2,87.2,23.7,25.4,1.0,0.32221,0.07895,0.69484,0.89973,0.97,0.9,0.74495,0.05714,0.04584,0.26884,0,0,0,1
Bhavnagar,1,23.5,8.3,3.36,7.4,0.643,24,2,88.5,22.3,24.7,1.0,0.07835,0.059,0.45404,0.64321,0.94,0.9,0.77096,0.05714,0.02927,0.23556,0,0,0,0
Bhuj,1,42.3,19.5,2.84,5.8,0.476,110,4,83.9,58.2,26.1,1.0,0.14114,0.13936,0.48933,0.4756,0.725,0.8,0.67844,0.11429,0.47785,0.30382,0,0,0,0
Surat,1,76.7,28.0,5.47,9.4,0.876,13,1,76.3,32.6,28.9,1.0,0.25573,0.19976,0.58236,0.87605,0.9675,0.95,0.52657,0.02857,0.15792,0.44511,0,0,0,1
Patan,0,3.8,0.9,1.69,6.0,0.313,70,1,56.2,16.4,32.6,0.0,0.01272,0.00639,0.28158,0.31343,0.825,0.95,0.12443,0.02857,0,0.63094,0,0,0,0
Vadodara,0,9.7,8.2,3.41,8.0,0.412,39,2,41.2,18.9,29.6,0.0,0.03235,0.05892,0.42615,0.41183,0.9025,0.9,0,0.05714,0,0.48166,0,0,0,1
Bhavnagar,1,16.3,3.8,3.43,7.4,0.76,24,2,78.5,4.8,27.1,1.0,0.05433,0.02749,0.463,0.75957,0.94,0.9,0.56924,0.05714,0,0.35676,1,0,0,0
Patan,1,22.7,2.3,2.79,6.0,0.54,70,1,73.3,29.3,29.9,0.0,0.07577,0.01632,0.46448,0.53957,0.825,0.95,0.46631,0.02857,0.11568,0.49437,0,0,0,0
Bhavnagar,0,7.8,0.5,3.02,7.4,0.262,24,2,46.7,9.1,31.7,1.0,0.02601,0.00357,0.40869,0.26217,0.94,0.9,0,0.05714,0,0.585,0,0,0,0
Vadodara,0,18.1,3.4,3.7,8.0,0.429,39,2,53.3,8.8,36.8,0.0,0.06046,0.02421,0.46245,0.42875,0.9025,0.9,0.06581,0.05714,0,0.84249,0,0,0,0
Navsari,1,17.2,5.5,5.16,7.3,0.997,11,1,79.1,2.7,26.1,1.0,0.05717,0.03911,0.70708,0.99743,0.9725,0.95,0.58145,0.02857,0,0.30711,0,0,0,0
Surat,1,9.7,2.8,4.56,9.4,0.93,13,1,81.7,43.1,24.3,1.0,0.03249,0.01984,0.48486,0.92991,0.9675,0.95,0.6344,0.02857,0.28865,0.21359,1,1,1,0
Dang,0,6.0,3.8,2.78,6.4,0.654,975,27,43.0,5.0,32.3,0.0,0.01992,0.0273,0.43364,0.65434,0,0,0,0.77143,0,0.61534,0,0,0,0
Bhuj,1,30.0,3.1,1.74,5.8,0.344,110,4,71.9,30.7,27.2,1.0,0.09993,0.02182,0.29978,0.34405,0.725,0.8,0.43866,0.11429,0.13414,0.35985,0,0,0,0
Dang,1,114.0,41.8,5.44,6.4,1.0,975,27,83.1,19.0,20.8,0.0,0.38,0.29862,0.85022,1.0,0,0,0.66233,0.77143,0,0.04106,1,1,0,0
Porbandar,1,32.4,21.8,3.43,6.2,0.787,8,1,91.4,23.8,25.4,1.0,0.10809,0.15581,0.55327,0.78737,0.98,0.95,0.82805,0.02857,0.0476,0.27212,1,0,0,0
Jamnagar,1,40.1,28.0,3.62,6.5,0.684,20,2,82.1,39.3,29.6,1.0,0.13372,0.2002,0.55644,0.68411,0.95,0.9,0.64245,0.05714,0.24148,0.48076,1,0,0,0
Ahmedabad,1,48.4,22.0,5.45,8.5,0.789,53,2,72.6,8.6,27.7,0.0,0.16131,0.15684,0.64114,0.78876,0.8675,0.9,0.45254,0.05714,0,0.38355,0,0,0,0
Navsari,1,14.8,6.5,3.05,7.3,0.779,11,1,77.9,15.1,25.4,1.0,0.04932,0.04654,0.41758,0.7786,0.9725,0.95,0.55841,0.02857,0,0.26948,0,0,0,0
Ahmedabad,1,62.3,7.6,5.62,8.5,0.727,53,2,85.0,21.5,26.7,0.0,0.20782,0.05421,0.66141,0.72685,0.8675,0.9,0.69954,0.05714,0.01821,0.33316,1,0,0,0
Porbandar,1,23.8,9.3,3.14,6.2,0.771,8,1,74.9,4.2,26.5,1.0,0.07939,0.06659,0.5057,0.77061,0.98,0.95,0.4982,0.02857,0,0.32361,0,0,0,0
Bhavnagar,0,16.1,8.1,2.4,7.4,0.316,24,2,43.4,45.3,31.4,1.0,0.05375,0.05795,0.32489,0.31647,0.94,0.9,0,0.05714,0.31658,0.56838,0,0,0,0
Bhuj,1,14.9,5.6,2.53,5.8,0.447,110,4,87.1,11.2,28.7,1.0,0.04969,0.0397,0.4368,0.44654,0.725,0.8,0.7422,0.11429,0,0.43693,0,0,1,0
Vadodara,0,5.6,2.5,2.86,8.0,0.25,39,2,48.0,24.2,30.0,0.0,0.0186,0.01804,0.35728,0.25005,0.9025,0.9,0,0.05714,0.05274,0.4986,0,0,0,0
Valsad,1,24.6,20.9,3.68,7.0,0.819,12,2,67.7,30.0,26.1,1.0,0.08195,0.14927,0.52626,0.8194,0.97,0.9,0.35353,0.05714,0.12526,0.30691,0,0,0,0
Surat,1,22.8,14.3,4.87,9.4,0.918,13,1,70.1,11.0,28.2,1.0,0.07587,0.10216,0.51773,0.91779,0.9675,0.95,0.40108,0.02857,0,0.41233,1,0,0,0
Navsari,0,5.9,2.8,2.8,7.3,0.537,11,1,57.5,51.8,36.2,1.0,0.01952,0.02005,0.38296,0.53724,0.9725,0.95,0.15033,0.02857,0.39741,0.80925,1,0,0,0
Ahmedabad,0,12.0,1.6,3.56,8.5,0.424,53,2,52.1,9.7,31.8,0.0,0.04007,0.01177,0.41857,0.42376,0.8675,0.9,0.04259,0.05714,0,0.59155,0,0,0,0
Navsari,0,1.8,0.7,2.72,7.3,0.547,11,1,52.7,4.9,33.1,1.0,0.00608,0.00477,0.37303,0.54734,0.9725,0.95,0.054,0.02857,0,0.65511,0,0,1,0
Rajkot,0,1.6,0.3,2.32,7.2,0.293,134,3,57.2,21.7,35.5,0.0,0.00547,0.00238,0.32221,0.29283,0.665,0.85,0.14407,0.08571,0.0211,0.77337,0,0,0,0
Surat,0,8.6,2.4,4.11,9.4,0.46,13,1,68.4,28.3,30.0,1.0,0.02857,0.01697,0.43732,0.4603,0.9675,0.95,0.36892,0.02857,0.10358,0.50198,0,0,0,0
Bhavnagar,1,17.9,4.0,3.69,7.4,0.565,24,2,88.4,14.1,22.1,1.0,0.05977,0.02828,0.49882,0.56508,0.94,0.9,0.76863,0.05714,0,0.10704,0,0,0,0
Dang,1,66.2,16.4,4.47,6.4,0.948,975,27,79.7,8.7,25.2,0.0,0.22072,0.11737,0.69767,0.94799,0,0,0.59319,0.77143,0,0.26138,0,0,0,1
Vadodara,1,18.1,12.3,3.49,8.0,0.69,39,2,67.4,25.0,28.8,0.0,0.0604,0.08789,0.43601,0.68977,0.9025,0.9,0.34813,0.05714,0.06291,0.43919,0,0,0,0
Navsari,1,104.7,8.0,5.83,7.3,0.986,11,1,88.9,11.6,26.6,1.0,0.34898,0.05704,0.79822,0.98633,0.9725,0.95,0.7778,0.02857,0,0.33067,0,0,0,0
Vadodara,1,66.6,23.9,6.3,8.0,0.865,39,2,84.2,12.3,25.9,0.0,0.22187,0.17096,0.78712,0.86516,0.9025,0.9,0.684,0.05714,0,0.29415,1,0,0,0
Porbandar,1,23.2,19.7,2.65,6.2,0.606,8,1,74.2,52.7,24.5,1.0,0.07719,0.14059,0.42679,0.60581,0.98,0.95,0.48388,0.02857,0.40855,0.22526,0,0,1,0
Bhavnagar,1,35.3,17.7,4.56,7.4,0.721,24,2,70.6,17.7,26.2,1.0,0.11781,0.12616,0.61676,0.72078,0.94,0.9,0.41204,0.05714,0,0.30923,0,0,0,0
Valsad,1,45.7,15.8,3.14,7.0,0.907,12,2,88.8,31.0,30.5,1.0,0.15243,0.11304,0.44828,0.9075,0.97,0.9,0.77506,0.05714,0.1373,0.52523,0,0,0,0
Surat,0,29.0,14.0,6.06,9.4,0.6,13,1,43.5,3.0,30.9,1.0,0.09674,0.10014,0.64485,0.59951,0.9675,0.95,0,0.02857,0,0.54607,0,0,0,0
Surat,0,11.3,4.8,3.7,9.4,0.538,13,1,54.6,11.8,33.8,1.0,0.03763,0.03423,0.39365,0.53757,0.9675,0.95,0.09145,0.02857,0,0.68764,0,0,0,0
Navsari,1,45.0,37.9,5.68,7.3,1.0,11,1,87.0,24.4,24.8,1.0,0.14991,0.27049,0.77799,1.0,0.9725,0.95,0.74011,0.02857,0.05444,0.23975,0,0,0,0
Valsad,0,3.0,2.5,2.47,7.0,0.431,12,2,62.6,18.7,29.9,1.0,0.00991,0.01805,0.35312,0.43085,0.97,0.9,0.25249,0.05714,0,0.4975,0,0,0,0
Rajkot,1,20.4,10.4,3.68,7.2,0.625,134,3,80.6,23.1,28.2,0.0,0.06801,0.07463,0.51044,0.625,0.665,0.85,0.61254,0.08571,0.0382,0.41225,1,0,0,0
Ahmedabad,1,34.0,8.7,4.18,8.5,0.78,53,2,82.0,24.9,30.2,0.0,0.11339,0.06232,0.49142,0.77995,0.8675,0.9,0.63955,0.05714,0.06164,0.50999,1,0,0,0
Jamnagar,1,23.6,8.4,2.85,6.5,0.55,20,2,82.3,7.5,27.6,1.0,0.07876,0.0603,0.43884,0.55025,0.95,0.9,0.64699,0.05714,0,0.38201,0,0,0,0
Valsad,1,19.6,4.8,4.42,7.0,0.897,12,2,88.0,16.3,23.4,1.0,0.0652,0.0341,0.63191,0.89728,0.97,0.9,0.75921,0.05714,0,0.17239,1,0,0,0
Rajkot,0,5.7,4.3,1.74,7.2,0.229,134,3,45.9,2,33.5,0.0,0.01891,0.03061,0.24143,0.22889,0.665,0.85,0,0.08571,0,0.67498,0,0,0,0
Porbandar,1,40.4,19.5,3.5,6.2,0.616,8,1,85.1,9.4,29.5,1.0,0.13453,0.13945,0.56527,0.61569,0.98,0.95,0.70277,0.02857,0,0.47264,0,0,0,0
Dang,0,14.0,5.1,4.09,6.4,0.599,975,27,54.1,22.0,31.5,0.0,0.04678,0.03637,0.63892,0.59921,0,0,0.08285,0.77143,0.02466,0.57369,0,0,0,0
Navsari,0,8.3,2.5,2.43,7.3,0.485,11,1,47.0,5.6,32.5,1.0,0.02776,0.01774,0.33328,0.48494,0.9725,0.95,0,0.02857,0,0.62703,0,0,0,0
Jamnagar,1,24.3,16.2,4.22,6.5,0.782,20,2,100,25.8,25.6,1.0,0.08101,0.1158,0.64993,0.78198,0.95,0.9,1,0.05714,0.07288,0.27929,1,0,0,1
Valsad,1,20.1,16.1,3.78,7.0,0.826,12,2,87.3,7.3,27.4,1.0,0.06702,0.1148,0.53943,0.82633,0.97,0.9,0.7467,0.05714,0,0.36959,1,0,0,0
Valsad,1,124.3,73.5,5.64,7.0,1.0,12,2,89.8,21.4,26.8,1.0,0.41433,0.52493,0.80547,1.0,0.97,0.9,0.79517,0.05714,0.01755,0.34125,0,0,1,1
Bhavnagar,1,23.7,17.3,4.5,7.4,0.813,24,2,81.6,2,30.9,1.0,0.07907,0.12341,0.60847,0.81285,0.94,0.9,0.63177,0.05714,0,0.54488,1,0,0,1
Valsad,1,23.5,8.7,3.98,7.0,0.945,12,2,89.6,24.3,25.5,1.0,0.07842,0.06184,0.5683,0.94512,0.97,0.9,0.79107,0.05714,0.05341,0.27537,1,0,0,0
Surat,1,54.7,5.1,6.23,9.4,0.868,13,1,85.0,19.4,26.8,1.0,0.18246,0.03649,0.66296,0.86778,0.9675,0.95,0.69938,0.02857,0,0.33847,1,0,0,0
Rajkot,0,4.1,2.3,2.59,7.2,0.299,134,3,49.0,28.0,34.1,0.0,0.01355,0.01659,0.35966,0.29897,0.665,0.85,0,0.08571,0.09985,0.70628,0,0,0,0
Bhavnagar,0,3.0,1.4,2.77,7.4,0.281,24,2,64.1,52.9,34.0,1.0,0.01011,0.01006,0.37417,0.28081,0.94,0.9,0.28161,0.05714,0.41158,0.69846,0,0,0,0
Porbandar,1,38.1,4.9,2.97,6.2,0.841,8,1,85.8,20.5,24.6,1.0,0.12714,0.03525,0.47933,0.84086,0.98,0.95,0.71667,0.02857,0.00577,0.23101,0,0,0,0
Jamnagar,1,18.2,10.4,3.43,6.5,0.687,20,2,72.4,12.2,27.5,1.0,0.06077,0.07437,0.52711,0.68706,0.95,0.9,0.44804,0.05714,0,0.37444,0,0,0,0
Navsari,1,24.9,11.4,3.49,7.3,0.843,11,1,87.3,33.8,23.1,1.0,0.08288,0.08155,0.47762,0.84325,0.9725,0.95,0.74599,0.02857,0.17207,0.15419,0,0,0,0
Patan,1,17.6,14.3,3.08,6.0,0.467,70,1,76.7,7.2,27.9,0.0,0.05859,0.10193,0.51299,0.46658,0.825,0.95,0.53377,0.02857,0,0.39568,0,0,0,0
Navsari,1,8.0,3.3,4.01,7.3,0.917,11,1,70.3,28.1,28.8,1.0,0.02671,0.02332,0.54892,0.91725,0.9725,0.95,0.40532,0.02857,0.1018,0.43979,0,0,0,0
Rajkot,1,5.9,1.2,3.23,7.2,0.692,134,3,67.7,2.3,28.6,0.0,0.01971,0.00842,0.44863,0.69172,0.665,0.85,0.35435,0.08571,0,0.42986,0,0,0,0
Bhavnagar,0,9.5,7.5,2.81,7.4,0.285,24,2,51.7,40.9,34.2,1.0,0.0317,0.05369,0.38038,0.28487,0.94,0.9,0.03389,0.05714,0.26073,0.7088,0,0,0,0
Surat,0,9.0,5.7,4.38,9.4,0.519,13,1,51.4,16.1,33.0,1.0,0.02991,0.04047,0.4664,0.51921,0.9675,0.95,0.02766,0.02857,0,0.65038,0,0,0,0
Dang,1,40.0,22.1,4.1,6.4,0.946,975,27,80.2,13.6,29.8,0.0,0.13347,0.15808,0.64054,0.94551,0,0,0.60309,0.77143,0,0.48814,0,0,0,0
Bhuj,0,4.2,1.4,1.37,5.8,0.02,110,4,50.4,5.9,31.6,1.0,0.01414,0.0103,0.23661,0.02,0.725,0.8,0.00704,0.11429,0,0.58131,0,0,0,0
Patan,1,27.2,11.9,2.33,6.0,0.626,70,1,64.6,9.3,27.3,0.0,0.09082,0.08499,0.38771,0.62603,0.825,0.95,0.29144,0.02857,0,0.36601,0,0,0,0
Navsari,1,61.2,26.5,4.71,7.3,0.928,11,1,80.9,11.2,25.9,1.0,0.20387,0.18904,0.64459,0.92764,0.9725,0.95,0.61897,0.02857,0,0.29537,1,0,1,0
Dang,1,41.5,13.3,4.99,6.4,0.995,975,27,78.8,30.2,27.6,0.0,0.13839,0.09522,0.77983,0.99532,0,0,0.57587,0.77143,0.12811,0.37782,0,0,0,0
Bhavnagar,1,7.9,6.5,3.36,7.4,0.706,24,2,79.2,57.9,25.4,1.0,0.02617,0.04662,0.45427,0.7057,0.94,0.9,0.58341,0.05714,0.47423,0.26782,0,0,1,0
Porbandar,0,1.4,0.9,2.55,6.2,0.358,8,1,63.9,11.7,35.3,1.0,0.00471,0.00627,0.41182,0.35762,0.98,0.95,0.27748,0.02857,0,0.76561,0,0,0,0
Vadodara,0,3.5,1.3,3.43,8.0,0.449,39,2,52.0,17.0,33.2,0.0,0.01171,0.00908,0.42891,0.44919,0.9025,0.9,0.03949,0.05714,0,0.65951,0,0,0,0
Ahmedabad,0,10.2,4.8,3.03,8.5,0.423,53,2,47.5,6.6,32.3,0.0,0.03391,0.03424,0.35596,0.42275,0.8675,0.9,0,0.05714,0,0.61273,1,0,0,0
Porbandar,1,13.9,8.3,3.55,6.2,0.626,8,1,63.9,2.7,28.4,1.0,0.04633,0.05944,0.5723,0.62647,0.98,0.95,0.27794,0.02857,0,0.41887,1,0,0,0
Rajkot,1,35.1,10.5,3.45,7.2,0.622,134,3,81.9,16.6,26.5,0.0,0.11716,0.07494,0.47944,0.62241,0.665,0.85,0.6377,0.08571,0,0.3263,0,0,0,0
Porbandar,0,0.3,0.2,1.68,6.2,0.262,8,1,47.6,5.6,33.8,1.0,0.00093,0.00113,0.27174,0.26202,0.98,0.95,0,0.02857,0,0.68802,0,0,0,0
Porbandar,1,20.4,9.2,2.05,6.2,0.701,8,1,81.2,10.9,27.3,1.0,0.06798,0.06606,0.33106,0.70128,0.98,0.95,0.62424,0.02857,0,0.3634,0,0,0,0
Patan,1,28.6,7.3,3.1,6.0,0.484,70,1,72.3,7.5,23.3,0.0,0.09526,0.05198,0.51693,0.48431,0.825,0.95,0.44628,0.02857,0,0.16628,1,0,0,0
Jamnagar,1,20.1,11.5,3.25,6.5,0.639,20,2,85.7,7.3,28.8,1.0,0.06706,0.08213,0.50043,0.63878,0.95,0.9,0.71414,0.05714,0,0.44171,1,0,0,1
Dang,0,2.3,0.5,3.23,6.4,0.609,975,27,48.6,15.5,33.4,0.0,0.00769,0.00359,0.50517,0.60911,0,0,0,0.77143,0,0.6713,0,1,0,0
Dang,0,4.0,2.1,2.89,6.4,0.67,975,27,68.4,7.6,37.0,0.0,0.01328,0.01505,0.45191,0.67012,0,0,0.36707,0.77143,0,0.85206,0,0,0,0
Bhavnagar,0,5.3,2.7,2.67,7.4,0.321,24,2,51.1,13.1,24.6,1.0,0.01755,0.01936,0.36033,0.3207,0.94,0.9,0.0211,0.05714,0,0.22786,0,0,0,0
Patan,1,16.1,5.3,1.94,6.0,0.546,70,1,84.1,28.6,30.4,0.0,0.05374,0.03774,0.32367,0.54553,0.825,0.95,0.68113,0.02857,0.10785,0.51969,0,0,0,0
Navsari,1,61.7,26.6,4.32,7.3,0.896,11,1,80.8,4.5,24.0,1.0,0.20563,0.18989,0.592,0.89638,0.9725,0.95,0.61514,0.02857,0,0.20204,0,0,0,0
Valsad,1,7.1,3.4,3.93,7.0,0.862,12,2,70.7,9.6,25.8,1.0,0.02351,0.02408,0.5614,0.8617,0.97,0.9,0.4143,0.05714,0,0.28999,0,0,0,0
Jamnagar,1,16.7,6.0,3.3,6.5,0.666,20,2,80.9,17.7,28.0,1.0,0.05552,0.04312,0.50777,0.66609,0.95,0.9,0.61812,0.05714,0,0.39778,0,0,0,1
Surat,0,3.3,1.4,3.74,9.4,0.601,13,1,44.5,21.1,33.6,1.0,0.01116,0.01017,0.39792,0.60077,0.9675,0.95,0,0.02857,0.01428,0.68167,0,0,0,0
Surat,1,8.4,2.6,5.28,9.4,0.791,13,1,72.8,8.7,29.3,1.0,0.02798,0.01882,0.56174,0.79078,0.9675,0.95,0.45551,0.02857,0,0.46306,0,0,0,0
Jamnagar,0,3.1,1.1,2.07,6.5,0.386,20,2,43.2,38.3,33.3,1.0,0.01018,0.00817,0.31823,0.38629,0.95,0.9,0,0.05714,0.22905,0.66425,0,0,0,0
Navsari,0,3.5,0.2,3.28,7.3,0.452,11,1,46.3,13.8,33.3,1.0,0.01169,0.00125,0.44949,0.45165,0.9725,0.95,0,0.02857,0,0.66748,0,0,0,0
Patan,1,23.0,13.6,2.43,6.0,0.566,70,1,84.6,43.4,23.3,0.0,0.07664,0.09702,0.40473,0.56623,0.825,0.95,0.69298,0.02857,0.29302,0.16536,0,0,1,0
Patan,0,1.3,0.1,1.33,6.0,0.171,70,1,52.9,17.4,35.8,0.0,0.00433,0.00046,0.22192,0.17077,0.825,0.95,0.05835,0.02857,0,0.79171,0,0,0,0
Bhavnagar,0,1.2,0.3,2.15,7.4,0.48,24,2,41.9,21.0,33.1,1.0,0.00409,0.00235,0.29044,0.48015,0.94,0.9,0,0.05714,0.01241,0.65494,1,0,0,0
Navsari,1,53.8,25.3,3.65,7.3,0.961,11,1,77.5,14.0,26.4,1.0,0.17934,0.18038,0.49992,0.96083,0.9725,0.95,0.54957,0.02857,0,0.32229,0,0,0,0
Bhuj,1,27.1,16.4,2.75,5.8,0.565,110,4,75.3,31.4,29.9,1.0,0.09036,0.1169,0.47387,0.56454,0.725,0.8,0.50651,0.11429,0.14304,0.49307,0,0,0,0
Patan,0,0.7,0.4,2.9,6.0,0.23,70,1,37.2,10.5,32.9,0.0,0.00241,0.00318,0.48412,0.23014,0.825,0.95,0,0.02857,0,0.64302,0,0,0,0
Dang,1,75.2,46.6,3.74,6.4,0.944,975,27,82.5,10.3,24.1,0.0,0.25052,0.3325,0.5851,0.94409,0,0,0.65065,0.77143,0,0.20594,0,1,0,1
Porbandar,0,8.4,3.1,1.48,6.2,0.295,8,1,55.4,4.7,34.5,1.0,0.02807,0.02224,0.23802,0.29543,0.98,0.95,0.10795,0.02857,0,0.72383,0,0,0,0
Vadodara,0,4.8,2.7,3.09,8.0,0.326,39,2,48.3,21.6,30.1,0.0,0.01596,0.01944,0.38606,0.32593,0.9025,0.9,0,0.05714,0.02013,0.50684,0,0,0,0
Ahmedabad,0,8.5,4.6,3.93,8.5,0.448,53,2,46.6,30.9,30.6,0.0,0.02844,0.0329,0.46252,0.44826,0.8675,0.9,0,0.05714,0.1363,0.52924,0,0,0,0
Rajkot,0,7.7,1.2,2.64,7.2,0.365,134,3,53.2,29.4,31.3,0.0,0.02583,0.00846,0.36665,0.36454,0.665,0.85,0.06434,0.08571,0.11728,0.56742,0,0,0,0
Bhuj,1,19.2,10.9,2.42,5.8,0.388,110,4,72.6,15.7,31.3,1.0,0.06399,0.07783,0.41661,0.3883,0.725,0.8,0.45146,0.11429,0,0.56669,0,0,0,0
Navsari,1,65.7,9.4,3.8,7.3,0.866,11,1,75.0,39.7,28.8,1.0,0.21895,0.06708,0.51988,0.86626,0.9725,0.95,0.50059,0.02857,0.24672,0.44018,0,0,0,1
Rajkot,0,0.1,0.1,2.13,7.2,0.206,134,3,53.4,4.5,36.0,0.0,0.00048,0.00056,0.29633,0.20555,0.665,0.85,0.06813,0.08571,0,0.80133,0,0,0,0
Dang,0,16.2,2.8,3.78,6.4,0.667,975,27,47.7,42.0,34.8,0.0,0.05391,0.01967,0.58989,0.66682,0,0,0,0.77143,0.27464,0.74029,0,1,0,0
Navsari,0,4.9,2.1,3.78,7.3,0.616,11,1,53.8,23.5,32.0,1.0,0.01636,0.01488,0.51751,0.61562,0.9725,0.95,0.07526,0.02857,0.04413,0.60211,1,0,0,0
Bhuj,1,26.9,14.2,2.73,5.8,0.448,110,4,65.5,20.3,23.6,1.0,0.08969,0.10112,0.47094,0.4481,0.725,0.8,0.30972,0.11429,0.0038,0.18075,0,0,0,0
Surat,1,29.4,15.3,6.36,9.4,0.862,13,1,85.6,23.3,28.5,1.0,0.09793,0.10962,0.67669,0.86218,0.9675,0.95,0.71128,0.02857,0.0409,0.42515,0,0,0,0
Bhuj,0,2.8,1.0,1.94,5.8,0.172,110,4,60.7,44.2,34.9,1.0,0.00922,0.00694,0.33463,0.17196,0.725,0.8,0.21342,0.11429,0.30218,0.74738,0,0,0,0
Vadodara,1,39.4,16.7,5.42,8.0,0.718,39,2,94.9,17.6,26.1,0.0,0.13142,0.11956,0.6781,0.71819,0.9025,0.9,0.89897,0.05714,0,0.30692,1,0,0,0
Navsari,0,6.7,2.5,3.06,7.3,0.552,11,1,48.1,10.2,30.5,1.0,0.02244,0.01773,0.41927,0.55188,0.9725,0.95,0,0.02857,0,0.52703,0,0,0,0
Navsari,0,3.5,2.2,3.29,7.3,0.569,11,1,63.4,9.3,32.1,1.0,0.01152,0.01605,0.45098,0.56913,0.9725,0.95,0.26723,0.02857,0,0.60277,0,0,0,0
Navsari,0,36.7,12.8,3.77,7.3,0.531,11,1,67.9,7.2,26.6,1.0,0.12229,0.09165,0.51666,0.53136,0.9725,0.95,0.35746,0.02857,0,0.33117,0,0,0,0
Surat,0,12.8,3.0,5.24,9.4,0.533,13,1,63.4,23.0,31.6,1.0,0.04262,0.02178,0.55796,0.53271,0.9675,0.95,0.2684,0.02857,0.03734,0.58013,0,0,0,0
Navsari,0,4.3,1.9,2.93,7.3,0.49,11,1,50.1,27.5,37.2,1.0,0.01432,0.01352,0.40153,0.48955,0.9725,0.95,0.00162,0.02857,0.09401,0.8612,0,0,0,0
Valsad,0,9.6,2.0,2.71,7.0,0.396,12,2,46.6,4.6,32.0,1.0,0.03216,0.01451,0.38698,0.39599,0.97,0.9,0,0.05714,0,0.60001,0,0,0,0
Jamnagar,1,48.3,24.5,4.74,6.5,0.779,20,2,74.8,27.2,27.1,1.0,0.16088,0.1747,0.72981,0.77878,0.95,0.9,0.49584,0.05714,0.09,0.3534,0,0,0,0
Porbandar,1,23.1,6.0,3.05,6.2,0.753,8,1,73.9,17.5,31.4,1.0,0.07711,0.04316,0.49199,0.75289,0.98,0.95,0.47784,0.02857,0,0.56981,0,0,0,0
Dang,1,88.9,43.5,4.96,6.4,1.0,975,27,79.5,42.0,24.4,0.0,0.29644,0.31089,0.77544,1.0,0,0,0.59008,0.77143,0.275,0.22089,1,0,0,0
Patan,1,29.7,7.2,3.48,6.0,0.68,70,1,93.6,32.9,26.3,0.0,0.09915,0.05155,0.5801,0.67955,0.825,0.95,0.8711,0.02857,0.16159,0.31646,0,0,0,1
Vadodara,1,7.7,2.3,3.24,8.0,0.891,39,2,73.6,66.7,28.4,0.0,0.0255,0.01661,0.40517,0.89096,0.9025,0.9,0.4712,0.05714,0.58355,0.41789,0,0,0,0
Rajkot,0,3.8,2.9,2.87,7.2,0.163,134,3,32.5,20.4,35.2,0.0,0.01254,0.02042,0.39829,0.16259,0.665,0.85,0,0.08571,0.00474,0.75843,0,0,0,0
Surat,0,9.3,4.2,4.46,9.4,0.527,13,1,53.9,10.1,31.0,1.0,0.03108,0.03031,0.4742,0.52698,0.9675,0.95,0.07882,0.02857,0,0.55015,0,0,0,0
Navsari,1,16.1,12.2,4.42,7.3,0.978,11,1,80.5,18.3,31.9,1.0,0.05378,0.08694,0.60599,0.97774,0.9725,0.95,0.60998,0.02857,0,0.59251,0,0,1,0
Jamnagar,1,14.6,1.3,2.43,6.5,0.629,20,2,85.4,48.3,26.4,1.0,0.04859,0.00894,0.37374,0.62851,0.95,0.9,0.70857,0.05714,0.35429,0.32214,0,0,0,0
Navsari,1,107.1,42.7,5.61,7.3,0.906,11,1,84.1,40.2,25.0,1.0,0.35689,0.30535,0.7689,0.90635,0.9725,0.95,0.68225,0.02857,0.25199,0.24803,0,0,0,0
Bhavnagar,1,39.4,16.7,4.21,7.4,0.842,24,2,75.6,12.1,28.5,1.0,0.13146,0.11927,0.56873,0.84218,0.94,0.9,0.51271,0.05714,0,0.42401,0,0,0,0
Porbandar,1,10.2,5.6,3.04,6.2,0.632,8,1,97.7,33.6,26.5,1.0,0.03392,0.04025,0.4903,0.63169,0.98,0.95,0.95315,0.02857,0.16992,0.32708,0,0,0,0
Patan,0,4.0,0.7,3.14,6.0,0.249,70,1,49.9,7.8,30.9,0.0,0.0135,0.00476,0.52299,0.24866,0.825,0.95,0,0.02857,0,0.54528,0,0,0,0
Porbandar,0,6.4,3.0,2.33,6.2,0.363,8,1,51.5,11.6,36.7,1.0,0.02146,0.02136,0.37565,0.36327,0.98,0.95,0.03078,0.02857,0,0.83366,0,0,0,0
Dang,1,42.0,6.6,3.42,6.4,0.877,975,27,89.7,19.4,23.2,0.0,0.14015,0.0473,0.5345,0.87711,0,0,0.79424,0.77143,0,0.16028,0,0,0,0
Patan,0,4.9,3.4,2.87,6.0,0.263,70,1,45.4,37.3,31.9,0.0,0.01632,0.024,0.47843,0.26275,0.825,0.95,0,0.02857,0.2167,0.5928,0,0,0,0
Ahmedabad,1,64.4,13.5,6.97,8.5,0.791,53,2,83.2,13.5,23.5,0.0,0.21483,0.09614,0.81999,0.79098,0.8675,0.9,0.66339,0.05714,0,0.17728,0,0,0,0
Porbandar,1,14.8,6.8,3.3,6.2,0.719,8,1,83.5,13.9,30.2,1.0,0.04945,0.04824,0.5326,0.71894,0.98,0.95,0.66977,0.02857,0,0.50964,1,0,0,0
Ahmedabad,0,5.0,2.9,3.53,8.5,0.594,53,2,67.8,25.5,34.8,0.0,0.01661,0.02041,0.41512,0.59425,0.8675,0.9,0.35605,0.05714,0.06915,0.74106,0,0,0,0
Vadodara,1,27.5,10.6,3.78,8.0,0.605,39,2,79.0,3.6,25.6,0.0,0.09172,0.07539,0.47288,0.60473,0.9025,0.9,0.57901,0.05714,0,0.27964,0,0,0,0
Dang,1,9.1,2.5,4.36,6.4,0.948,975,27,72.5,31.5,29.1,0.0,0.03045,0.01782,0.6806,0.94757,0,0,0.44995,0.77143,0.14387,0.45383,0,0,0,0
Valsad,1,79.4,54.7,5.47,7.0,1.0,12,2,87.6,7.4,25.1,1.0,0.26465,0.39049,0.78204,1.0,0.97,0.9,0.75244,0.05714,0,0.25673,1,0,0,0
Jamnagar,1,50.1,28.9,3.38,6.5,0.728,20,2,81.8,85.2,26.0,1.0,0.16693,0.20623,0.52076,0.7279,0.95,0.9,0.63611,0.05714,0.81497,0.2979,0,0,0,0
Jamnagar,0,8.4,4.4,2.88,6.5,0.293,20,2,58.6,6.3,30.3,1.0,0.02799,0.03172,0.44298,0.29279,0.95,0.9,0.17227,0.05714,0,0.51521,0,0,0,0
Surat,0,3.6,1.9,3.21,9.4,0.449,13,1,59.9,49.8,32.7,1.0,0.01184,0.01349,0.34108,0.44876,0.9675,0.95,0.19762,0.02857,0.37295,0.6334,0,0,0,0
Patan,1,26.5,12.2,3.4,6.0,0.488,70,1,74.9,11.9,27.6,0.0,0.08837,0.08701,0.56734,0.48834,0.825,0.95,0.49816,0.02857,0,0.38085,0,0,0,0
Navsari,1,11.8,3.2,4.68,7.3,0.826,11,1,74.3,29.4,26.7,1.0,0.03938,0.02253,0.64162,0.82624,0.9725,0.95,0.48675,0.02857,0.11701,0.33644,0,0,0,0
Navsari,1,34.2,7.4,5.12,7.3,1.0,11,1,71.7,22.7,23.9,1.0,0.11386,0.05314,0.7016,1.0,0.9725,0.95,0.43349,0.02857,0.03324,0.19548,0,0,0,0
Porbandar,1,15.9,8.9,2.61,6.2,0.716,8,1,89.7,10.2,27.1,1.0,0.05315,0.06346,0.42118,0.71567,0.98,0.95,0.79462,0.02857,0,0.35298,0,0,0,0
Ahmedabad,0,3.3,1.5,3.51,8.5,0.375,53,2,48.8,21.9,28.1,0.0,0.01112,0.01097,0.41236,0.37526,0.8675,0.9,0,0.05714,0.02383,0.40384,0,0,0,0
Rajkot,0,4.1,2.1,2.65,7.2,0.315,134,3,59.3,13.0,33.4,0.0,0.01375,0.01493,0.36842,0.31488,0.665,0.85,0.18635,0.08571,0,0.67131,0,0,0,0
Porbandar,0,12.7,3.7,2.5,6.2,0.351,8,1,39.1,25.0,32.3,1.0,0.04242,0.0264,0.40269,0.35083,0.98,0.95,0,0.02857,0.06289,0.61417,0,0,0,0
Jamnagar,0,5.2,1.3,3.28,6.5,0.327,20,2,52.0,10.4,33.8,1.0,0.01723,0.00904,0.50413,0.32726,0.95,0.9,0.04012,0.05714,0,0.68901,0,0,0,0
Valsad,0,2.6,0.6,3.57,7.0,0.521,12,2,47.5,51.2,32.5,1.0,0.00855,0.00413,0.51051,0.52063,0.97,0.9,0,0.05714,0.39053,0.62301,0,0,1,0
Porbandar,1,15.5,6.7,2.89,6.2,0.814,8,1,75.6,6.1,28.9,1.0,0.0517,0.04768,0.46668,0.81396,0.98,0.95,0.51279,0.02857,0,0.44272,1,0,0,0
Jamnagar,0,3.9,0.2,3.47,6.5,0.343,20,2,34.8,10.0,28.4,1.0,0.0129,0.00163,0.5346,0.3428,0.95,0.9,0,0.05714,0,0.4201,0,0,0,0
Navsari,0,11.5,3.0,4.04,7.3,0.582,11,1,63.5,12.8,31.7,1.0,0.03848,0.02134,0.55377,0.58196,0.9725,0.95,0.2691,0.02857,0,0.58611,0,0,0,0
Dang,0,5.1,2.6,3.11,6.4,0.68,975,27,48.4,11.9,32.0,0.0,0.01688,0.01864,0.48645,0.68047,0,0,0,0.77143,0,0.60099,0,0,0,0
Surat,1,30.6,23.5,6.49,9.4,0.984,13,1,76.0,36.1,24.3,1.0,0.10193,0.16756,0.69038,0.9838,0.9675,0.95,0.51956,0.02857,0.2017,0.21684,1,0,1,0
Bhuj,1,12.2,6.6,2.53,5.8,0.56,110,4,72.2,10.4,26.7,1.0,0.04077,0.04682,0.436,0.55957,0.725,0.8,0.44358,0.11429,0,0.33293,0,0,0,0
Bhavnagar,1,10.4,1.6,3.97,7.4,0.752,24,2,88.0,12.6,22.9,1.0,0.03468,0.01162,0.53664,0.75172,0.94,0.9,0.75952,0.05714,0,0.14621,0,0,0,0
Ahmedabad,1,13.8,2.1,4.58,8.5,0.859,53,2,72.7,12.9,28.0,0.0,0.04592,0.01505,0.53837,0.85867,0.8675,0.9,0.45494,0.05714,0,0.39939,0,0,0,1
Vadodara,0,5.9,2.9,3.42,8.0,0.368,39,2,54.2,26.2,33.9,0.0,0.01956,0.02068,0.42768,0.36845,0.9025,0.9,0.0848,0.05714,0.07789,0.69645,0,0,0,0
Ahmedabad,1,83.1,22.9,5.73,8.5,0.86,53,2,89.0,8.6,28.5,0.0,0.27702,0.16326,0.67439,0.86046,0.8675,0.9,0.77991,0.05714,0,0.42315,1,0,0,0
Bhavnagar,1,24.8,7.8,4.23,7.4,0.797,24,2,85.5,6.1,26.9,1.0,0.0825,0.05563,0.57148,0.79676,0.94,0.9,0.70974,0.05714,0,0.34688,0,0,0,0
Dang,0,11.9,4.2,3.78,6.4,0.654,975,27,52.5,16.9,34.4,0.0,0.0397,0.03007,0.59121,0.65413,0,0,0.05063,0.77143,0,0.72008,0,0,0,0
Porbandar,1,11.3,7.4,2.45,6.2,0.679,8,1,80.4,5.8,28.3,1.0,0.03766,0.05309,0.39443,0.67931,0.98,0.95,0.60771,0.02857,0,0.41304,0,0,0,1
Jamnagar,0,12.2,4.4,2.61,6.5,0.306,20,2,49.0,7.7,31.7,1.0,0.04066,0.03116,0.40083,0.3064,0.95,0.9,0,0.05714,0,0.58312,0,0,0,0
Jamnagar,1,7.0,3.9,2.58,6.5,0.777,20,2,77.3,7.5,26.3,1.0,0.0233,0.02804,0.39629,0.77743,0.95,0.9,0.54534,0.05714,0,0.31445,0,0,0,0
Bhavnagar,1,33.1,18.6,3.72,7.4,0.535,24,2,92.9,32.2,23.7,1.0,0.11031,0.13265,0.5024,0.5348,0.94,0.9,0.85857,0.05714,0.15304,0.18506,0,0,0,1
Rajkot,1,11.4,5.6,3.65,7.2,0.629,134,3,75.1,8.2,24.5,0.0,0.03801,0.03965,0.50751,0.62869,0.665,0.85,0.50215,0.08571,0,0.22523,0,0,0,0
Navsari,1,43.1,10.4,3.99,7.3,0.801,11,1,71.9,22.6,25.8,1.0,0.14369,0.07446,0.54678,0.80089,0.9725,0.95,0.43833,0.02857,0.03211,0.28868,0,0,0,0
Bhavnagar,0,4.3,2.6,3.22,7.4,0.345,24,2,49.0,34.3,36.3,1.0,0.01442,0.01846,0.43526,0.34453,0.94,0.9,0,0.05714,0.17886,0.81633,0,0,0,0
Bhavnagar,0,15.3,9.7,3.19,7.4,0.386,24,2,48.3,14.2,34.6,1.0,0.05096,0.06955,0.43114,0.38605,0.94,0.9,0,0.05714,0,0.73058,0,0,0,1
Jamnagar,0,0.6,0.4,2.98,6.5,0.292,20,2,58.1,19.4,35.3,1.0,0.0019,0.00311,0.4577,0.29242,0.95,0.9,0.16258,0.05714,0,0.76741,0,1,0,0
Porbandar,0,2.9,0.6,2.77,6.2,0.305,8,1,63.2,10.5,36.0,1.0,0.00973,0.00422,0.44616,0.30464,0.98,0.95,0.26378,0.02857,0,0.79963,0,0,0,0
Surat,0,9.1,4.0,4.45,9.4,0.574,13,1,51.0,70.6,33.0,1.0,0.03045,0.02863,0.47393,0.57393,0.9675,0.95,0.01913,0.02857,0.63256,0.64806,0,0,0,0
Rajkot,0,2.1,0.5,2.77,7.2,0.239,134,3,50.1,11.0,30.3,0.0,0.00693,0.00387,0.38459,0.23884,0.665,0.85,0.0012,0.08571,0,0.5143,0,0,0,0
Bhuj,1,18.0,7.8,2.98,5.8,0.406,110,4,86.1,6.7,26.3,1.0,0.06004,0.05553,0.51349,0.40582,0.725,0.8,0.72149,0.11429,0,0.31731,0,0,1,0
Rajkot,1,14.4,8.4,3.51,7.2,0.586,134,3,79.6,5.8,28.0,0.0,0.04786,0.05983,0.48775,0.58615,0.665,0.85,0.59173,0.08571,0,0.39956,0,0,0,0
Valsad,1,94.4,26.3,5.24,7.0,0.936,12,2,90.7,14.0,26.6,1.0,0.31471,0.18766,0.74788,0.93574,0.97,0.9,0.81415,0.05714,0,0.3302,1,0,0,0
Dang,0,4.3,1.0,2.2,6.4,0.612,975,27,46.1,3.1,34.5,0.0,0.01422,0.00694,0.34448,0.61237,0,0,0,0.77143,0,0.72498,0,0,0,0
Patan,0,2.5,0.5,1.99,6.0,0.212,70,1,46.1,15.4,27.7,0.0,0.00826,0.00345,0.3317,0.21195,0.825,0.95,0,0.02857,0,0.38309,0,0,0,0
Patan,0,3.8,1.5,2.14,6.0,0.153,70,1,62.2,27.9,34.8,0.0,0.01251,0.01103,0.35684,0.15253,0.825,0.95,0.24419,0.02857,0.099,0.73827,0,0,0,0
Surat,1,52.2,30.4,5.54,9.4,0.881,13,1,85.7,4.6,29.9,1.0,0.17386,0.21703,0.58946,0.88109,0.9675,0.95,0.71323,0.02857,0,0.49642,1,0,0,1
Dang,1,9.0,3.9,3.15,6.4,0.926,975,27,76.1,15.0,26.7,0.0,0.02992,0.0278,0.49243,0.92639,0,0,0.52107,0.77143,0,0.33739,0,1,0,0
Surat,1,41.6,30.7,4.95,9.4,0.826,13,1,68.4,31.9,27.3,1.0,0.13852,0.21952,0.527,0.82563,0.9675,0.95,0.36844,0.02857,0.14899,0.36404,1,0,1,0
Patan,1,9.6,5.9,2.07,6.0,0.607,70,1,77.9,9.3,22.5,0.0,0.03187,0.04246,0.34544,0.60718,0.825,0.95,0.55833,0.02857,0,0.12296,0,0,1,0
Patan,0,5.5,0.6,2.03,6.0,0.193,70,1,54.6,4.2,30.5,0.0,0.01849,0.004,0.33801,0.19251,0.825,0.95,0.09142,0.02857,0,0.52402,0,0,0,0
Vadodara,0,6.7,1.4,3.17,8.0,0.301,39,2,48.4,2.7,32.2,0.0,0.02224,0.0099,0.39642,0.3011,0.9025,0.9,0,0.05714,0,0.60793,0,0,0,0
Rajkot,1,18.5,5.4,3.54,7.2,0.693,134,3,87.6,8.4,28.1,0.0,0.06179,0.03875,0.49178,0.6933,0.665,0.85,0.75148,0.08571,0,0.40628,0,0,0,0
Bhavnagar,0,15.4,1.3,2.82,7.4,0.352,24,2,51.7,17.0,32.4,1.0,0.05143,0.00961,0.3817,0.35246,0.94,0.9,0.03333,0.05714,0,0.61851,0,0,0,0
Ahmedabad,1,21.3,13.0,4.63,8.5,0.686,53,2,76.9,23.4,27.7,0.0,0.07114,0.09273,0.54465,0.68557,0.8675,0.9,0.53827,0.05714,0.04308,0.38398,0,0,0,0
Jamnagar,1,7.5,3.2,2.06,6.5,0.519,20,2,84.8,3.3,30.0,1.0,0.02511,0.0229,0.3172,0.51935,0.95,0.9,0.69577,0.05714,0,0.50249,0,0,0,1
Rajkot,1,5.8,2.1,2.97,7.2,0.513,134,3,78.9,7.1,24.8,0.0,0.01929,0.01475,0.41225,0.513,0.665,0.85,0.57868,0.08571,0,0.23832,0,0,1,0
Ahmedabad,1,25.1,11.6,4.37,8.5,0.809,53,2,80.6,7.0,24.3,0.0,0.08371,0.08287,0.51432,0.80882,0.8675,0.9,0.61266,0.05714,0,0.21398,0,0,0,0
Valsad,1,261.5,201.4,8.91,7.0,1.0,12,2,91.8,11.6,22.3,1.0,0.87156,1.2,1.27286,1.0,0.97,0.9,0.83541,0.05714,0,0.11618,1,0,1,1
Navsari,1,64.8,31.0,5.55,7.3,0.964,11,1,94.2,4.3,22.2,1.0,0.21588,0.2212,0.76045,0.96357,0.9725,0.95,0.88422,0.02857,0,0.11106,1,0,0,1
Surat,1,59.6,27.1,6.65,9.4,0.855,13,1,91.6,15.7,26.3,1.0,0.19862,0.19385,0.70711,0.85474,0.9675,0.95,0.83138,0.02857,0,0.31371,0,0,0,0
Bhavnagar,0,5.8,3.1,4.3,7.4,0.5,24,2,46.1,2,27.6,1.0,0.01932,0.02245,0.58051,0.49969,0.94,0.9,0,0.05714,0,0.38207,0,0,0,0
Ahmedabad,1,48.3,31.5,4.99,8.5,0.778,53,2,73.2,28.1,28.8,0.0,0.16105,0.22524,0.58694,0.77817,0.8675,0.9,0.46385,0.05714,0.1008,0.43844,1,0,0,0
Valsad,0,8.6,3.6,3.42,7.0,0.492,12,2,45.0,65.8,33.9,1.0,0.02878,0.02594,0.48873,0.49171,0.97,0.9,0,0.05714,0.57303,0.69603,0,0,0,0
Bhavnagar,1,31.4,5.3,4.08,7.4,0.652,24,2,70.6,35.4,27.6,1.0,0.10456,0.03816,0.5508,0.65224,0.94,0.9,0.41113,0.05714,0.19299,0.37773,0,0,0,0
Vadodara,1,93.0,65.6,5.6,8.0,0.847,39,2,91.5,27.3,23.3,0.0,0.30992,0.46842,0.69986,0.84709,0.9025,0.9,0.83015,0.05714,0.09091,0.16569,1,0,0,1
Navsari,1,84.0,54.8,5.7,7.3,0.95,11,1,79.1,28.6,24.4,1.0,0.27998,0.39165,0.78104,0.95005,0.9725,0.95,0.58252,0.02857,0.10709,0.22172,1,0,0,1
Porbandar,0,13.1,9.5,2.69,6.2,0.305,8,1,37.3,23.9,29.7,1.0,0.04356,0.06784,0.4341,0.30533,0.98,0.95,0,0.02857,0.04824,0.4833,0,0,0,0
Surat,1,41.0,13.8,4.89,9.4,0.915,13,1,85.3,20.2,25.2,1.0,0.13682,0.09827,0.52065,0.91469,0.9675,0.95,0.70683,0.02857,0.00264,0.25791,0,0,0,0
Bhuj,1,9.9,4.8,1.9,5.8,0.472,110,4,79.6,35.1,30.1,1.0,0.03292,0.03449,0.32839,0.47228,0.725,0.8,0.59107,0.11429,0.18832,0.50423,1,0,0,0
Ahmedabad,1,53.2,26.3,5.38,8.5,0.889,53,2,80.7,19.6,25.5,0.0,0.17726,0.18796,0.63274,0.88894,0.8675,0.9,0.61462,0.05714,0,0.27395,0,1,0,0
Jamnagar,0,2.3,0.4,2.88,6.5,0.391,20,2,64.7,5.2,32.6,1.0,0.00761,0.00287,0.4436,0.3913,0.95,0.9,0.29394,0.05714,0,0.63151,0,0,0,0
Navsari,1,68.4,49.1,5.76,7.3,1.0,11,1,86.1,6.4,25.5,1.0,0.22793,0.3508,0.78858,1.0,0.9725,0.95,0.72252,0.02857,0,0.2763,0,0,0,0
Vadodara,0,5.5,2.9,3.3,8.0,0.337,39,2,45.4,20.8,34.1,0.0,0.01818,0.02086,0.41297,0.33744,0.9025,0.9,0,0.05714,0.0104,0.70697,0,0,0,0
Vadodara,1,39.3,21.6,5.46,8.0,0.88,39,2,82.8,12.8,26.7,0.0,0.13104,0.15397,0.68205,0.88025,0.9025,0.9,0.65526,0.05714,0,0.3328,0,0,0,0
Porbandar,0,7.4,2.4,3.68,6.2,0.402,8,1,36.4,28.3,29.2,1.0,0.02471,0.01742,0.59414,0.40241,0.98,0.95,0,0.02857,0.10395,0.45915,0,0,0,0
Navsari,0,16.7,9.4,2.72,7.3,0.483,11,1,53.7,75.7,33.3,1.0,0.05551,0.06718,0.37203,0.48307,0.9725,0.95,0.07427,0.02857,0.69599,0.66317,0,0,0,0
Bhuj,1,45.2,10.7,2.49,5.8,0.509,110,4,85.2,30.8,29.4,1.0,0.15073,0.07639,0.42948,0.50904,0.725,0.8,0.70423,0.11429,0.13507,0.46917,1,0,0,0
Porbandar,1,46.9,11.7,3.06,6.2,0.641,8,1,90.6,14.9,23.2,1.0,0.15634,0.08352,0.49322,0.64056,0.98,0.95,0.81122,0.02857,0,0.16076,1,0,0,0
Valsad,0,13.6,5.5,1.9,7.0,0.563,12,2,69.5,21.6,32.9,1.0,0.04526,0.03899,0.27167,0.56335,0.97,0.9,0.38921,0.05714,0.01942,0.64357,0,0,0,0
Rajkot,1,18.4,2.3,3.55,7.2,0.681,134,3,69.4,12.8,26.7,0.0,0.06136,0.01626,0.49372,0.68137,0.665,0.85,0.38834,0.08571,0,0.33502,0,0,0,0
Bhavnagar,0,1.6,1.4,2.84,7.4,0.355,24,2,59.3,12.3,31.6,1.0,0.00539,0.00982,0.38397,0.35521,0.94,0.9,0.18647,0.05714,0,0.57776,0,0,1,0
Jamnagar,1,5.9,3.2,3.12,6.5,0.606,20,2,86.1,12.1,29.5,1.0,0.01959,0.0231,0.47979,0.60643,0.95,0.9,0.72174,0.05714,0,0.47642,1,0,1,0
Dang,0,6.4,2.6,3.23,6.4,0.729,975,27,61.1,2,33.6,0.0,0.02145,0.01845,0.50524,0.72895,0,0,0.22129,0.77143,0,0.67833,0,0,0,0
Rajkot,1,8.7,0.4,3.95,7.2,0.56,134,3,83.0,10.0,27.2,0.0,0.029,0.00316,0.54817,0.56012,0.665,0.85,0.66004,0.08571,0,0.35863,0,0,0,0
Valsad,1,112.7,60.1,5.75,7.0,1.0,12,2,93.2,16.1,24.9,1.0,0.37577,0.42913,0.82174,1.0,0.97,0.9,0.86319,0.05714,0,0.24457,1,0,0,0
Ahmedabad,1,26.0,12.4,5.75,8.5,0.857,53,2,84.5,18.2,29.8,0.0,0.08667,0.08872,0.67593,0.85667,0.8675,0.9,0.69047,0.05714,0,0.48871,1,0,0,0
Navsari,1,39.2,15.2,4.16,7.3,0.828,11,1,83.6,17.4,27.1,1.0,0.13051,0.10825,0.57037,0.82811,0.9725,0.95,0.67107,0.02857,0,0.3538,1,0,0,0
Bhavnagar,1,15.0,3.5,3.06,7.4,0.656,24,2,79.9,23.8,29.7,1.0,0.04999,0.02489,0.41402,0.65582,0.94,0.9,0.59777,0.05714,0.04727,0.48275,0,0,0,0
Jamnagar,0,5.5,3.5,2.81,6.5,0.433,20,2,50.7,11.7,32.6,1.0,0.01837,0.02506,0.43172,0.43289,0.95,0.9,0.01485,0.05714,0,0.62941,0,0,0,0
Porbandar,1,27.5,17.0,2.94,6.2,0.596,8,1,79.7,10.7,27.2,1.0,0.09168,0.12148,0.47406,0.59576,0.98,0.95,0.59339,0.02857,0,0.35764,0,0,0,0
Navsari,1,14.3,7.2,3.74,7.3,0.799,11,1,80.1,25.6,26.8,1.0,0.04753,0.05178,0.5125,0.7987,0.9725,0.95,0.60188,0.02857,0.06974,0.33821,1,0,0,0
Bhuj,1,21.8,8.6,3.55,5.8,0.557,110,4,78.0,49.7,31.1,1.0,0.0727,0.06123,0.61272,0.55651,0.725,0.8,0.56005,0.11429,0.37176,0.55576,0,0,0,0
Bhuj,0,2.3,1.9,2.34,5.8,0.11,110,4,49.8,39.2,30.1,1.0,0.00783,0.01341,0.40259,0.1101,0.725,0.8,0,0.11429,0.2402,0.50263,0,0,0,0
Bhavnagar,1,59.2,28.7,4.7,7.4,0.771,24,2,93.6,2,27.4,1.0,0.19721,0.20478,0.63571,0.77091,0.94,0.9,0.87265,0.05714,0,0.36936,1,0,0,0
Surat,1,6.5,1.6,4.82,9.4,0.767,13,1,87.8,38.3,26.8,1.0,0.02172,0.01148,0.51251,0.7673,0.9675,0.95,0.75632,0.02857,0.22928,0.33902,0,1,0,0
Vadodara,1,50.9,33.1,4.82,8.0,0.65,39,2,84.3,46.4,23.5,0.0,0.16952,0.23608,0.60298,0.65042,0.9025,0.9,0.68575,0.05714,0.32984,0.177,0,0,0,0
Porbandar,0,3.6,1.5,3.23,6.2,0.308,8,1,51.3,12.5,32.0,1.0,0.01193,0.01103,0.52084,0.30836,0.98,0.95,0.02676,0.02857,0,0.59899,0,0,0,0
Bhavnagar,1,10.1,5.5,3.84,7.4,0.63,24,2,78.0,7.1,25.7,1.0,0.03376,0.03936,0.51862,0.62977,0.94,0.9,0.56029,0.05714,0,0.28399,0,0,0,0
Vadodara,1,9.9,4.2,4.07,8.0,0.935,39,2,77.8,22.1,25.8,0.0,0.03295,0.02993,0.50893,0.93469,0.9025,0.9,0.55662,0.05714,0.02619,0.28983,0,0,0,0
Rajkot,1,47.8,18.8,3.32,7.2,0.592,134,3,70.7,4.2,28.2,0.0,0.1593,0.13422,0.4608,0.59225,0.665,0.85,0.41374,0.08571,0,0.41157,1,0,0,0
Porbandar,1,57.4,44.6,4.04,6.2,0.742,8,1,84.0,32.4,20.0,1.0,0.19138,0.3185,0.6512,0.74203,0.98,0.95,0.68047,0.02857,0.15557,0.00096,1,0,0,0
Vadodara,1,21.3,5.4,4.12,8.0,0.727,39,2,84.4,10.5,31.5,0.0,0.07092,0.03868,0.51446,0.7269,0.9025,0.9,0.6873,0.05714,0,0.57732,1,0,0,0
Bhavnagar,0,7.2,2.6,3.06,7.4,0.391,24,2,70.2,23.6,28.6,1.0,0.02395,0.01875,0.41302,0.39117,0.94,0.9,0.40461,0.05714,0.04561,0.43029,0,0,0,0
Valsad,1,112.0,45.6,5.46,7.0,1.0,12,2,72.1,10.2,29.9,1.0,0.37334,0.32596,0.78049,1.0,0.97,0.9,0.44112,0.05714,0,0.49457,0,0,0,0
Bhavnagar,0,6.5,2.4,3.05,7.4,0.375,24,2,64.6,28.7,27.5,1.0,0.02155,0.01704,0.4124,0.37464,0.94,0.9,0.29187,0.05714,0.10836,0.37435,1,0,0,0
Jamnagar,0,2.8,1.1,2.75,6.5,0.456,20,2,38.0,26.7,33.2,1.0,0.00928,0.00797,0.42345,0.45644,0.95,0.9,0,0.05714,0.08366,0.6601,0,0,0,0
Jamnagar,0,8.7,1.2,3.02,6.5,0.304,20,2,54.0,27.5,34.7,1.0,0.02893,0.00891,0.46428,0.30404,0.95,0.9,0.07933,0.05714,0.09434,0.73418,0,0,0,0
Ahmedabad,1,62.7,32.3,6.07,8.5,0.767,53,2,79.4,18.4,25.8,0.0,0.20884,0.23092,0.71431,0.76656,0.8675,0.9,0.58774,0.05714,0,0.28966,1,0,0,0
Bhuj,1,19.7,2.1,2.12,5.8,0.42,110,4,78.3,34.8,28.6,1.0,0.06581,0.01481,0.36573,0.42003,0.725,0.8,0.5664,0.11429,0.1849,0.42942,0,0,0,0
Bhuj,1,53.0,23.2,3.01,5.8,0.562,110,4,91.7,23.0,30.0,1.0,0.17668,0.16544,0.51834,0.56157,0.725,0.8,0.83326,0.11429,0.03697,0.49883,0,0,0,0
Navsari,1,29.9,3.8,4.01,7.3,0.87,11,1,79.1,4.7,27.7,1.0,0.09972,0.02736,0.54953,0.86996,0.9725,0.95,0.58244,0.02857,0,0.38439,0,0,0,0
Bhuj,1,15.6,0.9,3.14,5.8,0.658,110,4,86.9,18.8,29.1,1.0,0.05194,0.00672,0.54075,0.65757,0.725,0.8,0.73797,0.11429,0,0.45479,0,0,0,0
Porbandar,0,1.4,0.8,2.33,6.2,0.353,8,1,58.3,42.0,32.8,1.0,0.00473,0.00541,0.37647,0.3525,0.98,0.95,0.16601,0.02857,0.27459,0.64073,1,0,0,0
Patan,1,13.5,4.7,2.55,6.0,0.482,70,1,69.6,3.2,23.5,0.0,0.04496,0.03328,0.42448,0.48221,0.825,0.95,0.39157,0.02857,0,0.17429,0,0,0,0
Ahmedabad,1,3.8,2.2,5.25,8.5,0.77,53,2,62.9,24.6,28.5,0.0,0.01274,0.01557,0.6173,0.77043,0.8675,0.9,0.25822,0.05714,0.05689,0.42507,0,0,0,1
Navsari,0,9.5,5.1,4.25,7.3,0.557,11,1,54.8,50.5,30.6,1.0,0.03167,0.03626,0.58232,0.55704,0.9725,0.95,0.09579,0.02857,0.3811,0.53214,0,0,0,0
Vadodara,1,35.1,19.8,5.27,8.0,0.778,39,2,88.3,15.1,23.3,0.0,0.11709,0.14144,0.6582,0.77812,0.9025,0.9,0.76512,0.05714,0,0.1671,0,0,0,0
Ahmedabad,1,2.0,1.5,5.33,8.5,0.735,53,2,84.4,16.7,27.3,0.0,0.0066,0.011,0.62678,0.73453,0.8675,0.9,0.68877,0.05714,0,0.36567,0,0,1,0
Ahmedabad,0,3.6,0.8,3.5,8.5,0.443,53,2,49.7,12.4,31.6,0.0,0.01201,0.00578,0.41227,0.44287,0.8675,0.9,0,0.05714,0,0.58163,0,0,0,0
Dang,0,6.6,2.0,2.22,6.4,0.484,975,27,51.7,8.5,35.1,0.0,0.02186,0.01418,0.34652,0.48374,0,0,0.03468,0.77143,0,0.75323,0,0,0,0
Navsari,1,106.9,69.5,5.79,7.3,1.0,11,1,88.8,21.9,24.1,1.0,0.35631,0.49654,0.79354,1.0,0.9725,0.95,0.77649,0.02857,0.02351,0.20569,1,0,0,0
Ahmedabad,1,13.9,3.6,4.35,8.5,0.796,53,2,84.2,7.2,22.8,0.0,0.04625,0.02571,0.51119,0.79649,0.8675,0.9,0.68372,0.05714,0,0.14177,0,0,0,1
Bhuj,0,3.1,0.7,1.11,5.8,0.077,110,4,55.1,5.9,30.0,1.0,0.01044,0.00473,0.19159,0.07709,0.725,0.8,0.10282,0.11429,0,0.50244,0,0,0,0
Ahmedabad,0,8.0,1.7,3.51,8.5,0.338,53,2,64.6,26.8,27.8,0.0,0.02673,0.01217,0.41315,0.3383,0.8675,0.9,0.29156,0.05714,0.08537,0.39149,0,0,0,0
Ahmedabad,1,89.8,51.9,6.56,8.5,1.0,53,2,84.7,20.4,25.2,0.0,0.29946,0.37043,0.77153,1.0,0.8675,0.9,0.6949,0.05714,0.0049,0.26065,1,0,0,0
Vadodara,0,2.4,0.6,2.42,8.0,0.306,39,2,51.7,13.4,32.6,0.0,0.00795,0.00406,0.30271,0.30597,0.9025,0.9,0.03302,0.05714,0,0.62969,0,0,0,0
Patan,0,1.2,0.5,1.99,6.0,0.166,70,1,53.7,5.7,33.6,0.0,0.00392,0.00363,0.33107,0.16567,0.825,0.95,0.07466,0.02857,0,0.67821,0,0,0,0
Bhuj,0,3.9,1.9,2.41,5.8,0.02,110,4,54.9,22.5,33.9,1.0,0.01296,0.01326,0.41614,0.02,0.725,0.8,0.09891,0.11429,0.03158,0.69349,0,0,0,0
Porbandar,1,13.2,7.1,3.35,6.2,0.623,8,1,82.7,5.6,27.4,1.0,0.04391,0.05072,0.54107,0.62309,0.98,0.95,0.65331,0.02857,0,0.37178,1,0,0,0
Bhuj,1,5.5,1.8,2.67,5.8,0.462,110,4,88.6,12.5,26.8,1.0,0.01848,0.01318,0.46061,0.46206,0.725,0.8,0.77188,0.11429,0,0.3381,0,0,0,0
Bhavnagar,1,4.2,2.6,3.1,7.4,0.677,24,2,84.9,49.9,23.5,1.0,0.0139,0.01888,0.41955,0.67732,0.94,0.9,0.69805,0.05714,0.37351,0.17577,0,0,0,0
Bhuj,0,0.1,0.0,2.45,5.8,0.208,110,4,59.7,12.0,33.8,1.0,0.0005,0.00034,0.42188,0.20768,0.725,0.8,0.19412,0.11429,0,0.69168,1,0,0,0
Navsari,1,24.5,13.0,4.27,7.3,0.912,11,1,73.6,29.4,23.8,1.0,0.08182,0.0932,0.58553,0.91208,0.9725,0.95,0.47141,0.02857,0.11694,0.1894,1,0,0,0
Ahmedabad,0,8.1,6.0,2.7,8.5,0.445,53,2,58.7,7.0,35.1,0.0,0.02691,0.04256,0.31787,0.44455,0.8675,0.9,0.17409,0.05714,0,0.75313,0,0,0,0
Surat,1,11.4,4.6,5.56,9.4,0.932,13,1,99.7,33.6,24.9,1.0,0.03804,0.03268,0.59198,0.93152,0.9675,0.95,0.99459,0.02857,0.17054,0.24292,0,0,0,0
Jamnagar,0,3.1,1.0,2.87,6.5,0.221,20,2,53.6,21.6,36.4,1.0,0.01028,0.00719,0.44206,0.22091,0.95,0.9,0.07232,0.05714,0.02,0.82025,0,0,0,0
Patan,0,6.1,2.5,2.47,6.0,0.109,70,1,56.0,7.1,33.0,0.0,0.02046,0.018,0.41161,0.10858,0.825,0.95,0.12014,0.02857,0,0.65043,0,0,0,0
Ahmedabad,0,20.6,5.7,3.26,8.5,0.568,53,2,52.7,32.1,32.3,0.0,0.06865,0.04072,0.38298,0.56753,0.8675,0.9,0.05331,0.05714,0.15108,0.61612,0,0,0,0
Bhuj,1,21.7,12.6,2.33,5.8,0.445,110,4,79.4,2,29.6,1.0,0.07241,0.09017,0.40091,0.44453,0.725,0.8,0.58727,0.11429,0,0.47772,0,0,0,0
Navsari,1,126.1,19.7,6.94,7.3,1.0,11,1,75.7,44.5,27.1,1.0,0.42038,0.1408,0.95112,1.0,0.9725,0.95,0.51389,0.02857,0.30669,0.35713,0,0,0,0
Valsad,1,3.4,1.6,3.81,7.0,0.74,12,2,85.2,30.9,27.9,1.0,0.01127,0.01137,0.54489,0.74049,0.97,0.9,0.70315,0.05714,0.13633,0.39366,1,0,0,0
Ahmedabad,1,61.0,19.6,5.18,8.5,0.767,53,2,80.3,28.8,24.7,0.0,0.20336,0.14016,0.60933,0.76693,0.8675,0.9,0.60526,0.05714,0.10954,0.23554,0,0,0,0
Dang,0,7.7,2.2,2.34,6.4,0.57,975,27,58.2,10.5,37.2,0.0,0.02574,0.0159,0.36544,0.57037,0,0,0.16329,0.77143,0,0.85809,0,0,0,1
Jamnagar,1,34.7,9.6,3.54,6.5,0.6,20,2,89.5,12.5,27.0,1.0,0.11567,0.06843,0.54505,0.59969,0.95,0.9,0.78966,0.05714,0,0.35237,0,0,0,0
Bhavnagar,1,8.5,3.6,2.55,7.4,0.613,24,2,77.2,12.7,23.5,1.0,0.02846,0.02571,0.34496,0.61299,0.94,0.9,0.54463,0.05714,0,0.17466,0,0,0,0
Bhavnagar,1,32.0,12.8,4.65,7.4,0.791,24,2,70.1,28.9,21.7,1.0,0.10682,0.09175,0.62787,0.79147,0.94,0.9,0.40105,0.05714,0.11177,0.08598,0,0,0,0
Dang,1,27.3,5.5,4.04,6.4,0.949,975,27,77.5,22.1,25.1,0.0,0.09106,0.03938,0.63195,0.94885,0,0,0.54998,0.77143,0.02682,0.25713,0,1,0,0
Bhuj,1,23.0,4.2,1.77,5.8,0.38,110,4,87.7,8.5,30.8,1.0,0.07664,0.02987,0.30556,0.37971,0.725,0.8,0.75326,0.11429,0,0.54155,0,0,0,1
Surat,1,46.3,18.7,6.55,9.4,0.967,13,1,76.5,86.4,29.9,1.0,0.15425,0.13337,0.69654,0.96657,0.9675,0.95,0.53053,0.02857,0.83012,0.49713,1,0,1,0
Valsad,1,25.8,17.0,4.43,7.0,0.882,12,2,77.4,12.3,27.2,1.0,0.08601,0.12115,0.63239,0.88232,0.97,0.9,0.54755,0.05714,0,0.36245,0,0,0,0
Surat,0,3.4,2.6,4.42,9.4,0.347,13,1,54.5,14.4,33.7,1.0,0.01146,0.01887,0.47002,0.3472,0.9675,0.95,0.09047,0.02857,0,0.68654,0,0,0,0
Dang,1,5.2,1.3,2.86,6.4,0.946,975,27,83.4,8.2,26.3,0.0,0.01722,0.00901,0.4464,0.94587,0,0,0.66852,0.77143,0,0.31271,0,0,0,0
Jamnagar,1,21.5,9.1,2.71,6.5,0.705,20,2,70.9,11.2,26.6,1.0,0.07177,0.06488,0.41705,0.7049,0.95,0.9,0.41801,0.05714,0,0.32884,0,0,0,0
Dang,1,27.2,11.0,5.22,6.4,0.971,975,27,75.2,24.1,24.2,0.0,0.0908,0.07863,0.8151,0.97124,0,0,0.50445,0.77143,0.05173,0.2101,0,1,1,0
Ahmedabad,1,27.9,7.4,6.16,8.5,0.8,53,2,91.4,14.7,24.0,0.0,0.09289,0.05296,0.72521,0.8003,0.8675,0.9,0.82776,0.05714,0,0.19824,0,0,0,0
Porbandar,1,11.3,9.3,3.08,6.2,0.665,8,1,83.0,49.1,30.5,1.0,0.0377,0.06607,0.49642,0.66541,0.98,0.95,0.6604,0.02857,0.36397,0.52423,0,0,0,1
Vadodara,1,15.7,3.3,4.25,8.0,0.645,39,2,79.2,17.7,27.8,0.0,0.05245,0.02346,0.53081,0.64482,0.9025,0.9,0.58334,0.05714,0,0.39196,0,0,0,1
Rajkot,0,1.8,0.8,2.63,7.2,0.287,134,3,57.6,18.7,34.4,0.0,0.00609,0.0054,0.36529,0.28715,0.665,0.85,0.15162,0.08571,0,0.72231,0,0,0,0
Porbandar,1,60.7,46.5,4.73,6.2,0.778,8,1,87.9,19.1,25.7,1.0,0.20236,0.33246,0.76275,0.77815,0.98,0.95,0.75724,0.02857,0,0.28376,1,0,0,0
Porbandar,1,4.8,2.3,2.63,6.2,0.64,8,1,81.6,9.5,27.4,1.0,0.016,0.01618,0.42362,0.64045,0.98,0.95,0.63168,0.02857,0,0.36819,0,0,0,0
Dang,1,9.6,2.3,4.03,6.4,0.906,975,27,89.4,9.8,25.3,0.0,0.03184,0.01616,0.62991,0.90645,0,0,0.78744,0.77143,0,0.263,0,0,0,0
Dang,1,116.8,6.2,5.44,6.4,1.0,975,27,77.3,14.0,21.4,0.0,0.38929,0.04421,0.84995,1.0,0,0,0.54522,0.77143,0,0.06786,0,0,0,0
Patan,1,19.2,9.6,2.87,6.0,0.573,70,1,82.5,12.4,29.2,0.0,0.06388,0.06845,0.47897,0.57277,0.825,0.95,0.64928,0.02857,0,0.45861,0,0,0,0
Bhuj,1,30.2,9.3,2.72,5.8,0.423,110,4,80.7,10.3,26.0,1.0,0.10058,0.0663,0.46868,0.42289,0.725,0.8,0.61391,0.11429,0,0.30134,0,0,0,0
Rajkot,1,12.3,4.7,2.63,7.2,0.709,134,3,85.8,8.5,28.0,0.0,0.04084,0.03342,0.36492,0.70916,0.665,0.85,0.71661,0.08571,0,0.40134,0,0,0,0
Ahmedabad,1,20.6,9.4,4.66,8.5,0.713,53,2,78.9,22.1,24.7,0.0,0.06853,0.06693,0.5488,0.71277,0.8675,0.9,0.57711,0.05714,0.02584,0.23642,1,0,0,0
Bhuj,1,49.3,18.6,3.95,5.8,0.61,110,4,87.6,13.4,30.2,1.0,0.16431,0.13291,0.68182,0.60961,0.725,0.8,0.75193,0.11429,0,0.50963,0,0,0,0
Surat,0,14.8,6.8,4.76,9.4,0.617,13,1,55.5,21.4,33.5,1.0,0.04946,0.0488,0.50687,0.61736,0.9675,0.95,0.11,0.02857,0.01719,0.67325,0,0,0,0
Bhuj,1,1.5,0.7,1.87,5.8,0.382,110,4,63.9,2,27.8,1.0,0.00489,0.00465,0.32212,0.38164,0.725,0.8,0.27771,0.11429,0,0.39129,0,0,0,0
Surat,0,5.3,1.6,3.96,9.4,0.564,13,1,48.9,8.2,30.0,1.0,0.0175,0.01113,0.4212,0.56434,0.9675,0.95,0,0.02857,0,0.49827,1,0,0,0
Rajkot,1,14.3,2.5,3.88,7.2,0.63,134,3,65.5,32.8,29.4,0.0,0.04759,0.01773,0.5392,0.62953,0.665,0.85,0.31058,0.08571,0.16012,0.46898,0,0,0,0
Dang,1,150.2,26.1,5.98,6.4,0.992,975,27,98.8,18.6,24.4,0.0,0.50054,0.18669,0.93445,0.99188,0,0,0.97505,0.77143,0,0.22053,1,1,0,1
Ahmedabad,0,4.8,2.9,3.68,8.5,0.5,53,2,56.1,16.3,33.8,0.0,0.01607,0.02088,0.43267,0.50001,0.8675,0.9,0.12261,0.05714,0,0.6878,0,0,0,0
Ahmedabad,1,119.0,33.9,7.11,8.5,0.818,53,2,80.0,6.5,26.3,0.0,0.39653,0.24203,0.83673,0.8181,0.8675,0.9,0.60054,0.05714,0,0.31405,0,0,0,0
Patan,1,3.8,1.5,2.23,6.0,0.38,70,1,71.8,10.1,29.8,0.0,0.01266,0.01047,0.37205,0.37954,0.825,0.95,0.43631,0.02857,0,0.48896,0,0,0,0
Valsad,1,57.4,28.9,3.59,7.0,0.922,12,2,88.1,19.2,25.4,1.0,0.19137,0.20661,0.5128,0.92229,0.97,0.9,0.76105,0.05714,0,0.26809,0,0,0,0
Bhavnagar,0,8.2,1.5,3.96,7.4,0.401,24,2,51.0,16.2,29.9,1.0,0.02725,0.01081,0.53485,0.4006,0.94,0.9,0.01931,0.05714,0,0.49434,0,0,0,0
Navsari,1,16.5,8.8,3.93,7.3,0.858,11,1,72.4,8.5,26.0,1.0,0.05504,0.06282,0.53867,0.85783,0.9725,0.95,0.44733,0.02857,0,0.30137,1,0,0,0
Dang,1,90.4,55.6,5.41,6.4,0.921,975,27,77.2,4.7,20.6,0.0,0.30134,0.39721,0.84464,0.92061,0,0,0.54387,0.77143,0,0.03227,0,0,0,1
Surat,1,8.3,4.6,4.25,9.4,0.872,13,1,71.2,15.0,24.0,1.0,0.0278,0.03319,0.45254,0.87156,0.9675,0.95,0.4235,0.02857,0,0.19921,0,0,0,0
Bhavnagar,0,1.0,0.3,3.16,7.4,0.461,24,2,54.3,21.7,29.8,1.0,0.00336,0.00188,0.42686,0.46145,0.94,0.9,0.08548,0.05714,0.02105,0.4925,0,0,0,0
Jamnagar,1,32.3,24.6,3.57,6.5,0.806,20,2,88.4,2,26.3,1.0,0.10782,0.17595,0.54858,0.80564,0.95,0.9,0.76762,0.05714,0,0.3138,0,0,0,0
Dang,1,113.5,40.9,5.32,6.4,1.0,975,27,86.6,12.9,24.3,0.0,0.37831,0.29204,0.83165,1.0,0,0,0.73191,0.77143,0,0.21717,1,1,0,1
Bhuj,0,4.0,1.8,2.32,5.8,0.023,110,4,43.7,45.6,32.7,1.0,0.01349,0.01295,0.39967,0.02323,0.725,0.8,0,0.11429,0.32015,0.63682,1,0,0,0
Rajkot,0,7.7,2.8,2.51,7.2,0.294,134,3,54.4,13.0,33.0,0.0,0.0256,0.01969,0.34805,0.29422,0.665,0.85,0.08846,0.08571,0,0.65131,0,0,0,0
Bhavnagar,0,1.9,1.1,2.79,7.4,0.264,24,2,61.2,38.6,34.0,1.0,0.00628,0.00763,0.37738,0.26367,0.94,0.9,0.22398,0.05714,0.23194,0.69788,0,0,0,0
Patan,1,19.0,9.8,1.84,6.0,0.599,70,1,84.0,21.9,23.7,0.0,0.06318,0.06998,0.30712,0.59945,0.825,0.95,0.68011,0.02857,0.02375,0.18539,0,1,0,0
Valsad,1,34.5,15.3,4.58,7.0,0.827,12,2,85.7,23.7,27.1,1.0,0.11489,0.10931,0.65445,0.82655,0.97,0.9,0.71367,0.05714,0.04616,0.35464,0,0,0,0
Ahmedabad,0,9.7,4.8,2.74,8.5,0.524,53,2,53.8,9.2,31.7,0.0,0.03227,0.03426,0.32206,0.52407,0.8675,0.9,0.0762,0.05714,0,0.58368,0,0,0,0
Dang,0,10.3,1.7,3.39,6.4,0.612,975,27,39.0,23.4,30.1,0.0,0.03432,0.01246,0.52997,0.61182,0,0,0,0.77143,0.04301,0.50355,0,0,1,0
Bhuj,0,3.6,1.3,1.93,5.8,0.105,110,4,42.0,38.2,35.6,1.0,0.01207,0.00903,0.33252,0.10495,0.725,0.8,0,0.11429,0.22737,0.77818,0,0,0,0
Surat,0,21.3,17.0,4.82,9.4,0.63,13,1,49.8,14.4,31.1,1.0,0.07102,0.12128,0.51226,0.6299,0.9675,0.95,0,0.02857,0,0.55689,0,0,0,0
Surat,0,21.5,9.4,5.12,9.4,0.506,13,1,58.2,38.4,31.7,1.0,0.0717,0.06688,0.54478,0.50636,0.9675,0.95,0.16314,0.02857,0.23042,0.58255,0,0,0,0
Rajkot,0,3.2,2.1,3.38,7.2,0.222,134,3,56.1,17.6,30.4,0.0,0.01077,0.01484,0.46959,0.22176,0.665,0.85,0.12203,0.08571,0,0.52137,0,0,0,0
Surat,0,0.4,0.3,5.03,9.4,0.604,13,1,56.2,55.7,32.1,1.0,0.00141,0.00214,0.53476,0.60387,0.9675,0.95,0.1249,0.02857,0.44564,0.6043,0,0,0,0
Rajkot,1,23.2,2.8,2.92,7.2,0.732,134,3,79.8,11.0,23.3,0.0,0.07719,0.02007,0.40564,0.73155,0.665,0.85,0.59513,0.08571,0,0.16687,0,0,0,0
Vadodara,0,8.8,3.3,4.62,8.0,0.456,39,2,55.6,25.4,30.2,0.0,0.02926,0.02343,0.57751,0.45558,0.9025,0.9,0.11271,0.05714,0.06729,0.51177,0,0,0,0
Bhuj,0,0.4,0.2,2.47,5.8,0.093,110,4,60.7,6.1,28.9,1.0,0.00124,0.00137,0.42607,0.09267,0.725,0.8,0.21491,0.11429,0,0.44356,0,0,0,0
Dang,1,17.6,5.6,3.96,6.4,0.949,975,27,62.0,9.7,24.9,0.0,0.05876,0.03998,0.61902,0.94904,0,0,0.24016,0.77143,0,0.24489,0,0,0,0
Valsad,1,62.2,17.4,5.65,7.0,0.962,12,2,91.2,15.1,30.8,1.0,0.20732,0.12426,0.80779,0.96233,0.97,0.9,0.82337,0.05714,0,0.54093,1,0,0,0
Patan,1,16.1,3.6,3.69,6.0,0.701,70,1,73.7,12.7,25.7,0.0,0.05369,0.02601,0.61449,0.70144,0.825,0.95,0.47409,0.02857,0,0.28671,0,0,0,0
Rajkot,1,9.6,3.8,3.04,7.2,0.693,134,3,73.9,9.5,29.7,0.0,0.03202,0.02695,0.42158,0.69263,0.665,0.85,0.47786,0.08571,0,0.48309,0,0,0,0
Dang,0,13.2,1.6,3.23,6.4,0.615,975,27,51.6,15.8,31.8,0.0,0.04405,0.01136,0.50491,0.61516,0,0,0.03246,0.77143,0,0.58928,0,1,0,0
Rajkot,1,28.9,14.1,4.52,7.2,0.494,134,3,80.5,4.3,27.1,0.0,0.09644,0.10062,0.62791,0.49389,0.665,0.85,0.60941,0.08571,0,0.35484,0,1,0,0
Vadodara,0,5.4,3.4,2.43,8.0,0.441,39,2,43.6,21.1,29.1,0.0,0.01785,0.02403,0.30322,0.44072,0.9025,0.9,0,0.05714,0.01314,0.45664,0,0,0,0
Bhavnagar,0,1.0,0.4,3.3,7.4,0.266,24,2,59.4,14.8,33.5,1.0,0.00337,0.00317,0.4462,0.26568,0.94,0.9,0.18766,0.05714,0,0.67551,0,0,0,0
Porbandar,1,32.7,25.2,2.58,6.2,0.697,8,1,71.1,52.2,25.2,1.0,0.10906,0.17982,0.41593,0.69715,0.98,0.95,0.42104,0.02857,0.40263,0.25856,0,0,0,0
Porbandar,0,3.9,0.7,3.4,6.2,0.358,8,1,42.8,28.2,33.6,1.0,0.01304,0.00496,0.54827,0.35838,0.98,0.95,0,0.02857,0.10239,0.68095,0,0,0,0
Porbandar,1,32.4,10.2,3.97,6.2,0.73,8,1,75.0,45.2,26.9,1.0,0.1081,0.07306,0.64094,0.73019,0.98,0.95,0.5007,0.02857,0.31508,0.34325,1,0,0,0
Patan,1,89.7,53.2,4.1,6.0,0.579,70,1,88.5,8.5,24.9,0.0,0.29912,0.3803,0.68413,0.57892,0.825,0.95,0.77058,0.02857,0,0.24423,1,0,0,1
Valsad,1,60.1,36.7,6.06,7.0,0.949,12,2,78.8,7.5,23.9,1.0,0.20042,0.26187,0.86534,0.94901,0.97,0.9,0.57647,0.05714,0,0.19412,1,0,0,1
Porbandar,0,8.2,5.4,2.07,6.2,0.455,8,1,60.4,14.2,34.0,1.0,0.02722,0.0389,0.33332,0.45503,0.98,0.95,0.20739,0.02857,0,0.69952,0,0,0,0
Rajkot,1,31.1,10.7,4.57,7.2,0.616,134,3,83.3,5.3,23.5,0.0,0.1035,0.07625,0.63528,0.61574,0.665,0.85,0.66661,0.08571,0,0.17357,0,0,0,0
Dang,1,22.8,3.8,4.08,6.4,0.906,975,27,95.2,33.0,28.6,0.0,0.07606,0.02724,0.63756,0.90635,0,0,0.90475,0.77143,0.16283,0.43205,0,0,0,0
Dang,1,34.8,17.3,4.38,6.4,0.994,975,27,82.1,3.4,26.4,0.0,0.11606,0.1234,0.68398,0.99392,0,0,0.64253,0.77143,0,0.31809,0,1,0,0
Surat,1,15.8,8.5,4.16,9.4,0.778,13,1,83.6,6.6,27.2,1.0,0.05275,0.06102,0.44226,0.77766,0.9675,0.95,0.67246,0.02857,0,0.35943,0,0,0,0
Navsari,1,47.8,2.4,4.48,7.3,0.977,11,1,87.4,5.9,24.9,1.0,0.15939,0.01708,0.61362,0.97652,0.9725,0.95,0.74796,0.02857,0,0.24331,0,0,0,0
Dang,1,174.9,75.5,5.51,6.4,1.0,975,27,100,20.1,21.3,0.0,0.58316,0.53925,0.8602,1.0,0,0,1,0.77143,0.00079,0.0628,1,1,0,0
Surat,0,10.1,6.6,4.78,9.4,0.337,13,1,65.7,15.2,31.1,1.0,0.0338,0.04708,0.50816,0.33707,0.9675,0.95,0.31336,0.02857,0,0.55523,1,0,0,0
Bhuj,1,24.9,19.0,1.92,5.8,0.456,110,4,78.7,12.6,23.4,1.0,0.08302,0.1357,0.33095,0.45617,0.725,0.8,0.57313,0.11429,0,0.17007,0,0,0,0
Navsari,0,9.7,2.7,4.06,7.3,0.695,11,1,52.3,33.7,32.5,1.0,0.03248,0.01942,0.55553,0.69505,0.9725,0.95,0.04642,0.02857,0.17153,0.62477,0,0,0,0
Surat,0,15.9,3.8,5.32,9.4,0.6,13,1,49.2,17.8,33.6,1.0,0.05312,0.02697,0.56586,0.60013,0.9675,0.95,0,0.02857,0,0.67816,0,1,0,0
Bhuj,1,42.4,16.7,3.16,5.8,0.448,110,4,93.4,31.2,30.6,1.0,0.14119,0.11961,0.54519,0.44813,0.725,0.8,0.86888,0.11429,0.13942,0.53225,0,0,0,0
Surat,0,6.4,3.4,2.93,9.4,0.421,13,1,46.0,8.0,27.8,1.0,0.02143,0.02394,0.3114,0.42097,0.9675,0.95,0,0.02857,0,0.38818,0,0,0,0
Valsad,1,35.7,15.4,4.06,7.0,0.915,12,2,76.9,29.1,27.0,1.0,0.11913,0.10974,0.57947,0.91472,0.97,0.9,0.53869,0.05714,0.11373,0.3482,0,0,0,0
Jamnagar,1,31.8,11.6,2.99,6.5,0.674,20,2,89.4,9.3,27.3,1.0,0.10588,0.08268,0.45959,0.67361,0.95,0.9,0.78872,0.05714,0,0.36335,0,0,0,0
Bhuj,1,19.4,8.7,0.85,5.8,0.287,110,4,82.2,11.7,24.7,1.0,0.06467,0.0618,0.14579,0.28678,0.725,0.8,0.64415,0.11429,0,0.23738,0,0,0,0
Dang,1,23.3,5.7,4.24,6.4,1.0,975,27,78.2,2.9,30.6,0.0,0.07779,0.04058,0.66298,1.0,0,0,0.56432,0.77143,0,0.53147,0,0,0,0
Surat,1,13.3,2.7,5.8,9.4,0.85,13,1,79.2,8.4,28.9,1.0,0.04431,0.01952,0.61688,0.85013,0.9675,0.95,0.58436,0.02857,0,0.44486,0,0,0,0
Valsad,0,7.3,0.8,2.76,7.0,0.623,12,2,52.5,14.8,34.1,1.0,0.02429,0.00582,0.39358,0.62313,0.97,0.9,0.04918,0.05714,0,0.70469,0,0,0,0
Ahmedabad,1,61.9,19.4,4.23,8.5,0.788,53,2,84.8,34.6,20.6,0.0,0.20638,0.13888,0.49794,0.78848,0.8675,0.9,0.69545,0.05714,0.18245,0.02753,0,0,0,0
Jamnagar,1,66.7,53.7,4.47,6.5,0.799,20,2,85.4,7.3,23.7,1.0,0.22246,0.38326,0.68727,0.7992,0.95,0.9,0.70878,0.05714,0,0.18319,0,0,0,0
Bhavnagar,1,58.8,32.9,5.46,7.4,0.786,24,2,79.0,10.0,25.2,1.0,0.19604,0.23466,0.73722,0.78577,0.94,0.9,0.57919,0.05714,0,0.26174,0,0,0,0
Valsad,1,9.5,1.7,4.98,7.0,0.804,12,2,70.2,14.6,28.5,1.0,0.03175,0.0124,0.71176,0.80362,0.97,0.9,0.40413,0.05714,0,0.42591,0,0,0,0
Porbandar,1,24.7,2.5,3.76,6.2,0.61,8,1,70.9,12.2,25.9,1.0,0.08239,0.01778,0.60709,0.60965,0.98,0.95,0.41876,0.02857,0,0.29728,0,0,0,0
Surat,1,97.2,22.9,7.43,9.4,1.0,13,1,94.1,36.0,25.2,1.0,0.32416,0.16392,0.79068,1.0,0.9675,0.95,0.88172,0.02857,0.19982,0.26137,1,0,0,0
Surat,1,56.2,19.8,5.94,9.4,0.961,13,1,78.0,13.3,28.9,1.0,0.18717,0.14139,0.63232,0.96131,0.9675,0.95,0.56022,0.02857,0,0.44521,0,0,0,0
Vadodara,1,57.8,30.3,6.17,8.0,0.928,39,2,89.3,10.4,27.7,0.0,0.19258,0.2166,0.77159,0.92787,0.9025,0.9,0.7859,0.05714,0,0.38537,1,0,0,0
Patan,0,8.7,3.6,2.45,6.0,0.235,70,1,47.5,4.4,32.0,0.0,0.02893,0.02545,0.40834,0.23509,0.825,0.95,0,0.02857,0,0.59838,0,0,0,1
Patan,1,10.4,2.5,1.94,6.0,0.541,70,1,80.8,38.5,26.2,0.0,0.03468,0.01778,0.32327,0.54142,0.825,0.95,0.61591,0.02857,0.23077,0.31029,0,0,0,0
Bhavnagar,1,26.6,6.0,4.34,7.4,0.822,24,2,85.2,6.9,27.2,1.0,0.08864,0.04265,0.58596,0.82214,0.94,0.9,0.70335,0.05714,0,0.36236,0,0,0,0
Surat,0,1.6,0.4,3.08,9.4,0.48,13,1,58.2,3.7,33.2,1.0,0.00521,0.00311,0.32737,0.47955,0.9675,0.95,0.16315,0.02857,0,0.66213,0,0,0,0
Valsad,1,17.9,4.4,4.27,7.0,0.985,12,2,92.1,90.8,22.5,1.0,0.05971,0.03176,0.60999,0.98497,0.97,0.9,0.84234,0.05714,0.88462,0.12499,0,0,1,0
Surat,1,35.0,7.0,5.72,9.4,0.869,13,1,82.3,38.3,26.2,1.0,0.11667,0.04968,0.60819,0.8687,0.9675,0.95,0.64592,0.02857,0.2283,0.30754,0,0,0,0
Dang,1,16.2,2.3,2.88,6.4,0.856,975,27,75.9,27.8,27.2,0.0,0.05391,0.01668,0.44999,0.85559,0,0,0.51794,0.77143,0.09694,0.36094,0,0,0,0
Rajkot,0,2.7,1.4,2.2,7.2,0.256,134,3,44.1,16.3,29.4,0.0,0.009,0.0097,0.30503,0.25605,0.665,0.85,0,0.08571,0,0.47154,0,0,0,0
Ahmedabad,0,3.6,0.9,4.53,8.5,0.517,53,2,47.2,27.2,30.3,0.0,0.012,0.00649,0.53305,0.51739,0.8675,0.9,0,0.05714,0.09005,0.51355,0,0,0,0
Rajkot,0,3.8,1.2,2.22,7.2,0.217,134,3,60.5,17.2,35.0,0.0,0.01253,0.00891,0.30833,0.2166,0.665,0.85,0.20917,0.08571,0,0.751,0,0,0,0
Bhavnagar,1,26.2,3.3,3.81,7.4,0.666,24,2,75.3,9.0,27.9,1.0,0.08736,0.02356,0.51494,0.66598,0.94,0.9,0.50501,0.05714,0,0.39281,0,0,0,0
Porbandar,0,6.1,1.1,1.76,6.2,0.236,8,1,57.3,4.9,35.2,1.0,0.02048,0.00812,0.2834,0.2357,0.98,0.95,0.14547,0.02857,0,0.75778,0,0,0,0
Vadodara,0,0.7,0.1,2.5,8.0,0.319,39,2,59.0,23.8,32.6,0.0,0.00246,0.00093,0.31263,0.31911,0.9025,0.9,0.18,0.05714,0.04766,0.63051,0,0,0,0
Valsad,1,37.2,11.8,3.72,7.0,0.763,12,2,86.0,7.2,27.8,1.0,0.12388,0.0846,0.5316,0.76289,0.97,0.9,0.71982,0.05714,0,0.38962,0,0,0,0
Jamnagar,1,24.5,9.3,4.21,6.5,0.633,20,2,83.4,42.0,27.8,1.0,0.08157,0.06651,0.64702,0.63311,0.95,0.9,0.66764,0.05714,0.2746,0.38759,0,0,0,0
Bhuj,0,2.7,1.5,2.13,5.8,0.025,110,4,46.3,14.8,30.6,1.0,0.0089,0.01057,0.36789,0.02467,0.725,0.8,0,0.11429,0,0.53223,0,0,0,0
Bhuj,1,0.8,0.4,2.63,5.8,0.533,110,4,76.9,15.0,24.7,1.0,0.00253,0.00267,0.45336,0.53293,0.725,0.8,0.53702,0.11429,0,0.23513,0,0,0,0
Dang,1,153.4,91.0,5.46,6.4,1.0,975,27,84.4,4.0,28.1,0.0,0.51119,0.6499,0.8525,1.0,0,0,0.6888,0.77143,0,0.40476,1,0,0,1
Valsad,1,37.0,31.5,3.89,7.0,0.899,12,2,88.1,7.1,26.0,1.0,0.12344,0.22484,0.55553,0.89907,0.97,0.9,0.76172,0.05714,0,0.29963,1,0,0,0
Vadodara,1,95.5,14.9,5.38,8.0,0.851,39,2,88.9,9.1,26.6,0.0,0.31818,0.10652,0.67288,0.85118,0.9025,0.9,0.77729,0.05714,0,0.33216,0,0,0,0
Valsad,1,56.1,30.9,4.51,7.0,1.0,12,2,71.8,8.8,29.1,1.0,0.18686,0.22038,0.64461,1.0,0.97,0.9,0.43576,0.05714,0,0.4561,0,0,0,0
Navsari,0,8.3,1.7,3.13,7.3,0.625,11,1,51.2,93.8,31.4,1.0,0.02753,0.01207,0.42848,0.62516,0.9725,0.95,0.02411,0.02857,0.92197,0.56807,0,0,0,0
Vadodara,1,17.5,12.5,4.53,8.0,0.889,39,2,70.7,18.5,22.8,0.0,0.05846,0.089,0.56633,0.88885,0.9025,0.9,0.41354,0.05714,0,0.13777,0,0,0,0
Navsari,0,4.9,2.2,4.09,7.3,0.512,11,1,52.2,18.2,31.3,1.0,0.01635,0.01603,0.56027,0.51244,0.9725,0.95,0.04423,0.02857,0,0.56527,1,0,0,0
Bhuj,1,7.3,3.2,3.42,5.8,0.483,110,4,85.9,20.2,25.5,1.0,0.02449,0.023,0.58987,0.4835,0.725,0.8,0.71776,0.11429,0.00267,0.27575,0,0,0,0
Dang,1,11.3,4.6,3.99,6.4,0.956,975,27,83.6,14.9,26.3,0.0,0.03771,0.03291,0.62349,0.95605,0,0,0.67186,0.77143,0,0.3153,0,0,0,0
Ahmedabad,1,31.7,4.0,5.91,8.5,0.833,53,2,83.0,3.0,23.7,0.0,0.10564,0.02831,0.69533,0.83293,0.8675,0.9,0.66014,0.05714,0,0.18698,0,0,0,0
Patan,0,5.6,3.5,1.93,6.0,0.193,70,1,54.7,27.9,30.4,0.0,0.01851,0.02505,0.32113,0.19274,0.825,0.95,0.09496,0.02857,0.09913,0.52065,0,0,0,0
Navsari,1,42.3,18.1,4.97,7.3,1.0,11,1,85.0,10.7,30.0,1.0,0.14113,0.12961,0.68063,1.0,0.9725,0.95,0.69993,0.02857,0,0.5003,0,0,0,0
Porbandar,1,32.9,4.4,3.27,6.2,0.74,8,1,87.0,13.4,26.5,1.0,0.10974,0.03131,0.52717,0.73978,0.98,0.95,0.73984,0.02857,0,0.32674,0,0,0,0
Jamnagar,0,18.4,1.1,2.5,6.5,0.327,20,2,57.0,16.0,35.0,1.0,0.06134,0.00809,0.38501,0.32664,0.95,0.9,0.13967,0.05714,0,0.75171,0,0,0,0
Vadodara,0,1.5,1.3,3.45,8.0,0.427,39,2,58.9,3.7,32.1,0.0,0.00506,0.00922,0.43182,0.42717,0.9025,0.9,0.17837,0.05714,0,0.60516,1,0,0,0
Navsari,1,35.3,14.9,4.86,7.3,1.0,11,1,77.1,11.6,24.6,1.0,0.11754,0.10632,0.66627,1.0,0.9725,0.95,0.54231,0.02857,0,0.22816,0,0,0,0
Patan,1,61.8,41.0,3.88,6.0,0.503,70,1,85.5,15.3,24.7,0.0,0.20606,0.29263,0.64604,0.50341,0.825,0.95,0.70924,0.02857,0,0.23429,1,0,0,1
Bhavnagar,0,4.9,1.3,3.23,7.4,0.407,24,2,43.3,22.0,30.0,1.0,0.0164,0.00927,0.43602,0.40749,0.94,0.9,0,0.05714,0.02508,0.5002,0,0,0,0
Bhuj,0,3.5,1.7,2.09,5.8,0.117,110,4,57.8,145.0,33.8,1.0,0.01166,0.01186,0.36009,0.1171,0.725,0.8,0.1559,0.11429,1,0.69093,0,0,0,0
Bhuj,1,11.2,5.3,3.87,5.8,0.55,110,4,75.1,15.4,28.4,1.0,0.03749,0.03752,0.66693,0.54977,0.725,0.8,0.50226,0.11429,0,0.42066,1,0,1,0
Porbandar,1,55.8,8.7,3.55,6.2,0.635,8,1,88.4,9.9,25.2,1.0,0.18587,0.06206,0.57276,0.63459,0.98,0.95,0.76869,0.02857,0,0.2624,0,0,0,0
Dang,0,18.6,10.9,4.49,6.4,0.73,975,27,54.5,15.7,30.5,0.0,0.06195,0.07801,0.70224,0.7299,0,0,0.08959,0.77143,0,0.5275,0,0,0,0
Rajkot,0,4.0,2.4,3.54,7.2,0.323,134,3,57.1,39.1,28.4,0.0,0.01319,0.01687,0.49111,0.32292,0.665,0.85,0.14268,0.08571,0.23904,0.41791,0,0,0,0
Bhuj,1,6.3,4.5,2.36,5.8,0.429,110,4,84.4,22.1,27.2,1.0,0.02116,0.03248,0.40625,0.42904,0.725,0.8,0.68842,0.11429,0.02664,0.35763,0,0,0,0
Navsari,1,30.2,6.0,3.96,7.3,0.98,11,1,67.0,21.8,27.9,1.0,0.10074,0.04317,0.54234,0.98009,0.9725,0.95,0.3407,0.02857,0.02241,0.3964,0,0,0,0
Surat,0,4.2,3.0,3.98,9.4,0.644,13,1,55.2,64.8,30.8,1.0,0.01392,0.02145,0.42382,0.64422,0.9675,0.95,0.10404,0.02857,0.56017,0.53815,0,0,0,0
Porbandar,1,33.2,11.4,3.35,6.2,0.683,8,1,80.5,5.4,26.0,1.0,0.1108,0.08139,0.54106,0.68335,0.98,0.95,0.60983,0.02857,0,0.30069,1,0,1,0
Bhuj,1,29.1,2.6,3.13,5.8,0.542,110,4,74.0,29.1,27.4,1.0,0.09713,0.01841,0.5392,0.54209,0.725,0.8,0.48067,0.11429,0.11397,0.37016,1,0,0,0
Ahmedabad,0,13.0,7.3,4.97,8.5,0.507,53,2,52.1,25.2,33.2,0.0,0.04344,0.05194,0.58444,0.50746,0.8675,0.9,0.0424,0.05714,0.06448,0.65842,0,0,0,0
Valsad,1,75.0,22.1,5.37,7.0,1.0,12,2,74.2,26.1,24.5,1.0,0.24996,0.15812,0.76675,1.0,0.97,0.9,0.48423,0.05714,0.07613,0.22636,0,0,0,1
Vadodara,1,69.1,3.5,4.84,8.0,0.849,39,2,87.6,18.3,26.7,0.0,0.23022,0.02467,0.60457,0.84894,0.9025,0.9,0.75161,0.05714,0,0.33628,0,0,0,0
Valsad,0,15.1,8.2,3.95,7.0,0.544,12,2,47.1,15.6,31.2,1.0,0.05035,0.05844,0.56466,0.54358,0.97,0.9,0,0.05714,0,0.56061,0,0,0,0
Bhavnagar,0,1.4,0.3,3.81,7.4,0.446,24,2,57.2,9.3,33.3,1.0,0.00464,0.00192,0.51467,0.44604,0.94,0.9,0.1435,0.05714,0,0.66476,0,0,0,1
Rajkot,1,40.7,12.0,5.49,7.2,0.636,134,3,86.5,26.6,24.1,0.0,0.13575,0.08551,0.76202,0.6365,0.665,0.85,0.72958,0.08571,0.08251,0.20742,1,0,0,0
Bhavnagar,1,2.1,0.7,3.05,7.4,0.606,24,2,90.3,58.0,26.3,1.0,0.00712,0.00476,0.41258,0.60569,0.94,0.9,0.8065,0.05714,0.47505,0.31443,0,0,0,0
Surat,0,8.0,6.2,3.94,9.4,0.573,13,1,39.2,19.7,34.6,1.0,0.02653,0.04426,0.41966,0.57328,0.9675,0.95,0,0.02857,0,0.72952,0,0,0,0
Rajkot,1,47.8,18.4,4.0,7.2,0.555,134,3,81.7,16.0,28.0,0.0,0.15932,0.13143,0.55591,0.55526,0.665,0.85,0.63466,0.08571,0,0.40055,0,0,0,0
Bhuj,1,19.4,10.6,2.46,5.8,0.532,110,4,76.1,37.2,31.2,1.0,0.06478,0.07564,0.42494,0.53204,0.725,0.8,0.52181,0.11429,0.2146,0.55812,0,0,0,0
Navsari,0,10.9,4.7,4.2,7.3,0.408,11,1,55.8,13.4,32.4,1.0,0.03629,0.03332,0.57576,0.40803,0.9725,0.95,0.11567,0.02857,0,0.622,0,0,0,0
Bhuj,0,1.0,0.5,0.75,5.8,0.06,110,4,58.9,4.4,30.2,1.0,0.00344,0.0037,0.12887,0.06013,0.725,0.8,0.1782,0.11429,0,0.50848,0,0,0,0
Dang,1,41.6,4.3,3.82,6.4,0.925,975,27,77.9,29.8,25.6,0.0,0.13855,0.03058,0.59619,0.92548,0,0,0.55786,0.77143,0.12239,0.2778,1,0,0,0
Dang,0,4.3,0.6,2.42,6.4,0.568,975,27,48.0,11.6,30.6,0.0,0.01431,0.00455,0.37816,0.56818,0,0,0,0.77143,0,0.53085,0,0,0,0
Rajkot,1,36.0,6.4,3.11,7.2,0.579,134,3,87.6,52.1,24.8,0.0,0.12009,0.04584,0.43154,0.57897,0.665,0.85,0.75196,0.08571,0.4015,0.24145,0,0,0,0
Porbandar,1,13.2,11.2,2.39,6.2,0.701,8,1,86.7,15.6,29.0,1.0,0.04388,0.07993,0.38623,0.70066,0.98,0.95,0.73481,0.02857,0,0.45169,0,0,0,0
Patan,0,4.1,2.6,2.16,6.0,0.185,70,1,54.0,32.2,33.1,0.0,0.01361,0.01886,0.35925,0.18464,0.825,0.95,0.08065,0.02857,0.1527,0.65403,0,0,0,0
Bhavnagar,0,7.6,4.7,2.6,7.4,0.185,24,2,64.7,17.9,32.9,1.0,0.0253,0.03331,0.3507,0.18521,0.94,0.9,0.29373,0.05714,0,0.6452,0,0,0,0
Porbandar,1,9.1,4.4,3.83,6.2,0.75,8,1,85.5,39.0,24.8,1.0,0.03018,0.03111,0.61854,0.7496,0.98,0.95,0.70911,0.02857,0.23798,0.2398,1,0,0,0
Surat,0,5.5,2.3,3.48,9.4,0.571,13,1,57.4,31.7,30.9,1.0,0.01847,0.01622,0.3705,0.57104,0.9675,0.95,0.1477,0.02857,0.14603,0.54653,0,0,0,0
Porbandar,0,3.7,2.0,0.47,6.2,0.159,8,1,49.4,16.2,33.4,1.0,0.01232,0.01396,0.07502,0.15871,0.98,0.95,0,0.02857,0,0.66972,0,0,0,0
Vadodara,1,23.5,2.8,4.48,8.0,0.69,39,2,77.2,11.5,30.5,0.0,0.07832,0.01986,0.56001,0.69012,0.9025,0.9,0.54335,0.05714,0,0.52405,1,0,0,0
Ahmedabad,1,47.9,11.0,5.12,8.5,0.845,53,2,94.2,17.9,30.2,0.0,0.15966,0.0785,0.60252,0.845,0.8675,0.9,0.88377,0.05714,0,0.50872,1,0,0,0
Dang,0,11.9,3.6,3.51,6.4,0.562,975,27,57.9,58.9,35.9,0.0,0.03957,0.02548,0.54912,0.56242,0,0,0.15739,0.77143,0.48584,0.79462,0,0,0,0
Bhavnagar,1,17.7,11.3,3.41,7.4,0.559,24,2,76.6,22.2,26.7,1.0,0.05902,0.08087,0.4609,0.55949,0.94,0.9,0.53102,0.05714,0.02765,0.33711,0,0,0,0
Patan,0,2.5,0.9,2.32,6.0,0.181,70,1,66.3,27.9,31.5,0.0,0.00826,0.00635,0.3873,0.18141,0.825,0.95,0.3255,0.02857,0.09897,0.57276,0,0,0,0
Rajkot,0,10.7,8.8,1.81,7.2,0.191,134,3,56.7,6.0,32.4,0.0,0.03579,0.06285,0.25192,0.19129,0.665,0.85,0.13384,0.08571,0,0.6189,1,0,0,0
Valsad,1,16.9,8.9,4.57,7.0,0.984,12,2,77.6,31.9,23.6,1.0,0.05624,0.06373,0.65257,0.98361,0.97,0.9,0.55244,0.05714,0.14823,0.18154,0,1,0,0
Navsari,0,5.7,2.7,3.36,7.3,0.577,11,1,45.5,17.9,33.7,1.0,0.01883,0.01909,0.45966,0.57655,0.9725,0.95,0,0.02857,0,0.68364,0,0,1,0
Jamnagar,0,6.9,1.8,2.56,6.5,0.315,20,2,39.1,14.8,31.5,1.0,0.023,0.01268,0.39389,0.31542,0.95,0.9,0,0.05714,0,0.57368,0,0,1,0
Navsari,0,17.9,5.6,3.61,7.3,0.495,11,1,54.3,21.9,32.0,1.0,0.05953,0.03989,0.49396,0.49451,0.9725,0.95,0.08658,0.02857,0.02435,0.60208,0,0,0,0
Vadodara,1,25.6,9.7,3.96,8.0,0.671,39,2,79.7,15.0,26.5,0.0,0.08517,0.06926,0.49503,0.67052,0.9025,0.9,0.5931,0.05714,0,0.32654,0,0,0,0
Bhavnagar,1,6.0,1.7,3.04,7.4,0.745,24,2,82.2,4.4,27.5,1.0,0.01987,0.01248,0.41083,0.74523,0.94,0.9,0.64471,0.05714,0,0.37533,0,0,0,0
Rajkot,1,45.1,18.1,4.11,7.2,0.573,134,3,75.9,11.3,27.9,0.0,0.15046,0.12942,0.57077,0.57269,0.665,0.85,0.51815,0.08571,0,0.39537,0,0,0,0
Jamnagar,1,45.9,18.3,3.84,6.5,0.604,20,2,83.3,8.3,27.8,1.0,0.15298,0.13091,0.59058,0.60407,0.95,0.9,0.66639,0.05714,0,0.38944,1,0,0,0
Bhuj,0,1.3,0.4,1.6,5.8,0.056,110,4,47.8,31.3,31.0,1.0,0.00445,0.00305,0.27613,0.05595,0.725,0.8,0,0.11429,0.14176,0.55015,0,0,0,0
Rajkot,1,9.1,1.7,3.47,7.2,0.662,134,3,67.8,25.3,26.7,0.0,0.03024,0.01247,0.48139,0.66229,0.665,0.85,0.35567,0.08571,0.06658,0.33367,0,0,0,0
Bhuj,1,17.0,6.2,2.19,5.8,0.502,110,4,80.7,8.9,28.8,1.0,0.05662,0.04437,0.37755,0.50202,0.725,0.8,0.61315,0.11429,0,0.44093,0,0,0,0
Rajkot,1,28.1,16.0,3.87,7.2,0.603,134,3,77.3,18.4,24.1,0.0,0.09365,0.11431,0.53775,0.60324,0.665,0.85,0.54653,0.08571,0,0.20332,0,1,0,0
Jamnagar,1,54.4,9.7,4.11,6.5,0.697,20,2,78.5,11.8,24.5,1.0,0.18149,0.06916,0.63165,0.69656,0.95,0.9,0.56922,0.05714,0,0.22699,0,0,1,0
Patan,0,0.4,0.2,1.55,6.0,0.223,70,1,46.6,26.7,34.6,0.0,0.00136,0.00108,0.25903,0.22257,0.825,0.95,0,0.02857,0.0834,0.7299,0,0,0,0
Dang,1,38.8,32.3,4.72,6.4,1.0,975,27,83.6,24.6,28.9,0.0,0.12921,0.23093,0.73696,1.0,0,0,0.67192,0.77143,0.05784,0.44748,0,1,0,0
Patan,0,1.5,0.5,2.2,6.0,0.215,70,1,49.9,5.3,33.5,0.0,0.00502,0.00337,0.36738,0.21484,0.825,0.95,0,0.02857,0,0.67304,0,0,0,0
Surat,1,54.8,26.6,7.02,9.4,0.943,13,1,87.5,4.7,25.6,1.0,0.18267,0.1903,0.74677,0.94314,0.9675,0.95,0.74939,0.02857,0,0.28235,1,0,0,0
Surat,1,209.0,177.7,10.35,9.4,1.0,13,1,100,30.2,26.5,1.0,0.69674,1.2,1.10108,1.0,0.9675,0.95,1,0.02857,0.12785,0.32698,1,0,0,1
Rajkot,0,2.2,0.9,2.09,7.2,0.134,134,3,59.8,6.4,32.6,0.0,0.00719,0.00673,0.29093,0.13354,0.665,0.85,0.19696,0.08571,0,0.63249,0,0,0,0
Porbandar,0,3.7,2.1,2.03,6.2,0.443,8,1,51.9,22.5,29.6,1.0,0.01229,0.01533,0.32684,0.44252,0.98,0.95,0.03869,0.02857,0.03122,0.48114,0,0,0,0
Bhuj,1,6.1,4.0,2.08,5.8,0.413,110,4,70.2,15.7,27.6,1.0,0.02029,0.02827,0.35806,0.41315,0.725,0.8,0.40453,0.11429,0,0.37958,0,0,0,0
Navsari,1,62.9,32.9,5.14,7.3,0.958,11,1,80.8,41.2,25.7,1.0,0.20976,0.23498,0.70382,0.95756,0.9725,0.95,0.61635,0.02857,0.26444,0.28593,1,0,0,0
Dang,0,5.4,4.3,2.41,6.4,0.646,975,27,56.3,17.2,31.8,0.0,0.01791,0.03084,0.37625,0.64598,0,0,0.12576,0.77143,0,0.589,0,0,0,0
Navsari,1,27.0,19.5,4.25,7.3,0.905,11,1,86.6,26.0,27.8,1.0,0.08998,0.13906,0.58197,0.90538,0.9725,0.95,0.73215,0.02857,0.07533,0.39024,1,0,0,0
Bhavnagar,1,16.4,1.5,4.21,7.4,0.771,24,2,80.2,49.5,27.6,1.0,0.0546,0.011,0.56955,0.77116,0.94,0.9,0.6044,0.05714,0.36911,0.38018,0,0,1,0
Bhavnagar,1,45.6,3.4,3.88,7.4,0.685,24,2,72.9,17.8,27.0,1.0,0.15211,0.02445,0.52447,0.6853,0.94,0.9,0.45802,0.05714,0,0.34922,0,0,0,0
Bhuj,1,5.4,2.2,2.56,5.8,0.463,110,4,80.6,17.8,27.5,1.0,0.0181,0.01596,0.44163,0.4635,0.725,0.8,0.61154,0.11429,0,0.37684,0,0,0,0
Porbandar,0,3.6,2.5,3.0,6.2,0.402,8,1,53.6,11.2,34.8,1.0,0.01197,0.01768,0.4834,0.40209,0.98,0.95,0.07198,0.02857,0,0.73885,0,0,0,0
Vadodara,1,5.4,1.5,4.38,8.0,0.759,39,2,81.3,46.7,25.5,0.0,0.01802,0.01037,0.54697,0.75858,0.9025,0.9,0.62636,0.05714,0.33408,0.27654,0,0,0,0
Porbandar,0,8.6,1.8,3.0,6.2,0.187,8,1,45.6,125.3,33.1,1.0,0.02882,0.01263,0.4834,0.1868,0.98,0.95,0,0.02857,1,0.65553,1,0,1,0
Jamnagar,1,14.1,7.6,3.14,6.5,0.654,20,2,84.1,2.0,29.8,1.0,0.04691,0.05419,0.48364,0.65439,0.95,0.9,0.68284,0.05714,0,0.49019,0,0,0,0
Dang,1,8.2,3.1,3.97,6.4,1.0,975,27,87.3,11.2,28.4,0.0,0.02719,0.02191,0.61996,1.0,0,0,0.74562,0.77143,0,0.41934,0,1,0,0
Navsari,0,1.7,0.3,2.15,7.3,0.554,11,1,39.1,14.0,30.9,1.0,0.00566,0.0022,0.29385,0.55369,0.9725,0.95,0,0.02857,0,0.54326,0,0,0,0
Rajkot,1,21.3,8.5,4.69,7.2,0.685,134,3,75.8,8.4,23.4,0.0,0.07084,0.06095,0.65152,0.68515,0.665,0.85,0.51541,0.08571,0,0.17111,0,0,0,0
Navsari,0,7.5,2.9,2.91,7.3,0.525,11,1,53.7,14.2,30.0,1.0,0.02514,0.02085,0.39907,0.52495,0.9725,0.95,0.0736,0.02857,0,0.4985,0,0,0,0
Bhuj,1,16.3,7.7,2.88,5.8,0.555,110,4,85.4,41.7,29.9,1.0,0.05447,0.0553,0.4971,0.55545,0.725,0.8,0.70843,0.11429,0.2715,0.49571,0,0,0,1
Valsad,0,12.0,2.2,3.5,7.0,0.574,12,2,62.0,33.2,30.2,1.0,0.04015,0.01589,0.49999,0.57409,0.97,0.9,0.23991,0.05714,0.16475,0.50876,1,0,0,0
Navsari,1,53.0,16.0,5.08,7.3,1.0,11,1,88.5,3.6,22.4,1.0,0.17668,0.11464,0.69583,1.0,0.9725,0.95,0.76906,0.02857,0,0.12046,1,0,0,0
Valsad,1,30.8,19.2,4.26,7.0,1.0,12,2,85.7,11.6,27.2,1.0,0.10255,0.13702,0.60803,1.0,0.97,0.9,0.7141,0.05714,0,0.35969,0,0,0,0
Rajkot,1,5.1,2.6,3.09,7.2,0.634,134,3,80.9,23.9,25.9,0.0,0.01711,0.01887,0.42952,0.63398,0.665,0.85,0.61781,0.08571,0.04931,0.29447,0,0,0,0
Surat,1,79.6,64.3,6.88,9.4,0.994,13,1,90.4,2,24.8,1.0,0.26537,0.45894,0.73149,0.99432,0.9675,0.95,0.80831,0.02857,0,0.24132,1,0,0,1
Bhuj,0,3.0,0.8,1.35,5.8,0.092,110,4,58.6,37.4,29.5,1.0,0.01012,0.00542,0.23251,0.09204,0.725,0.8,0.17195,0.11429,0.21795,0.47626,0,0,0,0
Jamnagar,1,13.1,5.7,2.32,6.5,0.505,20,2,61.7,4.3,29.6,1.0,0.04365,0.04105,0.35735,0.50508,0.95,0.9,0.23336,0.05714,0,0.47882,0,0,0,0
Porbandar,0,6.0,4.8,2.02,6.2,0.338,8,1,49.8,9.1,34.6,1.0,0.0201,0.03415,0.32629,0.33844,0.98,0.95,0,0.02857,0,0.72855,0,0,0,1
Rajkot,0,12.0,4.0,2.39,7.2,0.286,134,3,53.7,15.6,31.8,0.0,0.04014,0.02833,0.332,0.28626,0.665,0.85,0.07488,0.08571,0,0.58769,0,0,0,0
Ahmedabad,1,17.0,5.7,4.29,8.5,0.717,53,2,95.0,28.3,27.0,0.0,0.0566,0.0409,0.50505,0.71696,0.8675,0.9,0.90092,0.05714,0.10345,0.35127,1,0,0,0
Ahmedabad,1,10.9,3.3,4.46,8.5,0.767,53,2,76.7,19.7,31.3,0.0,0.03629,0.02348,0.52437,0.76709,0.8675,0.9,0.53415,0.05714,0,0.56644,0,0,1,0
Navsari,1,50.9,2.5,5.81,7.3,1.0,11,1,88.5,14.3,27.8,1.0,0.1696,0.01817,0.79562,1.0,0.9725,0.95,0.77065,0.02857,0,0.38935,0,0,1,0
Valsad,0,10.4,7.0,2.71,7.0,0.46,12,2,45.3,54.2,34.3,1.0,0.03464,0.05006,0.38718,0.46014,0.97,0.9,0,0.05714,0.42752,0.71635,0,0,0,0
Bhuj,1,2.3,1.0,1.73,5.8,0.423,110,4,76.2,39.9,25.9,1.0,0.00755,0.00688,0.29896,0.42262,0.725,0.8,0.52381,0.11429,0.24849,0.29521,0,0,0,0
Ahmedabad,1,10.5,3.7,4.49,8.5,0.85,53,2,80.3,35.3,26.0,0.0,0.03491,0.02641,0.52849,0.8505,0.8675,0.9,0.60633,0.05714,0.19086,0.2982,1,0,0,0
Bhuj,1,30.8,14.5,2.54,5.8,0.408,110,4,93.9,12.6,27.7,1.0,0.10273,0.10381,0.43731,0.40751,0.725,0.8,0.87856,0.11429,0,0.38713,0,0,0,0
Dang,0,4.5,2.9,3.22,6.4,0.571,975,27,56.2,5.3,32.2,0.0,0.01498,0.02079,0.50323,0.57056,0,0,0.12368,0.77143,0,0.61169,0,0,0,0
Bhavnagar,1,21.2,6.9,3.69,7.4,0.726,24,2,79.1,31.2,27.9,1.0,0.07078,0.04964,0.49879,0.72633,0.94,0.9,0.58293,0.05714,0.13953,0.39676,0,0,0,0
Porbandar,0,17.3,8.4,1.57,6.2,0.253,8,1,52.8,50.1,32.6,1.0,0.05765,0.06017,0.2531,0.25339,0.98,0.95,0.05687,0.02857,0.37669,0.62868,0,0,0,0
Bhuj,1,11.1,6.6,1.98,5.8,0.401,110,4,90.4,13.1,22.7,1.0,0.03697,0.04748,0.34159,0.40096,0.725,0.8,0.80805,0.11429,0,0.13737,0,0,0,0
Bhuj,1,12.2,4.4,1.99,5.8,0.468,110,4,80.6,8.1,34.4,1.0,0.0407,0.0315,0.34369,0.46818,0.725,0.8,0.61256,0.11429,0,0.71874,0,0,0,0
Bhuj,1,24.1,12.4,2.79,5.8,0.445,110,4,81.5,101.8,28.7,1.0,0.08048,0.08884,0.48131,0.44519,0.725,0.8,0.62988,0.11429,1,0.43571,1,0,1,0
Bhuj,1,8.7,3.0,2.15,5.8,0.491,110,4,77.8,5.9,27.8,1.0,0.02903,0.02164,0.36987,0.49107,0.725,0.8,0.55693,0.11429,0,0.39068,0,0,0,1
Bhavnagar,1,30.9,19.2,4.69,7.4,0.771,24,2,93.5,29.6,24.5,1.0,0.10309,0.13732,0.63364,0.77095,0.94,0.9,0.8698,0.05714,0.11944,0.22734,1,0,0,0
Patan,1,8.6,5.3,3.01,6.0,0.513,70,1,75.8,16.4,27.3,0.0,0.02875,0.03818,0.50217,0.51323,0.825,0.95,0.51509,0.02857,0,0.36472,0,0,0,0
Porbandar,1,44.0,17.6,2.92,6.2,0.718,8,1,89.6,13.2,26.3,1.0,0.14682,0.12539,0.47053,0.71757,0.98,0.95,0.79251,0.02857,0,0.31677,1,0,0,0
Bhuj,0,4.6,1.2,0.78,5.8,0.026,110,4,58.1,5.5,34.0,1.0,0.01517,0.00865,0.13475,0.02575,0.725,0.8,0.16233,0.11429,0,0.69938,0,0,1,0
Surat,1,57.3,48.7,6.16,9.4,0.903,13,1,78.5,22.3,27.9,1.0,0.19103,0.34795,0.65517,0.90251,0.9675,0.95,0.57028,0.02857,0.02896,0.39358,1,0,0,0
Vadodara,1,9.8,6.4,2.79,8.0,0.643,39,2,74.1,12.2,30.4,0.0,0.0326,0.04544,0.34865,0.64342,0.9025,0.9,0.48283,0.05714,0,0.5178,1,0,0,0
Patan,1,25.8,8.2,3.71,6.0,0.422,70,1,93.2,25.6,27.7,0.0,0.08595,0.05844,0.61829,0.42187,0.825,0.95,0.8645,0.02857,0.06956,0.38296,0,0,0,0
Porbandar,1,25.0,17.2,3.14,6.2,0.689,8,1,81.6,4.4,25.2,1.0,0.08339,0.12252,0.50684,0.68908,0.98,0.95,0.63273,0.02857,0,0.25785,1,0,0,0
Jamnagar,0,4.1,1.5,3.41,6.5,0.34,20,2,51.0,31.8,34.3,1.0,0.01374,0.01066,0.52472,0.33973,0.95,0.9,0.01965,0.05714,0.14707,0.71476,0,0,0,0
Bhuj,1,7.5,2.4,2.07,5.8,0.415,110,4,75.9,15.9,26.4,1.0,0.02498,0.01709,0.35611,0.41512,0.725,0.8,0.51887,0.11429,0,0.321,0,0,0,0
Ahmedabad,0,0.8,0.2,3.0,8.5,0.467,53,2,39.7,32.3,32.9,0.0,0.00254,0.00153,0.35289,0.46658,0.8675,0.9,0,0.05714,0.15354,0.64604,0,0,0,0
Dang,1,37.2,21.2,3.71,6.4,0.869,975,27,88.2,15.5,27.1,0.0,0.12412,0.1512,0.58029,0.86901,0,0,0.76493,0.77143,0,0.35508,0,0,0,0
Porbandar,0,17.0,12.8,1.97,6.2,0.376,8,1,62.1,20.3,32.0,1.0,0.0566,0.09178,0.31854,0.37578,0.98,0.95,0.24153,0.02857,0.0035,0.59889,0,0,0,0
Dang,0,17.3,9.4,2.75,6.4,0.565,975,27,50.4,11.3,33.6,0.0,0.05773,0.0668,0.42915,0.56541,0,0,0.00896,0.77143,0,0.68171,0,0,0,0
Navsari,0,4.2,1.0,2.92,7.3,0.505,11,1,40.8,31.9,30.7,1.0,0.01416,0.00723,0.39987,0.50501,0.9725,0.95,0,0.02857,0.14892,0.53714,0,0,1,0
Ahmedabad,1,14.1,1.9,4.56,8.5,0.684,53,2,91.0,12.2,28.0,0.0,0.04686,0.01337,0.53614,0.68421,0.8675,0.9,0.81936,0.05714,0,0.39951,0,0,0,0
Ahmedabad,1,24.9,14.5,4.46,8.5,0.743,53,2,79.7,6.4,24.5,0.0,0.08315,0.1037,0.52478,0.74319,0.8675,0.9,0.59318,0.05714,0,0.22297,1,0,0,0
Bhavnagar,0,7.1,3.2,2.91,7.4,0.413,24,2,48.5,10.9,34.8,1.0,0.02364,0.02255,0.3929,0.41284,0.94,0.9,0,0.05714,0,0.73866,1,0,0,0
Bhuj,1,11.9,3.9,2.09,5.8,0.46,110,4,87.1,52.2,25.6,1.0,0.03968,0.028,0.3611,0.45956,0.725,0.8,0.74234,0.11429,0.40311,0.2811,0,0,0,0
Bhavnagar,0,7.5,3.4,2.05,7.4,0.426,24,2,54.3,25.2,36.4,1.0,0.0251,0.02449,0.27746,0.4264,0.94,0.9,0.0861,0.05714,0.06452,0.81854,0,0,0,0
Jamnagar,0,13.9,9.0,2.28,6.5,0.317,20,2,64.0,7.9,32.6,1.0,0.04638,0.0641,0.35086,0.31713,0.95,0.9,0.28028,0.05714,0,0.62773,0,0,0,0
Rajkot,1,7.4,2.4,3.4,7.2,0.63,134,3,80.9,3.6,27.1,0.0,0.02469,0.017,0.47275,0.63034,0.665,0.85,0.61724,0.08571,0,0.35716,0,0,0,0
Rajkot,0,7.2,2.2,2.7,7.2,0.169,134,3,45.4,8.6,32.0,0.0,0.02413,0.01567,0.37545,0.16869,0.665,0.85,0,0.08571,0,0.60224,0,0,0,0
Bhuj,0,1.8,0.7,1.57,5.8,0.027,110,4,43.2,29.8,34.1,1.0,0.00596,0.00533,0.27139,0.02699,0.725,0.8,0,0.11429,0.12239,0.70625,0,0,0,0
Dang,0,13.2,3.4,3.11,6.4,0.58,975,27,62.2,8.4,33.2,0.0,0.04399,0.02414,0.48575,0.57953,0,0,0.24461,0.77143,0,0.65983,0,0,0,0
Jamnagar,0,2.9,1.5,2.41,6.5,0.402,20,2,55.7,8.9,28.8,1.0,0.0096,0.01052,0.37091,0.4016,0.95,0.9,0.11379,0.05714,0,0.43843,0,0,0,0
Ahmedabad,0,3.5,0.2,4.56,8.5,0.326,53,2,63.9,36.7,30.6,0.0,0.01171,0.00126,0.5365,0.32564,0.8675,0.9,0.27796,0.05714,0.2089,0.53165,0,0,0,0
Navsari,1,35.6,29.2,4.51,7.3,0.922,11,1,76.9,9.8,26.9,1.0,0.11876,0.20851,0.61761,0.92244,0.9725,0.95,0.53784,0.02857,0,0.34351,0,0,0,0
Porbandar,1,37.0,3.4,3.34,6.2,0.736,8,1,86.4,22.0,23.3,1.0,0.12328,0.0243,0.53839,0.73567,0.98,0.95,0.7283,0.02857,0.02562,0.16493,0,0,0,0
Patan,0,1.0,0.2,1.39,6.0,0.162,70,1,53.2,43.1,33.0,0.0,0.00334,0.00177,0.23148,0.16176,0.825,0.95,0.06319,0.02857,0.28927,0.64906,0,0,0,0
Valsad,0,15.2,7.1,3.48,7.0,0.478,12,2,45.0,8.6,29.7,1.0,0.05061,0.05106,0.49648,0.47759,0.97,0.9,0,0.05714,0,0.4839,0,0,0,0
Rajkot,0,4.1,1.1,1.96,7.2,0.251,134,3,49.1,8.9,33.8,0.0,0.01375,0.00803,0.27271,0.25067,0.665,0.85,0,0.08571,0,0.69246,0,0,0,0
Rajkot,1,63.6,28.0,4.41,7.2,0.627,134,3,86.2,15.1,24.9,0.0,0.21194,0.19995,0.61278,0.62701,0.665,0.85,0.7241,0.08571,0,0.24328,0,0,0,0
Patan,1,56.7,20.7,3.74,6.0,0.466,70,1,87.6,10.1,26.7,0.0,0.18887,0.14801,0.62409,0.46551,0.825,0.95,0.75122,0.02857,0,0.33728,0,0,0,0
Vadodara,1,8.2,1.7,3.82,8.0,0.737,39,2,76.7,11.5,22.8,0.0,0.02736,0.01235,0.47794,0.73738,0.9025,0.9,0.5331,0.05714,0,0.13757,0,0,0,0
Bhavnagar,0,9.2,7.0,4.12,7.4,0.432,24,2,47.4,10.7,30.7,1.0,0.03076,0.05024,0.55634,0.43225,0.94,0.9,0,0.05714,0,0.53588,1,0,0,0
Bhuj,1,14.5,8.3,2.35,5.8,0.49,110,4,89.3,21.4,27.9,1.0,0.04826,0.05893,0.40596,0.48954,0.725,0.8,0.78502,0.11429,0.01759,0.39416,1,0,0,0
Navsari,1,36.8,3.9,5.02,7.3,1.0,11,1,77.3,11.2,26.0,1.0,0.12282,0.02795,0.68726,1.0,0.9725,0.95,0.54615,0.02857,0,0.30156,1,0,0,1
Ahmedabad,0,7.9,3.8,3.92,8.5,0.483,53,2,52.7,12.6,35.8,0.0,0.02621,0.02735,0.46166,0.48297,0.8675,0.9,0.0536,0.05714,0,0.78981,1,0,0,0
Vadodara,1,38.5,27.0,4.39,8.0,0.735,39,2,78.7,10.4,25.7,0.0,0.12825,0.19292,0.54915,0.73524,0.9025,0.9,0.57303,0.05714,0,0.28285,1,0,0,0
Jamnagar,0,4.5,2.7,3.56,6.5,0.27,20,2,47.5,6.7,33.1,1.0,0.01484,0.01908,0.54746,0.27034,0.95,0.9,0,0.05714,0,0.65733,0,0,0,0
Navsari,1,31.4,9.3,4.54,7.3,0.904,11,1,80.5,14.3,25.1,1.0,0.1045,0.06656,0.62132,0.90379,0.9725,0.95,0.61,0.02857,0,0.25594,0,0,0,1
Vadodara,0,4.6,2.6,2.94,8.0,0.226,39,2,52.8,20.8,30.8,0.0,0.01523,0.01853,0.3673,0.22589,0.9025,0.9,0.05519,0.05714,0.00975,0.53989,0,0,0,0
Patan,0,2.2,0.3,2.33,6.0,0.108,70,1,58.6,20.7,29.9,0.0,0.00732,0.00242,0.38755,0.10794,0.825,0.95,0.17119,0.02857,0.00849,0.49316,0,0,0,0
Rajkot,1,37.0,4.4,4.59,7.2,0.68,134,3,90.8,2.8,28.9,0.0,0.12329,0.03132,0.63745,0.68011,0.665,0.85,0.81562,0.08571,0,0.44266,1,0,0,0
Ahmedabad,0,6.8,2.6,3.5,8.5,0.514,53,2,60.0,20.6,31.7,0.0,0.0227,0.01832,0.41149,0.51422,0.8675,0.9,0.20027,0.05714,0.00716,0.58711,1,0,0,1
Jamnagar,0,7.7,4.1,2.08,6.5,0.386,20,2,57.2,27.2,33.3,1.0,0.02581,0.02949,0.32061,0.38575,0.95,0.9,0.14415,0.05714,0.08977,0.66311,0,0,0,0
Vadodara,0,2.6,1.8,3.57,8.0,0.42,39,2,60.9,13.3,34.3,0.0,0.00864,0.01289,0.44585,0.42035,0.9025,0.9,0.21748,0.05714,0,0.71564,0,0,0,0
Surat,0,3.8,1.4,4.25,9.4,0.657,13,1,49.6,14.1,29.8,1.0,0.01253,0.01011,0.45259,0.65715,0.9675,0.95,0,0.02857,0,0.49031,0,0,0,0
Patan,0,2.4,0.5,0.87,6.0,0.148,70,1,53.9,16.3,36.1,0.0,0.00798,0.00356,0.14448,0.14833,0.825,0.95,0.07837,0.02857,0,0.80586,0,0,0,0
Porbandar,1,55.1,37.3,3.83,6.2,0.706,8,1,75.0,27.2,27.3,1.0,0.18379,0.2666,0.61789,0.70608,0.98,0.95,0.49916,0.02857,0.09017,0.36445,0,0,0,1
Ahmedabad,1,32.1,2.4,5.67,8.5,0.896,53,2,91.9,43.1,26.3,0.0,0.107,0.01699,0.6668,0.89565,0.8675,0.9,0.83891,0.05714,0.28918,0.31252,0,0,0,0
Surat,1,40.9,33.6,5.89,9.4,0.79,13,1,79.4,8.9,23.5,1.0,0.13634,0.24005,0.62695,0.79015,0.9675,0.95,0.58812,0.02857,0,0.17264,1,0,0,0
Navsari,0,15.3,10.6,3.36,7.3,0.552,11,1,57.7,11.9,30.6,1.0,0.05099,0.07588,0.4599,0.55233,0.9725,0.95,0.15408,0.02857,0,0.53143,0,0,0,0
Ahmedabad,1,2.6,1.1,4.62,8.5,0.749,53,2,75.6,25.9,29.0,0.0,0.00869,0.00814,0.54352,0.74942,0.8675,0.9,0.51254,0.05714,0.07373,0.4507,1,0,0,0
Navsari,1,16.8,11.9,3.22,7.3,1.0,11,1,78.1,12.8,26.9,1.0,0.05598,0.08502,0.44045,1.0,0.9725,0.95,0.56247,0.02857,0,0.34297,0,0,0,0
Navsari,0,13.5,4.8,2.86,7.3,0.54,11,1,45.8,17.2,30.5,1.0,0.04489,0.0346,0.39171,0.54049,0.9725,0.95,0,0.02857,0,0.52371,0,0,0,0
Bhuj,1,4.4,2.8,2.42,5.8,0.336,110,4,72.3,4.1,26.9,1.0,0.01456,0.01972,0.41736,0.3362,0.725,0.8,0.44602,0.11429,0,0.34498,0,0,0,0
Vadodara,0,7.4,3.2,3.46,8.0,0.483,39,2,50.8,16.1,27.8,0.0,0.02453,0.02321,0.43231,0.48268,0.9025,0.9,0.01542,0.05714,0,0.39078,0,0,0,0
Bhuj,1,38.2,14.8,3.1,5.8,0.503,110,4,77.3,13.4,31.8,1.0,0.12733,0.10542,0.53431,0.50336,0.725,0.8,0.54673,0.11429,0,0.59006,0,1,0,0
Navsari,1,8.7,4.3,3.23,7.3,0.82,11,1,90.3,4.7,25.1,1.0,0.02905,0.0304,0.44254,0.81983,0.9725,0.95,0.80663,0.02857,0,0.25367,0,0,0,0
Porbandar,0,2.7,1.7,2.12,6.2,0.195,8,1,61.5,8.3,33.7,1.0,0.00887,0.01187,0.34135,0.19454,0.98,0.95,0.229,0.02857,0,0.68283,0,0,0,0
Valsad,1,61.0,8.8,4.04,7.0,0.915,12,2,83.6,16.2,26.5,1.0,0.20335,0.06271,0.57759,0.9153,0.97,0.9,0.67188,0.05714,0,0.32493,0,0,0,0
Surat,1,78.8,7.4,7.2,9.4,0.895,13,1,76.6,58.3,25.8,1.0,0.26275,0.05251,0.76583,0.89548,0.9675,0.95,0.53146,0.02857,0.47867,0.28785,0,0,0,0
Dang,1,9.5,5.7,3.33,6.4,0.93,975,27,78.7,29.0,27.0,0.0,0.03182,0.04056,0.52045,0.93026,0,0,0.57436,0.77143,0.11302,0.34941,0,0,0,0
Navsari,1,24.4,6.6,4.46,7.3,0.877,11,1,73.1,85.4,28.9,1.0,0.08122,0.04715,0.61034,0.87713,0.9725,0.95,0.4629,0.02857,0.81801,0.44623,0,0,1,0
Ahmedabad,1,33.6,9.5,5.3,8.5,0.85,53,2,79.7,24.4,29.4,0.0,0.11205,0.06799,0.62371,0.84992,0.8675,0.9,0.59356,0.05714,0.05495,0.47035,0,0,0,0
Vadodara,1,30.8,26.2,3.8,8.0,0.772,39,2,76.9,61.8,30.7,0.0,0.10283,0.1873,0.47464,0.77237,0.9025,0.9,0.53752,0.05714,0.52199,0.53363,0,0,0,0
Bhuj,1,32.0,14.4,2.8,5.8,0.357,110,4,86.6,13.1,28.8,1.0,0.10662,0.10316,0.48221,0.35697,0.725,0.8,0.73145,0.11429,0,0.44152,0,0,0,0
Jamnagar,1,52.7,23.3,3.85,6.5,0.856,20,2,79.6,4.9,29.6,1.0,0.17575,0.16658,0.59185,0.85593,0.95,0.9,0.59234,0.05714,0,0.47921,0,0,0,0
Jamnagar,0,0.9,0.5,2.37,6.5,0.274,20,2,54.2,6.8,33.1,1.0,0.00295,0.00362,0.3648,0.27417,0.95,0.9,0.08403,0.05714,0,0.65637,0,0,0,0
Jamnagar,1,68.9,39.3,3.65,6.5,0.558,20,2,95.0,20.9,25.5,1.0,0.22977,0.28078,0.56204,0.55829,0.95,0.9,0.90005,0.05714,0.01096,0.27623,1,0,0,0
Bhuj,0,2.9,0.9,1.52,5.8,0.109,110,4,54.6,8.0,35.8,1.0,0.00954,0.00638,0.26222,0.1094,0.725,0.8,0.09186,0.11429,0,0.79015,0,0,0,0
Bhuj,1,3.0,1.2,2.99,5.8,0.551,110,4,88.9,18.1,32.6,1.0,0.00986,0.00871,0.51475,0.55096,0.725,0.8,0.77778,0.11429,0,0.632,0,0,0,0
Ahmedabad,1,35.8,4.8,5.08,8.5,0.883,53,2,86.3,36.3,28.1,0.0,0.11917,0.03438,0.59738,0.88344,0.8675,0.9,0.72614,0.05714,0.20319,0.40375,0,0,0,0
Navsari,1,8.8,2.6,3.82,7.3,0.854,11,1,80.9,14.5,24.3,1.0,0.02937,0.01891,0.52383,0.85435,0.9725,0.95,0.61701,0.02857,0,0.21643,0,0,0,0
Navsari,1,32.7,19.8,4.55,7.3,0.997,11,1,79.8,14.9,27.8,1.0,0.10909,0.14119,0.62338,0.99733,0.9725,0.95,0.59666,0.02857,0,0.38882,0,0,0,0
Surat,1,29.8,15.4,5.06,9.4,0.786,13,1,93.7,7.1,28.1,1.0,0.09933,0.10978,0.53833,0.78631,0.9675,0.95,0.87345,0.02857,0,0.40709,0,0,0,0
Surat,0,0.9,0.4,2.95,9.4,0.465,13,1,65.6,18.7,30.3,1.0,0.00316,0.00277,0.31342,0.46521,0.9675,0.95,0.31132,0.02857,0,0.51457,0,0,0,0
Ahmedabad,1,76.8,15.3,5.63,8.5,0.833,53,2,88.4,17.9,25.2,0.0,0.25594,0.10925,0.66279,0.83293,0.8675,0.9,0.76816,0.05714,0,0.25798,0,0,0,0
Dang,1,65.2,31.0,4.57,6.4,0.915,975,27,82.3,9.8,25.0,0.0,0.2173,0.2211,0.71358,0.91486,0,0,0.64673,0.77143,0,0.2484,0,0,0,0
Surat,1,45.5,31.5,6.57,9.4,0.797,13,1,84.9,3.0,29.0,1.0,0.15174,0.22511,0.69844,0.79715,0.9675,0.95,0.69715,0.02857,0,0.44776,0,0,0,0
Patan,1,36.0,11.0,3.42,6.0,0.636,70,1,82.6,26.5,28.2,0.0,0.12004,0.07876,0.56965,0.63557,0.825,0.95,0.65282,0.02857,0.08175,0.41101,1,0,0,0
Patan,0,3.7,1.8,2.47,6.0,0.191,70,1,52.3,44.9,34.7,0.0,0.01244,0.01276,0.4112,0.1909,0.825,0.95,0.04522,0.02857,0.31149,0.73459,0,0,0,0
Navsari,1,22.8,10.1,5.07,7.3,0.948,11,1,83.6,31.2,26.5,1.0,0.07584,0.07205,0.69465,0.94828,0.9725,0.95,0.67274,0.02857,0.13965,0.32255,0,0,0,0
Surat,1,21.5,9.4,5.3,9.4,0.781,13,1,85.4,2,27.4,1.0,0.07182,0.06711,0.56373,0.78134,0.9675,0.95,0.70875,0.02857,0,0.36988,0,0,0,0
Patan,1,27.6,1.4,3.13,6.0,0.593,70,1,90.5,12.3,27.6,0.0,0.09196,0.00985,0.52246,0.59255,0.825,0.95,0.80927,0.02857,0,0.37764,0,0,0,0
Vadodara,1,7.7,2.2,4.22,8.0,0.685,39,2,75.2,57.2,26.9,0.0,0.02567,0.01574,0.52713,0.68541,0.9025,0.9,0.50448,0.05714,0.46518,0.3473,0,0,0,0
Valsad,1,1.0,0.1,3.15,7.0,0.93,12,2,70.3,18.4,28.7,1.0,0.00343,0.00093,0.45056,0.92951,0.97,0.9,0.40527,0.05714,0,0.43656,0,0,0,0
Rajkot,1,17.1,11.0,3.83,7.2,0.565,134,3,81.1,5.1,26.3,0.0,0.05697,0.07871,0.53216,0.56478,0.665,0.85,0.62272,0.08571,0,0.31748,0,0,0,0
Patan,1,29.9,15.8,2.43,6.0,0.547,70,1,83.2,16.5,26.1,0.0,0.09959,0.11254,0.40461,0.54663,0.825,0.95,0.66382,0.02857,0,0.30369,0,0,0,0
Dang,1,21.6,12.8,3.88,6.4,0.914,975,27,90.3,30.4,29.7,0.0,0.072,0.09142,0.60629,0.91398,0,0,0.80533,0.77143,0.13032,0.48544,0,0,0,0
Navsari,0,2.8,2.3,3.84,7.3,0.523,11,1,55.1,11.8,34.5,1.0,0.00917,0.0167,0.52659,0.52296,0.9725,0.95,0.1029,0.02857,0,0.72552,0,0,0,0
Ahmedabad,0,13.6,5.1,4.11,8.5,0.481,53,2,58.4,22.6,33.1,0.0,0.04524,0.03628,0.48376,0.48147,0.8675,0.9,0.16795,0.05714,0.03293,0.65342,0,0,0,0
Porbandar,1,39.2,9.6,4.92,6.2,0.801,8,1,88.7,5.7,27.2,1.0,0.13054,0.06832,0.79373,0.80131,0.98,0.95,0.77316,0.02857,0,0.35983,1,0,0,0
Bhuj,1,1.1,0.4,3.02,5.8,0.296,110,4,76.5,14.5,28.7,1.0,0.0037,0.00253,0.52065,0.29648,0.725,0.8,0.53088,0.11429,0,0.43349,0,0,0,0
Porbandar,1,42.9,17.5,4.47,6.2,0.655,8,1,79.0,39.4,27.0,1.0,0.14292,0.12469,0.7211,0.65494,0.98,0.95,0.58035,0.02857,0.24294,0.35039,1,0,0,0
Surat,1,60.0,21.3,6.24,9.4,0.967,13,1,77.9,5.6,24.8,1.0,0.19986,0.1519,0.66377,0.96673,0.9675,0.95,0.55861,0.02857,0,0.24086,1,0,0,0
Surat,1,68.3,36.2,7.01,9.4,0.895,13,1,90.6,3.2,22.7,1.0,0.22767,0.25827,0.74552,0.8951,0.9675,0.95,0.81148,0.02857,0,0.13646,1,0,0,0
Surat,1,12.7,5.8,5.28,9.4,0.966,13,1,62.9,11.6,26.0,1.0,0.04227,0.04129,0.56203,0.96566,0.9675,0.95,0.25737,0.02857,0,0.30053,1,0,0,0
Bhuj,0,0.9,0.4,1.73,5.8,0.12,110,4,61.6,10.7,31.5,1.0,0.00293,0.00286,0.29869,0.12041,0.725,0.8,0.23147,0.11429,0,0.57515,0,0,0,0
Porbandar,0,21.5,7.3,4.34,6.2,0.366,8,1,58.6,21.5,33.3,1.0,0.07155,0.05217,0.69963,0.36634,0.98,0.95,0.17117,0.02857,0.01844,0.66336,0,0,0,1
Patan,1,14.2,11.2,2.27,6.0,0.599,70,1,74.3,35.0,24.7,0.0,0.04719,0.08031,0.37801,0.59873,0.825,0.95,0.48663,0.02857,0.1869,0.2337,1,0,0,0
Bhuj,0,3.9,1.9,1.9,5.8,0.041,110,4,63.2,23.8,34.8,1.0,0.0131,0.01382,0.32695,0.04143,0.725,0.8,0.26388,0.11429,0.04731,0.74234,0,0,0,0
Navsari,1,18.6,6.1,3.41,7.3,0.795,11,1,77.7,16.6,28.8,1.0,0.06188,0.04346,0.46723,0.79483,0.9725,0.95,0.55476,0.02857,0,0.44057,0,0,0,0
Porbandar,1,13.4,4.6,3.48,6.2,0.676,8,1,82.7,37.5,26.0,1.0,0.04454,0.03321,0.56193,0.67564,0.98,0.95,0.65445,0.02857,0.21875,0.29846,0,0,1,0
Valsad,1,69.3,30.2,5.21,7.0,1.0,12,2,79.7,10.5,24.7,1.0,0.23111,0.21588,0.74425,1.0,0.97,0.9,0.59494,0.05714,0,0.23504,0,0,0,0
Rajkot,1,23.1,8.2,3.01,7.2,0.632,134,3,79.8,3.9,27.7,0.0,0.07704,0.05827,0.41839,0.63237,0.665,0.85,0.59693,0.08571,0,0.38437,0,0,0,0
Patan,1,26.4,6.9,2.91,6.0,0.588,70,1,84.8,11.9,30.9,0.0,0.08802,0.04896,0.48438,0.58775,0.825,0.95,0.69651,0.02857,0,0.54452,0,0,0,0
Dang,0,16.6,11.0,2.5,6.4,0.564,975,27,37.9,8.4,36.2,0.0,0.05529,0.07877,0.38987,0.56422,0,0,0,0.77143,0,0.80948,0,0,0,0
Rajkot,0,2.6,1.1,1.98,7.2,0.187,134,3,45.7,12.4,33.0,0.0,0.00865,0.00753,0.27445,0.18681,0.665,0.85,0,0.08571,0,0.652,0,0,0,0
Vadodara,1,9.3,2.5,3.73,8.0,0.72,39,2,76.7,34.7,31.7,0.0,0.03105,0.01805,0.46584,0.71996,0.9025,0.9,0.53447,0.05714,0.18424,0.58688,0,0,0,0
Porbandar,1,14.3,2.5,2.73,6.2,0.634,8,1,76.1,27.1,29.7,1.0,0.04776,0.01813,0.44,0.63376,0.98,0.95,0.52171,0.02857,0.08892,0.48367,0,0,0,0
Navsari,0,5.2,1.2,3.91,7.3,0.519,11,1,64.5,34.4,32.1,1.0,0.01746,0.00886,0.53583,0.51948,0.9725,0.95,0.28936,0.02857,0.17993,0.60426,0,0,0,0
Patan,0,4.1,1.2,2.14,6.0,0.178,70,1,62.0,15.7,23.8,0.0,0.01377,0.00856,0.35735,0.17841,0.825,0.95,0.24026,0.02857,0,0.19186,0,0,0,0
Porbandar,1,8.7,1.9,3.08,6.2,0.648,8,1,69.4,37.6,27.6,1.0,0.02901,0.01345,0.4961,0.64842,0.98,0.95,0.38853,0.02857,0.22017,0.37787,0,0,0,0
Surat,1,17.7,6.7,4.82,9.4,0.823,13,1,79.8,12.3,28.8,1.0,0.05907,0.04779,0.51259,0.82278,0.9675,0.95,0.59619,0.02857,0,0.44046,0,0,0,0
Bhuj,1,18.0,6.8,1.88,5.8,0.441,110,4,68.9,14.0,25.8,1.0,0.05985,0.04842,0.32433,0.44102,0.725,0.8,0.37799,0.11429,0,0.29186,0,0,0,0
Navsari,0,13.4,4.1,3.63,7.3,0.497,11,1,47.9,10.0,33.5,1.0,0.04471,0.02947,0.49668,0.49678,0.9725,0.95,0,0.02857,0,0.67282,1,0,0,0
Ahmedabad,0,9.7,3.6,4.0,8.5,0.345,53,2,38.4,18.5,34.9,0.0,0.03224,0.02604,0.47086,0.34469,0.8675,0.9,0,0.05714,0,0.74442,0,0,0,0
Vadodara,1,18.7,10.9,3.73,8.0,0.759,39,2,91.6,14.3,28.5,0.0,0.0623,0.07767,0.46582,0.7586,0.9025,0.9,0.83143,0.05714,0,0.42649,0,0,0,0
Jamnagar,1,10.5,2.0,3.13,6.5,0.681,20,2,80.0,20.7,26.3,1.0,0.03484,0.01423,0.48079,0.68074,0.95,0.9,0.59922,0.05714,0.00834,0.31479,1,0,1,0
Porbandar,1,26.3,12.9,4.24,6.2,0.806,8,1,85.8,21.3,24.3,1.0,0.08759,0.09187,0.68437,0.80558,0.98,0.95,0.71602,0.02857,0.0162,0.21325,0,0,0,0
Bhavnagar,1,6.6,4.5,4.08,7.4,0.698,24,2,81.8,8.6,28.4,1.0,0.02197,0.03192,0.55089,0.69802,0.94,0.9,0.63502,0.05714,0,0.41946,1,0,0,0
Patan,1,23.6,13.7,3.15,6.0,0.533,70,1,88.9,20.7,28.0,0.0,0.07853,0.09802,0.52431,0.53314,0.825,0.95,0.77786,0.02857,0.00821,0.40249,0,0,0,0
Jamnagar,1,56.7,20.7,3.89,6.5,0.726,20,2,83.0,9.0,25.6,1.0,0.18889,0.14777,0.59877,0.72619,0.95,0.9,0.65934,0.05714,0,0.27895,0,0,0,0
Bhavnagar,1,7.7,6.5,4.56,7.4,0.688,24,2,68.5,35.2,25.0,1.0,0.02566,0.04617,0.61559,0.68788,0.94,0.9,0.37001,0.05714,0.18957,0.24807,0,0,1,0
Bhuj,0,2.8,1.6,1.86,5.8,0.083,110,4,58.4,18.8,35.3,1.0,0.00927,0.01117,0.32091,0.08287,0.725,0.8,0.1679,0.11429,0,0.76516,1,0,0,0
Bhavnagar,0,5.5,2.3,3.32,7.4,0.329,24,2,58.7,2,31.3,1.0,0.01819,0.01649,0.44882,0.3287,0.94,0.9,0.17446,0.05714,0,0.56418,0,0,0,0
Patan,1,2.5,1.5,1.81,6.0,0.557,70,1,71.9,21.5,27.1,0.0,0.00848,0.01076,0.30115,0.55651,0.825,0.95,0.43757,0.02857,0.01936,0.35719,0,0,0,0
Vadodara,1,84.3,60.3,5.35,8.0,0.694,39,2,88.9,19.2,23.4,0.0,0.28102,0.43096,0.6683,0.69377,0.9025,0.9,0.77704,0.05714,0,0.16961,1,0,0,0
Navsari,0,18.5,9.8,3.14,7.3,0.58,11,1,54.5,16.2,31.9,1.0,0.06173,0.06981,0.42982,0.58048,0.9725,0.95,0.09095,0.02857,0,0.59608,0,0,0,0
Ahmedabad,1,27.4,1.4,4.72,8.5,0.848,53,2,80.6,34.4,25.4,0.0,0.09145,0.01021,0.55573,0.84818,0.8675,0.9,0.61246,0.05714,0.18011,0.26843,0,0,0,0
Jamnagar,1,44.1,8.5,3.88,6.5,0.599,20,2,86.3,13.1,20.1,1.0,0.14698,0.06038,0.59653,0.59948,0.95,0.9,0.72625,0.05714,0,0.00492,1,0,0,0
Vadodara,0,4.6,2.2,1.83,8.0,0.248,39,2,51.7,9.1,31.7,0.0,0.01545,0.0158,0.22913,0.24775,0.9025,0.9,0.03349,0.05714,0,0.58401,0,0,0,0
Valsad,1,11.4,1.9,4.47,7.0,0.745,12,2,78.7,17.0,26.8,1.0,0.03786,0.0133,0.63851,0.74462,0.97,0.9,0.57413,0.05714,0,0.3401,0,0,0,0
Bhavnagar,0,2.4,2.1,2.8,7.4,0.452,24,2,49.1,12.0,32.0,1.0,0.00812,0.01479,0.3784,0.45157,0.94,0.9,0,0.05714,0,0.59778,0,0,0,0
Navsari,1,10.7,6.8,4.07,7.3,0.827,11,1,75.6,20.0,24.0,1.0,0.03578,0.04886,0.55703,0.82684,0.9725,0.95,0.51295,0.02857,0,0.19944,0,0,0,0
Surat,1,63.5,35.0,6.15,9.4,0.908,13,1,81.4,5.6,26.7,1.0,0.21152,0.24972,0.65419,0.90765,0.9675,0.95,0.62834,0.02857,0,0.33333,0,0,0,0
Bhavnagar,1,78.4,57.8,5.14,7.4,0.672,24,2,85.2,16.3,23.6,1.0,0.26132,0.4129,0.69516,0.67217,0.94,0.9,0.70487,0.05714,0,0.17877,1,0,1,1
Porbandar,1,39.0,25.0,3.31,6.2,0.679,8,1,95.5,60.5,27.0,1.0,0.13009,0.17858,0.53445,0.67948,0.98,0.95,0.90955,0.02857,0.5067,0.35214,0,0,1,0
Rajkot,1,6.9,4.4,3.56,7.2,0.511,134,3,87.6,11.0,28.6,0.0,0.02294,0.03111,0.49454,0.51134,0.665,0.85,0.75155,0.08571,0,0.43112,0,0,0,0
Dang,1,29.4,8.9,4.15,6.4,0.955,975,27,77.1,6.8,24.6,0.0,0.09805,0.06384,0.64825,0.95464,0,0,0.54187,0.77143,0,0.22914,0,0,0,0
Porbandar,1,60.0,16.8,3.84,6.2,0.846,8,1,83.2,13.0,26.7,1.0,0.20006,0.11995,0.6191,0.84574,0.98,0.95,0.6634,0.02857,0,0.33264,0,0,0,0
Navsari,1,203.2,131.4,6.95,7.3,1.0,11,1,100,21.2,27.7,1.0,0.67723,0.93873,0.95154,1.0,0.9725,0.95,1,0.02857,0.01541,0.38506,1,0,0,1
Bhuj,0,1.0,0.5,2.23,5.8,0.183,110,4,43.1,6.4,31.1,1.0,0.00333,0.00375,0.38531,0.18321,0.725,0.8,0,0.11429,0,0.55574,0,0,0,0
Ahmedabad,1,33.9,20.1,5.21,8.5,0.777,53,2,70.1,16.2,28.1,0.0,0.11292,0.14351,0.6128,0.77734,0.8675,0.9,0.4027,0.05714,0,0.40379,1,0,0,0
Navsari,1,15.5,1.3,4.13,7.3,0.926,11,1,68.3,8.9,26.2,1.0,0.05159,0.00945,0.56528,0.92574,0.9725,0.95,0.36549,0.02857,0,0.30956,0,0,0,0
Jamnagar,1,17.1,2.8,3.31,6.5,0.537,20,2,83.8,27.3,26.4,1.0,0.05698,0.02006,0.50887,0.53653,0.95,0.9,0.67545,0.05714,0.09184,0.32209,0,0,0,0
Valsad,0,21.1,15.8,4.04,7.0,0.604,12,2,50.0,8.0,32.2,1.0,0.07017,0.11253,0.57719,0.60375,0.97,0.9,0,0.05714,0,0.60852,0,0,0,0
Ahmedabad,0,3.6,0.8,2.95,8.5,0.437,53,2,45.0,10.5,36.5,0.0,0.01202,0.00588,0.3471,0.43659,0.8675,0.9,0,0.05714,0,0.82292,0,0,0,0
Bhuj,0,5.5,0.6,2.69,5.8,0.189,110,4,55.3,16.0,28.4,1.0,0.01846,0.00399,0.46458,0.18871,0.725,0.8,0.10576,0.11429,0,0.42075,0,0,0,0
Ahmedabad,0,4.5,1.7,3.44,8.5,0.479,53,2,61.8,33.0,33.2,0.0,0.01515,0.01242,0.40484,0.47898,0.8675,0.9,0.23523,0.05714,0.16237,0.6585,0,0,0,0
Navsari,1,38.9,10.8,6.07,7.3,0.963,11,1,82.4,18.0,27.1,1.0,0.12962,0.07743,0.83181,0.96342,0.9725,0.95,0.64722,0.02857,0,0.35677,0,0,0,0
Vadodara,1,32.9,18.4,4.98,8.0,0.835,39,2,90.6,10.1,26.5,0.0,0.10968,0.13139,0.62246,0.83546,0.9025,0.9,0.81228,0.05714,0,0.32416,0,0,0,0
Navsari,1,47.4,40.3,4.78,7.3,0.866,11,1,76.6,28.4,29.6,1.0,0.15804,0.28786,0.65462,0.86577,0.9725,0.95,0.53255,0.02857,0.10546,0.48156,1,0,0,0
Vadodara,0,5.7,2.4,2.67,8.0,0.475,39,2,48.3,7.5,30.9,0.0,0.01903,0.01733,0.33343,0.47487,0.9025,0.9,0,0.05714,0,0.54483,0,0,0,0
Valsad,1,98.3,65.9,5.64,7.0,1.0,12,2,82.4,19.8,32.0,1.0,0.32771,0.47072,0.80568,1.0,0.97,0.9,0.64842,0.05714,0,0.60176,0,0,0,0
Patan,0,3.7,1.7,1.42,6.0,0.111,70,1,40.5,17.4,28.3,0.0,0.01224,0.01244,0.23669,0.11087,0.825,0.95,0,0.02857,0,0.4153,0,0,0,0
Patan,0,0.7,0.2,2.1,6.0,0.183,70,1,49.7,5.6,32.6,0.0,0.00246,0.00166,0.35066,0.18289,0.825,0.95,0,0.02857,0,0.63168,0,0,0,0
Bhuj,1,24.0,7.5,3.52,5.8,0.496,110,4,82.7,19.4,25.9,1.0,0.07987,0.05368,0.60683,0.49599,0.725,0.8,0.65458,0.11429,0,0.29418,0,0,0,0
Rajkot,0,10.8,5.9,2.41,7.2,0.212,134,3,63.2,12.5,35.6,0.0,0.03607,0.04217,0.33482,0.21159,0.665,0.85,0.26323,0.08571,0,0.77948,0,0,0,0
Rajkot,1,8.2,5.6,3.98,7.2,0.573,134,3,80.2,22.1,29.4,0.0,0.0272,0.04018,0.55303,0.57293,0.665,0.85,0.60443,0.08571,0.02651,0.47074,0,1,0,0
Valsad,0,21.8,10.9,2.09,7.0,0.49,12,2,58.4,2.5,30.8,1.0,0.07278,0.07752,0.2981,0.48952,0.97,0.9,0.16807,0.05714,0,0.54093,0,0,0,0
Surat,0,10.8,5.4,4.15,9.4,0.322,13,1,53.2,31.6,32.8,1.0,0.03587,0.0384,0.442,0.32244,0.9675,0.95,0.06374,0.02857,0.14535,0.64183,0,0,1,0
Patan,1,16.3,5.2,3.84,6.0,0.617,70,1,66.0,12.8,27.1,0.0,0.05425,0.03739,0.63998,0.61676,0.825,0.95,0.31938,0.02857,0,0.35273,0,0,0,0
Jamnagar,1,82.2,37.4,4.26,6.5,0.625,20,2,86.1,41.4,26.0,1.0,0.27404,0.26716,0.65497,0.62486,0.95,0.9,0.72247,0.05714,0.26807,0.30107,0,0,0,0
Porbandar,1,34.5,6.7,2.84,6.2,0.685,8,1,75.8,13.9,27.0,1.0,0.11502,0.04756,0.45781,0.68482,0.98,0.95,0.51555,0.02857,0,0.35061,0,0,0,0
Porbandar,1,44.2,16.3,2.84,6.2,0.7,8,1,86.4,16.5,27.1,1.0,0.1475,0.11614,0.45741,0.69991,0.98,0.95,0.72747,0.02857,0,0.35382,1,0,0,0
Bhavnagar,1,50.7,21.3,4.27,7.4,0.783,24,2,89.8,94.3,26.1,1.0,0.16886,0.15223,0.57664,0.78272,0.94,0.9,0.79646,0.05714,0.92829,0.3043,0,0,0,0
Jamnagar,0,5.3,4.0,2.92,6.5,0.286,20,2,41.3,11.2,32.3,1.0,0.01783,0.02874,0.44853,0.28563,0.95,0.9,0,0.05714,0,0.61374,1,0,0,0
Ahmedabad,1,1.2,0.4,4.72,8.5,0.774,53,2,79.8,8.4,28.8,0.0,0.00409,0.00256,0.55587,0.774,0.8675,0.9,0.59677,0.05714,0,0.4376,0,0,0,1
Porbandar,0,5.2,3.4,2.06,6.2,0.294,8,1,49.4,25.6,37.6,1.0,0.01725,0.02417,0.33264,0.29392,0.98,0.95,0,0.02857,0.07034,0.88006,0,0,0,0
Porbandar,1,61.9,31.7,4.02,6.2,0.683,8,1,90.2,13.4,23.8,1.0,0.20629,0.22631,0.64843,0.68334,0.98,0.95,0.80372,0.02857,0,0.1922,0,0,1,0
Surat,1,82.7,39.3,7.11,9.4,0.981,13,1,85.0,17.7,25.9,1.0,0.27567,0.28079,0.75666,0.98072,0.9675,0.95,0.69994,0.02857,0,0.29421,1,0,0,0
Rajkot,1,2.6,1.4,3.16,7.2,0.547,134,3,76.5,8.7,28.3,0.0,0.00854,0.00964,0.43858,0.54687,0.665,0.85,0.53011,0.08571,0,0.416,0,0,0,0
Jamnagar,0,10.0,1.7,2.92,6.5,0.399,20,2,55.4,5.3,35.8,1.0,0.03347,0.01227,0.44946,0.39877,0.95,0.9,0.10806,0.05714,0,0.79192,0,0,0,0
Ahmedabad,0,3.9,2.9,3.81,8.5,0.495,53,2,45.6,16.4,32.9,0.0,0.01306,0.02045,0.44776,0.49458,0.8675,0.9,0,0.05714,0,0.64471,0,0,0,0
Ahmedabad,1,96.8,31.9,6.35,8.5,0.759,53,2,84.2,37.6,25.0,0.0,0.32276,0.22814,0.74658,0.75868,0.8675,0.9,0.68364,0.05714,0.22038,0.25241,1,0,0,0
Vadodara,1,24.0,9.2,4.95,8.0,0.76,39,2,83.5,11.6,27.5,0.0,0.07985,0.0655,0.61875,0.75956,0.9025,0.9,0.66908,0.05714,0,0.37467,1,0,0,0
Bhavnagar,1,22.4,10.3,3.98,7.4,0.699,24,2,83.8,17.0,25.6,1.0,0.07451,0.07343,0.53777,0.6985,0.94,0.9,0.67699,0.05714,0,0.28172,0,0,0,1
Valsad,1,141.3,66.8,6.05,7.0,1.0,12,2,93.5,71.3,27.9,1.0,0.47115,0.47744,0.86403,1.0,0.97,0.9,0.87096,0.05714,0.64138,0.39285,1,0,1,0
Valsad,0,14.0,5.1,3.57,7.0,0.557,12,2,57.9,28.9,30.3,1.0,0.04669,0.0366,0.51043,0.55696,0.97,0.9,0.15784,0.05714,0.11063,0.51321,0,0,0,0
Vadodara,0,3.5,1.2,3.29,8.0,0.427,39,2,50.2,7.5,33.7,0.0,0.01166,0.00878,0.41186,0.42699,0.9025,0.9,0.00311,0.05714,0,0.68375,1,0,0,0
Dang,1,82.4,4.3,3.9,6.4,0.943,975,27,94.5,21.2,28.5,0.0,0.27483,0.03101,0.60867,0.94347,0,0,0.89008,0.77143,0.01468,0.424,0,0,0,0
Bhuj,0,1.6,0.9,1.72,5.8,0.166,110,4,56.5,7.8,34.8,1.0,0.00531,0.00656,0.29638,0.16568,0.725,0.8,0.12932,0.11429,0,0.73886,0,0,0,0
Ahmedabad,0,5.3,3.7,4.15,8.5,0.446,53,2,52.8,10.3,34.1,0.0,0.01756,0.02654,0.48808,0.44569,0.8675,0.9,0.05519,0.05714,0,0.70662,0,0,0,0
Valsad,1,10.8,1.9,4.44,7.0,0.877,12,2,92.1,17.6,23.8,1.0,0.03586,0.01359,0.63419,0.87734,0.97,0.9,0.84231,0.05714,0,0.1876,0,0,0,0
Surat,1,27.8,4.0,6.08,9.4,1.0,13,1,86.2,22.4,27.0,1.0,0.09255,0.02879,0.6472,1.0,0.9675,0.95,0.72304,0.02857,0.03006,0.3484,0,0,0,0
Surat,1,21.3,16.7,6.27,9.4,0.904,13,1,75.5,16.8,28.9,1.0,0.07093,0.11923,0.66732,0.90429,0.9675,0.95,0.51023,0.02857,0,0.44458,0,0,0,0
Dang,0,9.2,5.7,3.11,6.4,0.689,975,27,71.1,19.7,33.0,0.0,0.03067,0.04083,0.48612,0.68877,0,0,0.42255,0.77143,0,0.6477,0,0,0,0
Navsari,0,2.6,1.0,3.59,7.3,0.623,11,1,44.8,2,32.8,1.0,0.00883,0.00739,0.49186,0.62316,0.9725,0.95,0,0.02857,0,0.63801,1,0,0,0
Ahmedabad,1,48.4,24.8,5.51,8.5,0.784,53,2,83.2,26.6,26.9,0.0,0.16147,0.17722,0.64772,0.78371,0.8675,0.9,0.66457,0.05714,0.08254,0.34419,0,0,0,0
Ahmedabad,0,3.7,1.1,3.65,8.5,0.395,53,2,55.4,41.7,31.4,0.0,0.01217,0.00764,0.4296,0.39479,0.8675,0.9,0.10723,0.05714,0.27083,0.57214,0,0,0,0
Porbandar,0,3.2,1.2,3.05,6.2,0.259,8,1,48.9,19.9,32.7,1.0,0.01076,0.00876,0.49225,0.25863,0.98,0.95,0,0.02857,0,0.63517,0,0,0,0
Dang,1,55.3,27.6,3.27,6.4,0.953,975,27,83.3,8.1,27.4,0.0,0.18447,0.19679,0.51131,0.95301,0,0,0.66578,0.77143,0,0.3718,0,0,0,0
Bhavnagar,1,59.1,15.4,5.54,7.4,0.885,24,2,86.4,18.1,25.6,1.0,0.19685,0.10976,0.74804,0.88475,0.94,0.9,0.72763,0.05714,0,0.28243,0,0,0,0
Navsari,1,28.6,8.9,3.88,7.3,0.828,11,1,88.5,16.9,28.2,1.0,0.09531,0.06345,0.53159,0.82835,0.9725,0.95,0.76974,0.02857,0,0.40985,1,0,0,0
Ahmedabad,1,11.0,2.2,4.09,8.5,0.783,53,2,87.7,36.4,25.9,0.0,0.03657,0.01576,0.48163,0.78327,0.8675,0.9,0.75351,0.05714,0.2052,0.29371,0,0,0,0
Navsari,0,5.0,0.9,2.27,7.3,0.506,11,1,53.0,41.0,31.3,1.0,0.01651,0.00639,0.31075,0.5057,0.9725,0.95,0.06045,0.02857,0.26251,0.56394,1,0,0,0
Bhuj,0,3.5,0.9,2.25,5.8,0.179,110,4,56.6,4.8,31.2,1.0,0.01154,0.00617,0.38708,0.17943,0.725,0.8,0.13292,0.11429,0,0.56145,0,0,0,0
Dang,1,85.0,24.2,4.59,6.4,1.0,975,27,76.1,23.8,24.8,0.0,0.28331,0.17311,0.71743,1.0,0,0,0.52138,0.77143,0.04704,0.2405,1,1,0,0
Navsari,1,17.7,7.2,3.79,7.3,0.989,11,1,73.7,50.1,28.1,1.0,0.05896,0.05122,0.51906,0.98934,0.9725,0.95,0.47407,0.02857,0.37682,0.40473,0,0,1,0
Dang,0,7.2,3.7,2.9,6.4,0.614,975,27,68.3,14.5,31.8,0.0,0.02388,0.02677,0.45247,0.61421,0,0,0.36595,0.77143,0,0.5891,0,0,0,0
Valsad,1,3.1,1.3,3.49,7.0,0.938,12,2,76.9,29.1,24.8,1.0,0.01023,0.00956,0.49864,0.93799,0.97,0.9,0.53741,0.05714,0.11321,0.23788,0,0,0,0
Surat,0,3.4,0.8,3.62,9.4,0.618,13,1,48.2,48.6,29.0,1.0,0.01126,0.00571,0.38539,0.61849,0.9675,0.95,0,0.02857,0.35776,0.44889,0,0,0,0
Valsad,1,68.9,4.9,4.7,7.0,1.0,12,2,89.1,18.0,27.8,1.0,0.22962,0.03491,0.67086,1.0,0.97,0.9,0.78188,0.05714,0,0.39199,0,0,1,0
Dang,0,3.3,1.1,3.22,6.4,0.609,975,27,41.4,4.4,34.1,0.0,0.01108,0.0076,0.50286,0.60883,0,0,0,0.77143,0,0.70257,1,0,0,0
Jamnagar,0,1.0,0.4,0.23,6.5,0.225,20,2,54.9,44.0,29.2,1.0,0.00347,0.00309,0.036,0.22538,0.95,0.9,0.09814,0.05714,0.29992,0.45877,0,0,0,0
Jamnagar,1,76.0,17.2,4.7,6.5,0.834,20,2,86.4,2,24.3,1.0,0.25336,0.12283,0.72317,0.83411,0.95,0.9,0.72755,0.05714,0,0.21562,1,0,0,0
Bhuj,1,20.7,13.4,2.74,5.8,0.449,110,4,69.7,10.4,27.0,1.0,0.06912,0.0954,0.47288,0.44875,0.725,0.8,0.3937,0.11429,0,0.34813,0,0,0,0
Bhavnagar,1,49.6,23.7,3.86,7.4,0.688,24,2,76.3,2,25.5,1.0,0.16535,0.16941,0.5212,0.68846,0.94,0.9,0.52601,0.05714,0,0.27534,1,1,0,0
Dang,1,20.0,10.2,3.69,6.4,0.98,975,27,76.8,27.2,29.5,0.0,0.06668,0.07261,0.5764,0.97972,0,0,0.53525,0.77143,0.0904,0.47377,0,0,0,0
Vadodara,0,6.5,2.8,2.98,8.0,0.428,39,2,55.4,10.2,31.7,0.0,0.02157,0.02028,0.37262,0.42751,0.9025,0.9,0.10765,0.05714,0,0.58517,0,0,0,0
Porbandar,0,2.5,1.1,1.5,6.2,0.345,8,1,57.3,9.1,29.6,1.0,0.00844,0.00762,0.24211,0.34515,0.98,0.95,0.14598,0.02857,0,0.47762,0,0,0,0
Vadodara,0,13.3,3.5,4.69,8.0,0.338,39,2,68.5,24.9,36.3,0.0,0.04427,0.02528,0.58631,0.33845,0.9025,0.9,0.36936,0.05714,0.06116,0.8156,0,0,0,0
Ahmedabad,1,33.9,22.5,5.81,8.5,0.788,53,2,87.6,5.8,27.6,0.0,0.11284,0.16099,0.68336,0.7875,0.8675,0.9,0.75287,0.05714,0,0.37828,1,0,0,0
Patan,1,7.7,4.1,2.62,6.0,0.615,70,1,70.9,30.1,26.9,0.0,0.02562,0.02938,0.43705,0.61508,0.825,0.95,0.41854,0.02857,0.12636,0.34252,0,0,0,0
Dang,1,62.7,27.1,4.48,6.4,0.906,975,27,82.4,8.2,27.5,0.0,0.20912,0.19328,0.70033,0.9058,0,0,0.64807,0.77143,0,0.37409,0,0,0,0
Ahmedabad,1,42.6,8.0,4.63,8.5,0.74,53,2,72.6,18.1,27.7,0.0,0.14191,0.05707,0.54505,0.74031,0.8675,0.9,0.45278,0.05714,0,0.38296,0,0,0,0
Porbandar,0,0.7,0.3,1.95,6.2,0.443,8,1,59.2,41.2,34.3,1.0,0.0023,0.00238,0.31415,0.44252,0.98,0.95,0.18369,0.02857,0.26489,0.71632,0,0,0,0
Bhavnagar,1,13.3,7.4,4.35,7.4,0.695,24,2,82.8,3.8,29.8,1.0,0.04431,0.05256,0.58815,0.69506,0.94,0.9,0.65524,0.05714,0,0.48922,0,0,0,0
Jamnagar,0,4.8,1.2,2.48,6.5,0.367,20,2,56.0,24.0,32.4,1.0,0.01596,0.0089,0.3821,0.36666,0.95,0.9,0.1192,0.05714,0.0499,0.61984,0,0,0,0
Ahmedabad,1,36.5,10.6,4.13,8.5,0.829,53,2,84.1,4.6,26.9,0.0,0.12154,0.07539,0.4862,0.82852,0.8675,0.9,0.68159,0.05714,0,0.34646,0,0,0,0
Bhavnagar,0,14.3,8.6,3.48,7.4,0.349,24,2,51.2,16.4,35.9,1.0,0.04764,0.06155,0.47081,0.34948,0.94,0.9,0.02495,0.05714,0,0.79377,0,0,0,0
Vadodara,1,48.6,26.9,5.83,8.0,0.875,39,2,76.9,57.7,29.2,0.0,0.16216,0.19245,0.72911,0.87535,0.9025,0.9,0.53841,0.05714,0.47121,0.45931,0,0,0,0
Surat,1,72.7,32.3,6.46,9.4,1.0,13,1,81.7,103.4,26.4,1.0,0.24236,0.2305,0.68741,1.0,0.9675,0.95,0.63442,0.02857,1,0.31827,0,0,1,0
Bhuj,0,0.6,0.2,1.59,5.8,0.156,110,4,43.4,24.9,29.5,1.0,0.00204,0.00147,0.2748,0.15627,0.725,0.8,0,0.11429,0.06184,0.47409,0,0,0,0
Bhuj,1,5.0,3.7,2.36,5.8,0.494,110,4,78.6,42.8,26.5,1.0,0.01667,0.02636,0.40636,0.49389,0.725,0.8,0.57219,0.11429,0.28525,0.32396,1,0,0,0
Patan,0,3.0,2.3,1.33,6.0,0.213,70,1,52.8,7.9,32.3,0.0,0.01002,0.0164,0.22143,0.21253,0.825,0.95,0.05653,0.02857,0,0.61679,0,0,0,1
Vadodara,1,14.2,4.9,5.27,8.0,0.839,39,2,74.5,16.4,27.9,0.0,0.04719,0.03474,0.65868,0.83889,0.9025,0.9,0.48992,0.05714,0,0.39745,0,0,0,0
Bhuj,1,6.6,4.1,1.92,5.8,0.488,110,4,66.5,25.1,30.0,1.0,0.02203,0.02936,0.33043,0.48817,0.725,0.8,0.33067,0.11429,0.0632,0.49943,0,0,0,0
Valsad,0,6.5,5.3,3.87,7.0,0.391,12,2,46.1,67.2,34.9,1.0,0.02166,0.03805,0.55318,0.39132,0.97,0.9,0,0.05714,0.5901,0.74662,0,0,0,0
Patan,1,45.1,25.8,2.83,6.0,0.686,70,1,80.4,18.4,28.0,0.0,0.15039,0.18426,0.47246,0.68588,0.825,0.95,0.60801,0.02857,0,0.40048,0,0,0,0
Patan,1,15.3,10.6,3.69,6.0,0.462,70,1,91.6,14.1,28.9,0.0,0.05098,0.07572,0.61579,0.46165,0.825,0.95,0.83201,0.02857,0,0.44471,1,0,0,0
Porbandar,0,2.6,1.7,3.04,6.2,0.35,8,1,57.8,14.3,31.3,1.0,0.00857,0.01227,0.49045,0.35007,0.98,0.95,0.15532,0.02857,0,0.56483,1,0,0,0
Bhuj,1,5.7,0.7,1.99,5.8,0.594,110,4,72.9,18.6,27.0,1.0,0.01895,0.00493,0.34287,0.59375,0.725,0.8,0.45897,0.11429,0,0.34808,0,0,0,0
Patan,0,0.8,0.3,1.57,6.0,0.173,70,1,56.1,10.9,27.6,0.0,0.00282,0.00206,0.26094,0.17283,0.825,0.95,0.12205,0.02857,0,0.38073,1,0,0,0
Navsari,0,2.9,0.3,3.18,7.3,0.485,11,1,50.7,15.0,36.4,1.0,0.00969,0.00242,0.43503,0.4847,0.9725,0.95,0.01334,0.02857,0,0.82147,0,0,0,0
Rajkot,0,1.8,0.3,1.53,7.2,0.278,134,3,53.3,5.2,31.4,0.0,0.00595,0.00229,0.21251,0.27834,0.665,0.85,0.06642,0.08571,0,0.56847,0,0,0,0
Vadodara,1,0.7,0.2,4.57,8.0,0.713,39,2,70.3,19.1,26.8,0.0,0.00239,0.0016,0.57124,0.7129,0.9025,0.9,0.4066,0.05714,0,0.33938,1,0,0,0
Dang,1,13.8,6.1,4.54,6.4,1.0,975,27,75.1,6.6,29.1,0.0,0.04611,0.04347,0.70874,1.0,0,0,0.50198,0.77143,0,0.45455,0,0,0,0
Vadodara,1,6.5,4.7,3.53,8.0,0.819,39,2,79.5,31.7,24.0,0.0,0.02178,0.03368,0.44127,0.81874,0.9025,0.9,0.59069,0.05714,0.1468,0.1984,0,0,0,0
Valsad,1,142.7,76.8,5.95,7.0,1.0,12,2,82.1,9.3,25.9,1.0,0.47569,0.5484,0.84965,1.0,0.97,0.9,0.64156,0.05714,0,0.29306,1,0,0,0
Bhavnagar,1,37.1,8.2,4.84,7.4,0.84,24,2,74.6,16.2,27.4,1.0,0.12357,0.05885,0.65454,0.83957,0.94,0.9,0.49241,0.05714,0,0.37237,1,0,1,0
Porbandar,1,75.1,8.2,4.02,6.2,0.771,8,1,90.9,14.1,27.1,1.0,0.25035,0.05882,0.64915,0.77121,0.98,0.95,0.81803,0.02857,0,0.35734,0,0,0,0
Vadodara,0,1.0,0.5,2.77,8.0,0.37,39,2,50.7,42.7,36.3,0.0,0.00325,0.00357,0.34628,0.3702,0.9025,0.9,0.01376,0.05714,0.284,0.81629,1,0,0,0
Bhavnagar,0,12.1,7.0,3.96,7.4,0.374,24,2,49.8,22.1,33.5,1.0,0.0403,0.04975,0.53555,0.37377,0.94,0.9,0,0.05714,0.02563,0.67433,1,0,0,0
Porbandar,1,23.0,12.7,2.71,6.2,0.613,8,1,92.5,11.7,31.4,1.0,0.07668,0.09056,0.43717,0.61251,0.98,0.95,0.84984,0.02857,0,0.56933,0,0,0,0
Bhavnagar,1,42.3,19.8,3.89,7.4,0.66,24,2,77.6,4.2,25.9,1.0,0.14111,0.14131,0.52589,0.65962,0.94,0.9,0.55293,0.05714,0,0.29719,0,0,0,0
Porbandar,1,29.7,15.1,3.1,6.2,0.651,8,1,80.8,31.0,27.9,1.0,0.09899,0.10797,0.49933,0.65118,0.98,0.95,0.61519,0.02857,0.13762,0.39443,0,0,0,0
Rajkot,1,35.7,13.7,3.15,7.2,0.611,134,3,77.0,34.6,28.6,0.0,0.1189,0.09793,0.43686,0.61103,0.665,0.85,0.53958,0.08571,0.18245,0.43106,0,0,0,0
Porbandar,1,16.6,12.3,3.43,6.2,0.722,8,1,73.2,9.2,27.3,1.0,0.05518,0.08764,0.55387,0.72212,0.98,0.95,0.46341,0.02857,0,0.36528,1,0,1,0
Surat,1,70.3,24.1,6.83,9.4,0.956,13,1,86.1,28.6,26.7,1.0,0.23431,0.17186,0.72663,0.95632,0.9675,0.95,0.72295,0.02857,0.10755,0.33521,1,0,0,1
Bhuj,1,15.0,10.1,2.78,5.8,0.437,110,4,82.7,15.5,29.4,1.0,0.05008,0.07204,0.47897,0.43692,0.725,0.8,0.65314,0.11429,0,0.47117,0,0,0,0
Surat,0,1.0,0.8,3.45,9.4,0.497,13,1,65.8,10.4,31.3,1.0,0.00338,0.00544,0.3671,0.49725,0.9675,0.95,0.31631,0.02857,0,0.56344,0,0,0,0
Bhuj,1,11.2,6.0,2.88,5.8,0.504,110,4,78.1,11.4,25.4,1.0,0.0374,0.04291,0.49658,0.50438,0.725,0.8,0.56265,0.11429,0,0.26862,0,0,0,0
Rajkot,1,36.1,9.1,3.54,7.2,0.584,134,3,98.1,19.0,27.3,0.0,0.12042,0.06523,0.49135,0.58447,0.665,0.85,0.9611,0.08571,0,0.36575,1,0,0,0
Rajkot,0,7.3,3.2,2.83,7.2,0.19,134,3,65.0,9.6,34.0,0.0,0.02427,0.02273,0.39271,0.19003,0.665,0.85,0.3003,0.08571,0,0.69984,0,0,0,0
Porbandar,0,8.5,5.6,2.79,6.2,0.418,8,1,55.6,13.3,31.0,1.0,0.02819,0.03983,0.44987,0.41842,0.98,0.95,0.11245,0.02857,0,0.54942,0,0,0,0
Patan,0,0.7,0.1,1.25,6.0,0.094,70,1,51.6,18.9,31.5,0.0,0.00232,0.00049,0.20829,0.09415,0.825,0.95,0.03196,0.02857,0,0.57547,0,0,0,0
Ahmedabad,1,12.7,2.4,4.25,8.5,0.808,53,2,80.8,7.4,26.7,0.0,0.04239,0.01748,0.50007,0.80792,0.8675,0.9,0.61532,0.05714,0,0.33315,0,0,0,0
Porbandar,1,38.1,8.2,2.99,6.2,0.656,8,1,85.8,16.4,30.2,1.0,0.12705,0.05866,0.48174,0.6562,0.98,0.95,0.71603,0.02857,0,0.51113,1,0,0,0
Surat,0,11.3,1.6,4.15,9.4,0.358,13,1,55.8,2,33.0,1.0,0.03755,0.01123,0.44098,0.35818,0.9675,0.95,0.11592,0.02857,0,0.65212,0,0,0,0
Rajkot,1,32.9,6.5,4.35,7.2,0.62,134,3,87.2,20.0,22.9,0.0,0.10958,0.04612,0.60452,0.6203,0.665,0.85,0.74303,0.08571,0,0.14462,0,0,0,1
Patan,1,15.4,1.9,2.19,6.0,0.563,70,1,77.3,19.8,26.7,0.0,0.05138,0.01334,0.36464,0.56349,0.825,0.95,0.54579,0.02857,0,0.33566,0,0,0,0
Patan,1,1.6,0.7,2.23,6.0,0.494,70,1,63.5,17.3,25.7,0.0,0.00524,0.00479,0.37232,0.49426,0.825,0.95,0.2707,0.02857,0,0.28548,0,0,0,1
Bhuj,1,1.0,0.7,3.35,5.8,0.398,110,4,82.4,30.8,28.9,1.0,0.00327,0.00524,0.5768,0.39824,0.725,0.8,0.64866,0.11429,0.13561,0.44749,0,0,0,0
Rajkot,1,6.5,4.3,3.77,7.2,0.515,134,3,80.6,6.0,26.9,0.0,0.02177,0.03095,0.52328,0.5149,0.665,0.85,0.61188,0.08571,0,0.34303,0,0,0,0
Dang,0,8.3,4.9,1.38,6.4,0.498,975,27,57.1,6.1,29.7,0.0,0.02771,0.03476,0.21602,0.4975,0,0,0.14176,0.77143,0,0.48491,0,1,0,0
Porbandar,1,21.5,10.2,2.99,6.2,0.686,8,1,86.1,6.7,29.3,1.0,0.0716,0.07299,0.48228,0.6855,0.98,0.95,0.72114,0.02857,0,0.46648,1,0,0,0
Bhavnagar,1,6.9,3.2,4.81,7.4,0.763,24,2,82.3,8.4,26.5,1.0,0.02287,0.02262,0.65054,0.76311,0.94,0.9,0.64513,0.05714,0,0.32252,1,0,0,0
Vadodara,0,7.6,4.6,2.95,8.0,0.353,39,2,47.1,10.5,31.9,0.0,0.02547,0.0326,0.36926,0.35338,0.9025,0.9,0,0.05714,0,0.59447,1,0,0,0
Dang,0,18.5,4.2,3.86,6.4,0.668,975,27,47.4,18.1,33.9,0.0,0.06159,0.03,0.60248,0.66847,0,0,0,0.77143,0,0.69657,0,0,0,0
Dang,1,76.6,49.7,5.0,6.4,0.9,975,27,73.9,6.7,26.8,0.0,0.25518,0.35474,0.78147,0.90026,0,0,0.47737,0.77143,0,0.3381,0,0,0,1
Patan,0,5.3,0.3,1.66,6.0,0.307,70,1,60.0,22.2,34.4,0.0,0.01753,0.00208,0.27646,0.30729,0.825,0.95,0.20074,0.02857,0.028,0.71874,0,0,0,0
Bhavnagar,0,3.7,0.7,2.89,7.4,0.3,24,2,62.0,29.9,31.9,1.0,0.01217,0.00469,0.39064,0.30048,0.94,0.9,0.24073,0.05714,0.12364,0.59376,0,0,0,0
Bhavnagar,0,5.2,3.9,3.53,7.4,0.328,24,2,63.2,8.1,33.1,1.0,0.01719,0.02779,0.47663,0.32824,0.94,0.9,0.26396,0.05714,0,0.65359,1,0,1,0
Bhuj,1,8.8,1.7,2.14,5.8,0.563,110,4,72.9,34.6,26.9,1.0,0.02933,0.01217,0.36861,0.56343,0.725,0.8,0.45743,0.11429,0.18303,0.34278,0,0,0,0
Dang,0,15.4,12.7,3.07,6.4,0.494,975,27,58.3,10.6,33.1,0.0,0.05133,0.09079,0.48012,0.49375,0,0,0.16678,0.77143,0,0.65619,0,0,0,0
Rajkot,0,3.0,1.2,2.02,7.2,0.274,134,3,62.7,34.6,33.4,0.0,0.01003,0.00831,0.28086,0.27377,0.665,0.85,0.25354,0.08571,0.18275,0.67181,0,0,0,0
Rajkot,1,6.1,3.8,3.23,7.2,0.588,134,3,81.9,4.4,31.4,0.0,0.0202,0.02725,0.44928,0.58796,0.665,0.85,0.63722,0.08571,0,0.57234,0,0,0,0
Jamnagar,1,27.8,15.2,3.35,6.5,0.576,20,2,74.5,27.3,26.3,1.0,0.09274,0.10829,0.51515,0.57639,0.95,0.9,0.49065,0.05714,0.09085,0.31646,0,0,0,0
Vadodara,1,20.4,13.8,5.06,8.0,0.756,39,2,76.7,19.7,22.7,0.0,0.06793,0.09874,0.63229,0.75565,0.9025,0.9,0.53376,0.05714,0,0.13504,0,0,0,0
Navsari,0,1.1,0.6,3.16,7.3,0.58,11,1,56.0,22.9,32.6,1.0,0.00377,0.00438,0.43251,0.5799,0.9725,0.95,0.11919,0.02857,0.0363,0.63091,0,0,0,0
Bhuj,1,10.0,8.5,3.69,5.8,0.516,110,4,79.5,35.3,24.6,1.0,0.03342,0.06088,0.6369,0.51626,0.725,0.8,0.5908,0.11429,0.19164,0.2275,0,0,0,1
Jamnagar,0,1.3,0.4,2.39,6.5,0.285,20,2,47.7,12.0,38.9,1.0,0.00422,0.00318,0.36698,0.28489,0.95,0.9,0,0.05714,0,0.94416,0,0,0,0
Surat,1,40.5,13.9,6.33,9.4,0.881,13,1,87.6,10.6,29.3,1.0,0.13484,0.09931,0.67335,0.88065,0.9675,0.95,0.75116,0.02857,0,0.46632,1,0,0,0
Bhavnagar,0,7.6,2.2,1.81,7.4,0.344,24,2,48.2,12.8,34.2,1.0,0.02532,0.01561,0.24412,0.34391,0.94,0.9,0,0.05714,0,0.71216,0,0,0,0
Navsari,1,25.8,9.8,4.12,7.3,0.842,11,1,72.2,28.5,30.5,1.0,0.08611,0.07035,0.56499,0.84154,0.9725,0.95,0.44375,0.02857,0.1065,0.52508,0,0,1,0
Bhuj,0,3.2,2.1,2.27,5.8,0.091,110,4,46.8,10.6,31.9,1.0,0.01065,0.01469,0.39171,0.09097,0.725,0.8,0,0.11429,0,0.59634,0,0,0,0
Navsari,1,22.4,7.1,2.83,7.3,0.815,11,1,86.1,6.5,26.5,1.0,0.07475,0.05055,0.38775,0.81523,0.9725,0.95,0.72297,0.02857,0,0.32263,0,0,1,0
Bhavnagar,1,43.9,25.8,4.97,7.4,0.746,24,2,74.9,24.3,27.2,1.0,0.14637,0.18442,0.67177,0.74647,0.94,0.9,0.49786,0.05714,0.05325,0.35961,1,0,0,0
Dang,0,16.6,12.3,2.09,6.4,0.585,975,27,64.5,18.6,34.9,0.0,0.05532,0.08769,0.32605,0.58515,0,0,0.29032,0.77143,0,0.74402,0,0,0,0
Vadodara,0,10.8,7.7,2.97,8.0,0.352,39,2,57.6,13.9,33.5,0.0,0.03586,0.05499,0.3715,0.35249,0.9025,0.9,0.15149,0.05714,0,0.67326,0,0,0,0
Jamnagar,0,2.9,1.4,2.23,6.5,0.296,20,2,58.9,71.9,34.8,1.0,0.00969,0.00991,0.34307,0.29602,0.95,0.9,0.17781,0.05714,0.64869,0.73751,0,0,1,0
Dang,0,11.3,4.4,3.6,6.4,0.603,975,27,58.3,6.3,31.4,0.0,0.03753,0.03153,0.56321,0.60295,0,0,0.16619,0.77143,0,0.56877,0,0,0,0
Valsad,1,103.1,35.0,5.16,7.0,1.0,12,2,82.5,11.7,22.8,1.0,0.34358,0.24976,0.73784,1.0,0.97,0.9,0.64946,0.05714,0,0.142,1,0,0,0
Surat,0,31.0,12.8,4.4,9.4,0.493,13,1,52.9,31.8,35.5,1.0,0.10343,0.09129,0.46837,0.49334,0.9675,0.95,0.05885,0.02857,0.14792,0.77619,0,0,0,0
Bhavnagar,1,50.9,26.1,4.64,7.4,0.834,24,2,85.4,4.2,27.7,1.0,0.16952,0.18649,0.62744,0.83431,0.94,0.9,0.70718,0.05714,0,0.38414,0,0,0,0
Ahmedabad,1,20.2,9.9,4.69,8.5,0.792,53,2,79.4,40.4,24.5,0.0,0.0673,0.0704,0.55205,0.79226,0.8675,0.9,0.5885,0.05714,0.2551,0.22278,0,0,0,0
Bhuj,1,17.1,12.8,2.25,5.8,0.554,110,4,84.2,20.3,29.8,1.0,0.0571,0.09165,0.38841,0.55419,0.725,0.8,0.6845,0.11429,0.00395,0.49207,0,0,0,1
Jamnagar,1,25.4,7.9,3.2,6.5,0.672,20,2,70.7,39.5,31.6,1.0,0.0848,0.05676,0.49183,0.672,0.95,0.9,0.41481,0.05714,0.2442,0.57782,1,0,0,0
Ahmedabad,1,59.5,8.7,5.44,8.5,0.685,53,2,90.1,15.3,28.8,0.0,0.19835,0.06224,0.64024,0.68532,0.8675,0.9,0.80289,0.05714,0,0.44082,0,0,0,0
Ahmedabad,1,12.9,4.2,4.23,8.5,0.808,53,2,80.5,9.5,28.4,0.0,0.04302,0.03008,0.49763,0.80792,0.8675,0.9,0.61099,0.05714,0,0.41795,0,0,0,0
Porbandar,0,7.9,1.9,2.4,6.2,0.361,8,1,48.0,27.9,33.6,1.0,0.02627,0.01349,0.38741,0.36122,0.98,0.95,0,0.02857,0.09879,0.68071,0,0,0,0
Surat,1,21.8,3.4,4.78,9.4,0.834,13,1,79.1,13.7,27.1,1.0,0.0727,0.02423,0.5088,0.83367,0.9675,0.95,0.58128,0.02857,0,0.35704,0,0,0,0
Valsad,1,22.8,7.3,3.44,7.0,0.838,12,2,78.0,40.1,28.7,1.0,0.07586,0.05226,0.49111,0.8379,0.97,0.9,0.55976,0.05714,0.25114,0.43731,0,0,0,0
Vadodara,0,4.3,2.2,3.51,8.0,0.422,39,2,55.3,2.2,31.8,0.0,0.01439,0.01545,0.43852,0.42232,0.9025,0.9,0.10519,0.05714,0,0.58876,0,0,0,0
Dang,1,47.4,10.9,4.39,6.4,1.0,975,27,82.4,29.4,24.1,0.0,0.15797,0.07755,0.68602,1.0,0,0,0.6489,0.77143,0.11694,0.20539,0,1,0,1
Patan,1,8.6,3.9,3.16,6.0,0.609,70,1,78.3,6.6,24.4,0.0,0.02875,0.02805,0.52652,0.60872,0.825,0.95,0.56642,0.02857,0,0.2182,1,0,0,0
Navsari,0,5.8,1.5,3.54,7.3,0.557,11,1,58.2,30.7,33.0,1.0,0.01921,0.01061,0.48498,0.55679,0.9725,0.95,0.16442,0.02857,0.13428,0.65231,0,0,0,0
Valsad,1,19.6,10.1,4.82,7.0,1.0,12,2,76.7,23.3,31.3,1.0,0.06518,0.072,0.68921,1.0,0.97,0.9,0.53471,0.05714,0.04147,0.56446,0,0,0,0
Porbandar,1,88.3,42.2,5.07,6.2,0.778,8,1,70.0,7.8,26.4,1.0,0.29442,0.30112,0.81792,0.77832,0.98,0.95,0.3991,0.02857,0,0.31941,0,0,0,0
Vadodara,1,6.9,4.4,3.9,8.0,0.765,39,2,71.8,29.5,25.8,0.0,0.02299,0.03142,0.48787,0.76545,0.9025,0.9,0.43505,0.05714,0.11881,0.2922,1,0,0,0
Valsad,0,1.8,0.8,2.99,7.0,0.493,12,2,54.0,11.3,30.0,1.0,0.00597,0.00595,0.42661,0.4931,0.97,0.9,0.0796,0.05714,0,0.50136,0,0,0,0
Navsari,1,39.5,16.9,5.52,7.3,0.951,11,1,80.6,13.4,26.0,1.0,0.13156,0.12054,0.75603,0.95085,0.9725,0.95,0.61228,0.02857,0,0.29948,0,0,0,0
Valsad,1,30.5,16.6,4.32,7.0,0.938,12,2,82.9,8.8,29.7,1.0,0.10171,0.11865,0.61693,0.93836,0.97,0.9,0.65887,0.05714,0,0.48501,0,0,0,0
Valsad,1,29.2,19.8,4.37,7.0,0.879,12,2,74.5,55.6,27.1,1.0,0.09728,0.14113,0.62387,0.8789,0.97,0.9,0.49096,0.05714,0.44537,0.35581,0,0,0,0
Ahmedabad,0,6.0,3.0,3.23,8.5,0.386,53,2,52.8,13.8,32.2,0.0,0.0201,0.02125,0.38008,0.38631,0.8675,0.9,0.05621,0.05714,0,0.6084,0,0,0,0
Bhavnagar,1,45.7,15.0,4.63,7.4,0.791,24,2,83.1,6.7,29.7,1.0,0.15239,0.10691,0.62523,0.79102,0.94,0.9,0.66247,0.05714,0,0.4848,0,0,0,0
Vadodara,0,13.1,6.4,2.85,8.0,0.353,39,2,55.9,13.5,35.4,0.0,0.0437,0.04551,0.35604,0.35303,0.9025,0.9,0.11888,0.05714,0,0.77096,0,0,0,0
Navsari,1,164.4,102.6,6.99,7.3,1.0,11,1,71.9,32.8,22.0,1.0,0.54813,0.73292,0.95731,1.0,0.9725,0.95,0.43752,0.02857,0.15941,0.10129,1,0,0,0
Bhuj,1,18.8,2.2,2.75,5.8,0.505,110,4,87.8,23.8,27.4,1.0,0.06269,0.01558,0.47383,0.50486,0.725,0.8,0.75557,0.11429,0.04692,0.36987,0,0,0,0
Patan,1,10.8,3.9,3.49,6.0,0.649,70,1,74.1,45.6,25.9,0.0,0.03595,0.02784,0.58119,0.64902,0.825,0.95,0.48235,0.02857,0.31974,0.29325,0,0,0,0
Surat,1,55.5,28.8,6.46,9.4,0.885,13,1,77.0,15.6,26.6,1.0,0.18509,0.20586,0.68707,0.88524,0.9675,0.95,0.54007,0.02857,0,0.32945,0,0,0,0
Bhuj,1,13.2,6.2,3.23,5.8,0.408,110,4,74.5,9.5,28.0,1.0,0.04387,0.04422,0.55642,0.40794,0.725,0.8,0.49057,0.11429,0,0.39766,1,0,0,0
Bhuj,1,10.6,4.0,2.48,5.8,0.372,110,4,82.4,10.6,23.4,1.0,0.03523,0.02876,0.4279,0.37242,0.725,0.8,0.649,0.11429,0,0.17097,0,0,0,0
Vadodara,1,37.6,15.6,5.0,8.0,0.812,39,2,76.7,37.7,24.8,0.0,0.12543,0.11121,0.62525,0.81245,0.9025,0.9,0.53326,0.05714,0.2216,0.23995,0,0,0,0
Navsari,1,37.5,13.8,4.76,7.3,0.759,11,1,84.0,12.5,27.3,1.0,0.12496,0.09856,0.65215,0.75906,0.9725,0.95,0.68045,0.02857,0,0.3627,1,0,0,0
Vadodara,0,1.8,0.3,2.71,8.0,0.307,39,2,49.6,10.9,36.3,0.0,0.00603,0.00197,0.33852,0.30729,0.9025,0.9,0,0.05714,0,0.81544,0,0,0,0
Bhavnagar,1,18.6,10.5,4.18,7.4,0.668,24,2,75.0,24.3,30.7,1.0,0.06186,0.07468,0.56479,0.66807,0.94,0.9,0.49902,0.05714,0.05331,0.53587,0,0,0,0
Vadodara,0,1.8,0.4,2.72,8.0,0.295,39,2,51.3,47.1,34.8,0.0,0.00597,0.00313,0.33961,0.29528,0.9025,0.9,0.02667,0.05714,0.339,0.74095,0,0,0,0
Bhuj,1,23.2,7.7,2.05,5.8,0.393,110,4,69.0,8.6,28.0,1.0,0.07744,0.05488,0.35399,0.39312,0.725,0.8,0.38037,0.11429,0,0.40203,0,0,0,0
Ahmedabad,1,41.1,6.9,7.05,8.5,0.962,53,2,63.3,33.1,29.7,0.0,0.13703,0.04906,0.82994,0.96202,0.8675,0.9,0.26507,0.05714,0.16314,0.48428,0,0,0,1
Jamnagar,1,7.7,2.6,3.47,6.5,0.754,20,2,89.0,10.0,24.6,1.0,0.02562,0.01822,0.5336,0.75418,0.95,0.9,0.78017,0.05714,0,0.23048,0,0,0,0
Porbandar,1,17.8,4.4,2.84,6.2,0.679,8,1,76.6,42.2,26.4,1.0,0.05942,0.03111,0.45743,0.67881,0.98,0.95,0.53116,0.02857,0.27688,0.32079,1,0,1,0
Ahmedabad,1,49.2,15.7,5.83,8.5,0.864,53,2,87.4,8.7,25.3,0.0,0.16412,0.11187,0.68634,0.86418,0.8675,0.9,0.74769,0.05714,0,0.26382,1,0,0,1
Bhuj,1,6.0,3.6,2.0,5.8,0.271,110,4,71.3,8.9,30.5,1.0,0.01991,0.02558,0.34566,0.27137,0.725,0.8,0.42553,0.11429,0,0.5245,0,0,0,0
Rajkot,1,19.1,8.5,4.52,7.2,0.55,134,3,87.4,3.3,28.2,0.0,0.06374,0.06073,0.62789,0.54965,0.665,0.85,0.74887,0.08571,0,0.40843,0,0,0,0
Surat,1,20.8,14.0,6.02,9.4,0.786,13,1,94.0,24.3,23.3,1.0,0.06927,0.09998,0.63996,0.78614,0.9675,0.95,0.87951,0.02857,0.05336,0.16736,0,0,0,0
Bhavnagar,0,4.8,3.9,3.09,7.4,0.356,24,2,50.5,18.8,30.5,1.0,0.01585,0.02795,0.41732,0.35586,0.94,0.9,0.01006,0.05714,0,0.52592,0,0,0,0
Patan,1,5.7,0.8,2.46,6.0,0.507,70,1,80.5,5.2,27.5,0.0,0.01887,0.00565,0.40997,0.50714,0.825,0.95,0.60919,0.02857,0,0.37553,1,0,1,0
Rajkot,1,13.3,2.1,3.26,7.2,0.551,134,3,68.3,19.1,23.5,0.0,0.0442,0.01492,0.45256,0.55056,0.665,0.85,0.3653,0.08571,0,0.17611,0,0,0,0
Jamnagar,1,14.9,4.0,3.57,6.5,0.573,20,2,81.9,18.1,23.4,1.0,0.04981,0.02873,0.5488,0.5731,0.95,0.9,0.63852,0.05714,0,0.16807,0,0,0,0
Bhuj,0,2.2,0.6,0.56,5.8,0.02,110,4,50.7,30.5,31.2,1.0,0.00735,0.00401,0.09608,0.02,0.725,0.8,0.01485,0.11429,0.13142,0.5589,0,0,0,0
Jamnagar,1,21.6,10.2,3.79,6.5,0.73,20,2,81.9,36.6,30.4,1.0,0.072,0.07289,0.58315,0.72975,0.95,0.9,0.63824,0.05714,0.20709,0.51888,0,0,1,0
Porbandar,0,4.7,1.3,2.12,6.2,0.389,8,1,58.9,3.6,32.0,1.0,0.01575,0.00952,0.3416,0.3894,0.98,0.95,0.17798,0.02857,0,0.60241,0,0,0,1
Porbandar,1,33.4,20.1,2.97,6.2,0.606,8,1,83.7,18.5,25.4,1.0,0.11144,0.14345,0.4786,0.60565,0.98,0.95,0.67418,0.02857,0,0.2679,0,0,0,0
Dang,1,54.6,15.5,3.72,6.4,1.0,975,27,84.5,10.7,27.6,0.0,0.18195,0.11094,0.5811,1.0,0,0,0.69072,0.77143,0,0.37858,1,0,0,0
Vadodara,1,41.3,2.1,4.7,8.0,0.807,39,2,88.7,21.0,28.1,0.0,0.13776,0.01506,0.58714,0.80659,0.9025,0.9,0.77408,0.05714,0.01273,0.40696,0,0,0,0
Navsari,1,17.2,4.3,4.44,7.3,0.943,11,1,79.2,21.8,25.4,1.0,0.05736,0.03046,0.60785,0.94303,0.9725,0.95,0.58309,0.02857,0.02239,0.27189,1,0,0,0
Patan,1,14.1,4.3,3.32,6.0,0.595,70,1,96.6,6.5,26.7,0.0,0.04684,0.0306,0.55382,0.59475,0.825,0.95,0.93128,0.02857,0,0.33307,0,0,0,0
Bhavnagar,1,31.0,19.0,3.62,7.4,0.597,24,2,81.2,12.6,26.1,1.0,0.1033,0.13566,0.48924,0.59749,0.94,0.9,0.62374,0.05714,0,0.30538,0,0,1,0
Rajkot,0,3.9,1.9,2.16,7.2,0.228,134,3,53.0,17.2,29.0,0.0,0.01306,0.01362,0.30014,0.22752,0.665,0.85,0.0595,0.08571,0,0.45032,0,0,0,0
Dang,1,161.6,62.3,5.86,6.4,1.0,975,27,94.4,22.4,22.7,0.0,0.53872,0.44478,0.91561,1.0,0,0,0.88798,0.77143,0.03059,0.13428,0,1,0,0
Bhuj,0,0.3,0.1,1.63,5.8,0.1,110,4,54.3,13.5,30.7,1.0,0.00116,0.00099,0.28112,0.09999,0.725,0.8,0.08681,0.11429,0,0.53521,0,0,0,0
Valsad,0,7.3,4.8,2.79,7.0,0.589,12,2,37.0,7.6,31.7,1.0,0.02428,0.03431,0.39909,0.58902,0.97,0.9,0,0.05714,0,0.58481,0,0,0,0
Dang,0,2.3,2.0,4.12,6.4,0.623,975,27,50.1,12.3,31.4,0.0,0.00778,0.01417,0.64424,0.62276,0,0,0.00114,0.77143,0,0.56808,0,0,0,0
Bhavnagar,0,5.4,1.4,3.93,7.4,0.419,24,2,52.8,18.5,30.8,1.0,0.01813,0.00985,0.53073,0.41867,0.94,0.9,0.05572,0.05714,0,0.54206,0,0,0,1
Vadodara,1,6.8,2.9,3.21,8.0,0.673,39,2,79.2,10.6,28.4,0.0,0.02266,0.02091,0.40101,0.67252,0.9025,0.9,0.58327,0.05714,0,0.41873,0,0,0,0
Valsad,1,50.8,24.2,5.19,7.0,0.913,12,2,83.7,17.7,26.2,1.0,0.16941,0.17295,0.74211,0.91321,0.97,0.9,0.67314,0.05714,0,0.31229,1,0,0,0
Surat,0,9.0,3.9,3.46,9.4,0.436,13,1,55.5,17.4,31.5,1.0,0.0299,0.02805,0.36814,0.43586,0.9675,0.95,0.1102,0.02857,0,0.57642,0,0,0,0
Rajkot,0,1.8,0.6,3.28,7.2,0.342,134,3,62.1,2.5,29.3,0.0,0.00604,0.00442,0.45545,0.34242,0.665,0.85,0.24191,0.08571,0,0.46433,1,0,0,0
Surat,0,24.0,12.4,5.55,9.4,0.516,13,1,56.9,13.5,34.6,1.0,0.07985,0.08892,0.59034,0.51554,0.9675,0.95,0.13803,0.02857,0,0.73239,1,0,0,0
Dang,1,26.0,19.7,4.34,6.4,0.947,975,27,76.3,14.7,26.8,0.0,0.0865,0.14061,0.67823,0.94693,0,0,0.52576,0.77143,0,0.34243,0,0,0,0
Bhuj,1,15.5,5.8,2.25,5.8,0.483,110,4,75.6,20.5,23.4,1.0,0.05169,0.04168,0.3876,0.48298,0.725,0.8,0.51285,0.11429,0.00633,0.16825,0,0,0,1
Vadodara,0,2.4,1.7,3.51,8.0,0.423,39,2,50.0,17.1,32.5,0.0,0.0079,0.01188,0.43931,0.4228,0.9025,0.9,7e-05,0.05714,0,0.62609,0,0,0,0
Patan,1,30.1,8.2,2.26,6.0,0.527,70,1,87.6,29.9,29.1,0.0,0.10023,0.05838,0.37624,0.52736,0.825,0.95,0.75177,0.02857,0.12358,0.45412,1,0,0,1
Valsad,1,170.9,87.8,6.7,7.0,1.0,12,2,90.6,12.5,21.0,1.0,0.56974,0.62704,0.9565,1.0,0.97,0.9,0.81147,0.05714,0,0.04772,1,0,0,0
Jamnagar,0,0.8,0.3,2.31,6.5,0.388,20,2,45.6,14.0,33.2,1.0,0.00272,0.00203,0.35531,0.38849,0.95,0.9,0,0.05714,0,0.65843,0,0,0,0
Rajkot,1,17.5,13.9,3.2,7.2,0.531,134,3,75.7,32.9,26.3,0.0,0.05835,0.09962,0.44426,0.53069,0.665,0.85,0.51388,0.08571,0.16159,0.31621,0,0,0,1
Rajkot,0,9.9,5.3,2.92,7.2,0.323,134,3,48.5,29.2,28.6,0.0,0.033,0.03756,0.40528,0.32262,0.665,0.85,0,0.08571,0.11448,0.4309,0,0,0,0
Rajkot,1,23.0,4.7,3.88,7.2,0.613,134,3,86.2,14.3,25.1,0.0,0.07677,0.03356,0.53877,0.61252,0.665,0.85,0.72319,0.08571,0,0.25452,0,0,0,0
Vadodara,0,5.9,0.9,2.44,8.0,0.256,39,2,44.6,8.2,37.9,0.0,0.01973,0.00675,0.30493,0.25584,0.9025,0.9,0,0.05714,0,0.89466,0,0,0,0
Bhuj,1,19.0,11.3,3.12,5.8,0.512,110,4,75.1,12.0,29.2,1.0,0.06326,0.08087,0.53773,0.5125,0.725,0.8,0.50245,0.11429,0,0.45893,0,0,0,0
Valsad,1,34.0,20.6,4.36,7.0,0.79,12,2,77.6,7.5,28.3,1.0,0.11342,0.14731,0.62322,0.79049,0.97,0.9,0.55201,0.05714,0,0.41564,1,0,0,0
Bhuj,1,44.0,3.8,3.83,5.8,0.417,110,4,93.8,4.0,26.0,1.0,0.14658,0.02695,0.66031,0.41712,0.725,0.8,0.87565,0.11429,0,0.29758,1,0,1,0
Jamnagar,1,32.2,16.9,2.5,6.5,0.706,20,2,80.5,20.7,24.7,1.0,0.10737,0.1207,0.3845,0.7062,0.95,0.9,0.60995,0.05714,0.00883,0.23343,0,0,0,0
Dang,1,33.1,8.6,3.35,6.4,0.976,975,27,82.8,36.9,28.6,0.0,0.11049,0.0614,0.52369,0.9761,0,0,0.65604,0.77143,0.21168,0.43074,0,0,0,0
Navsari,1,89.7,20.1,5.51,7.3,0.917,11,1,92.2,46.3,23.0,1.0,0.29904,0.14373,0.75425,0.91659,0.9725,0.95,0.84487,0.02857,0.32932,0.15229,0,1,0,0
Valsad,1,148.4,94.3,6.08,7.0,0.948,12,2,99.0,15.2,22.2,1.0,0.4946,0.67359,0.86803,0.94843,0.97,0.9,0.98054,0.05714,0,0.11133,1,1,0,1
Jamnagar,1,12.3,6.1,2.89,6.5,0.708,20,2,77.3,11.4,28.5,1.0,0.04084,0.04358,0.44483,0.70776,0.95,0.9,0.54554,0.05714,0,0.42374,0,0,0,0
Valsad,1,20.3,8.5,3.59,7.0,0.9,12,2,85.3,22.0,27.4,1.0,0.06764,0.06072,0.51314,0.90006,0.97,0.9,0.70581,0.05714,0.0249,0.3706,0,0,0,0
Navsari,0,4.6,2.5,3.03,7.3,0.558,11,1,59.5,4.1,35.3,1.0,0.01544,0.0178,0.41466,0.55764,0.9725,0.95,0.18931,0.02857,0,0.76266,1,0,0,0
Valsad,0,23.4,6.1,2.8,7.0,0.589,12,2,56.5,9.3,30.6,1.0,0.07789,0.04365,0.39957,0.5888,0.97,0.9,0.13065,0.05714,0,0.52775,0,0,0,0
Dang,1,116.0,98.6,4.81,6.4,0.948,975,27,92.3,18.8,23.1,0.0,0.38659,0.70414,0.75212,0.9476,0,0,0.84665,0.77143,0,0.15331,0,1,0,1
Porbandar,1,30.6,12.5,2.74,6.2,0.649,8,1,76.9,15.4,32.0,1.0,0.10188,0.08908,0.44209,0.64926,0.98,0.95,0.53842,0.02857,0,0.59844,0,0,1,0
Dang,0,8.8,1.0,2.75,6.4,0.664,975,27,51.4,9.1,33.5,0.0,0.02926,0.00694,0.43016,0.66426,0,0,0.02768,0.77143,0,0.67662,0,0,0,0
Navsari,0,8.6,5.3,3.27,7.3,0.561,11,1,30.6,11.2,32.4,1.0,0.02872,0.03787,0.44808,0.56134,0.9725,0.95,0,0.02857,0,0.61837,1,0,0,1
Rajkot,1,6.3,3.1,4.1,7.2,0.634,134,3,74.0,31.7,25.1,0.0,0.02089,0.02198,0.56875,0.63377,0.665,0.85,0.48038,0.08571,0.14625,0.25402,0,0,0,0
Jamnagar,0,2.8,0.7,3.55,6.5,0.473,20,2,61.8,19.9,33.7,1.0,0.00925,0.00522,0.54682,0.47347,0.95,0.9,0.23532,0.05714,0,0.6838,0,1,0,0
Patan,1,12.8,10.8,2.21,6.0,0.483,70,1,77.6,13.1,30.2,0.0,0.0425,0.07741,0.36877,0.48302,0.825,0.95,0.55104,0.02857,0,0.50971,0,0,0,0
Bhuj,1,6.7,0.6,2.32,5.8,0.36,110,4,77.4,23.6,25.4,1.0,0.02231,0.00464,0.40018,0.36043,0.725,0.8,0.54724,0.11429,0.04452,0.2692,0,0,0,0
Ahmedabad,1,28.6,5.2,4.36,8.5,0.793,53,2,74.5,12.7,26.6,0.0,0.09522,0.0374,0.51274,0.79322,0.8675,0.9,0.48911,0.05714,0,0.33022,0,0,0,0
Bhuj,1,8.1,4.3,2.83,5.8,0.373,110,4,75.7,70.4,25.6,1.0,0.02693,0.03064,0.48715,0.37275,0.725,0.8,0.51487,0.11429,0.62969,0.28239,0,0,1,0
Navsari,0,10.8,3.8,3.54,7.3,0.546,11,1,56.7,13.8,35.0,1.0,0.03612,0.02741,0.48493,0.54607,0.9725,0.95,0.13424,0.02857,0,0.75019,0,0,0,0
Ahmedabad,0,9.5,2.1,3.46,8.5,0.52,53,2,49.5,19.4,34.3,0.0,0.03167,0.01503,0.4065,0.51996,0.8675,0.9,0,0.05714,0,0.71528,0,0,0,0
Valsad,1,3.9,3.2,3.08,7.0,0.717,12,2,78.0,16.1,30.2,1.0,0.01295,0.02308,0.43974,0.71707,0.97,0.9,0.56016,0.05714,0,0.50993,0,0,0,0
Patan,1,33.9,11.9,3.46,6.0,0.757,70,1,81.1,13.6,26.3,0.0,0.11316,0.08516,0.57678,0.75696,0.825,0.95,0.62231,0.02857,0,0.31435,0,0,0,0
Ahmedabad,0,4.2,1.3,4.49,8.5,0.443,53,2,54.1,16.1,31.6,0.0,0.01388,0.0092,0.52809,0.44267,0.8675,0.9,0.08114,0.05714,0,0.5777,0,0,0,0
Patan,1,1.8,0.4,3.07,6.0,0.556,70,1,79.2,2.7,28.2,0.0,0.0059,0.00279,0.51091,0.55599,0.825,0.95,0.5844,0.02857,0,0.41226,0,1,0,1
Porbandar,1,2.0,1.2,2.92,6.2,0.669,8,1,73.4,16.7,22.3,1.0,0.00653,0.0087,0.47052,0.66874,0.98,0.95,0.46706,0.02857,0,0.11339,1,0,0,0
Navsari,1,12.1,9.7,4.03,7.3,0.8,11,1,86.7,6.6,25.1,1.0,0.0405,0.06933,0.55228,0.80031,0.9725,0.95,0.73361,0.02857,0,0.2539,0,0,1,0
Vadodara,1,11.5,3.5,4.21,8.0,0.754,39,2,78.0,9.5,29.2,0.0,0.03834,0.02494,0.52578,0.75396,0.9025,0.9,0.56092,0.05714,0,0.46165,0,0,0,0
Rajkot,0,9.3,5.0,1.48,7.2,0.272,134,3,65.6,8.0,34.1,0.0,0.03112,0.03607,0.20582,0.27232,0.665,0.85,0.31161,0.08571,0,0.7035,0,0,0,0
Bhuj,0,4.1,1.7,2.11,5.8,0.097,110,4,51.7,2.3,31.9,1.0,0.01357,0.01195,0.36346,0.09676,0.725,0.8,0.03311,0.11429,0,0.59329,0,0,0,0
Ahmedabad,1,17.0,13.0,4.84,8.5,0.882,53,2,78.3,14.6,30.0,0.0,0.0567,0.09309,0.56999,0.88247,0.8675,0.9,0.56534,0.05714,0,0.49995,0,0,0,0
Bhavnagar,1,30.5,12.1,4.99,7.4,0.753,24,2,74.4,27.5,27.6,1.0,0.10167,0.08632,0.67463,0.75303,0.94,0.9,0.48799,0.05714,0.09379,0.38029,0,0,0,0
Bhuj,1,10.8,1.5,1.95,5.8,0.38,110,4,76.3,59.4,24.0,1.0,0.03608,0.01061,0.33588,0.38006,0.725,0.8,0.52509,0.11429,0.49311,0.19826,0,0,1,0
Navsari,1,34.2,11.3,4.08,7.3,0.955,11,1,86.9,16.6,24.2,1.0,0.11389,0.08079,0.55926,0.95546,0.9725,0.95,0.73838,0.02857,0,0.20759,0,0,0,0
Porbandar,1,44.6,24.6,3.0,6.2,0.595,8,1,85.1,25.0,26.0,1.0,0.14881,0.17599,0.48346,0.5946,0.98,0.95,0.70114,0.02857,0.062,0.29948,0,0,0,0
Patan,0,3.7,2.3,2.92,6.0,0.199,70,1,54.2,6.0,33.9,0.0,0.01232,0.0165,0.48639,0.19875,0.825,0.95,0.08381,0.02857,0,0.69629,0,0,0,0
Vadodara,1,57.3,9.9,5.57,8.0,0.888,39,2,82.4,18.1,31.1,0.0,0.19099,0.07055,0.69577,0.88754,0.9025,0.9,0.64731,0.05714,0,0.55371,1,0,0,0
Porbandar,0,2.5,0.8,3.16,6.2,0.365,8,1,35.3,55.1,31.9,1.0,0.00847,0.00601,0.51007,0.36451,0.98,0.95,0,0.02857,0.43845,0.59518,0,0,0,0
Porbandar,1,20.8,5.8,2.97,6.2,0.666,8,1,79.0,62.6,26.7,1.0,0.06925,0.04114,0.47893,0.66635,0.98,0.95,0.57945,0.02857,0.53215,0.33741,0,0,1,0
Valsad,1,83.8,24.8,5.11,7.0,0.812,12,2,81.4,5.6,28.2,1.0,0.27948,0.17704,0.72962,0.81166,0.97,0.9,0.62756,0.05714,0,0.41031,1,0,0,0
Navsari,0,42.6,10.9,2.87,7.3,0.62,11,1,47.3,34.7,33.1,1.0,0.14215,0.07767,0.39345,0.62043,0.9725,0.95,0,0.02857,0.18417,0.65594,0,0,0,0
Ahmedabad,0,5.8,3.8,3.36,8.5,0.317,53,2,49.1,4.0,30.4,0.0,0.01945,0.02737,0.39542,0.31727,0.8675,0.9,0,0.05714,0,0.51913,0,0,0,0
Patan,0,3.3,1.8,1.92,6.0,0.245,70,1,55.6,18.8,36.6,0.0,0.01111,0.01295,0.3202,0.24453,0.825,0.95,0.1112,0.02857,0,0.83023,0,0,0,0
Vadodara,0,4.0,2.8,2.41,8.0,0.24,39,2,35.8,10.3,30.8,0.0,0.01349,0.01987,0.30187,0.23995,0.9025,0.9,0,0.05714,0,0.5404,0,0,0,0
Bhavnagar,1,29.9,24.3,4.96,7.4,0.793,24,2,71.0,25.4,27.3,1.0,0.09955,0.17377,0.67023,0.7929,0.94,0.9,0.41956,0.05714,0.06761,0.36455,1,0,0,0
Valsad,1,59.5,11.2,5.17,7.0,1.0,12,2,95.3,15.4,29.7,1.0,0.19818,0.07964,0.73827,1.0,0.97,0.9,0.90696,0.05714,0,0.48442,1,0,0,0
Rajkot,1,35.2,1.8,4.29,7.2,0.595,134,3,89.0,35.7,24.9,0.0,0.11741,0.01258,0.5965,0.59458,0.665,0.85,0.77963,0.08571,0.19594,0.24267,1,0,0,0
Surat,1,19.3,4.5,5.19,9.4,0.874,13,1,51.4,12.5,26.9,1.0,0.06421,0.03195,0.552,0.87417,0.9675,0.95,0.02803,0.02857,0,0.34479,0,0,0,0
Ahmedabad,1,103.1,60.9,6.56,8.5,0.88,53,2,89.1,16.2,28.7,0.0,0.34374,0.43513,0.77222,0.87992,0.8675,0.9,0.78237,0.05714,0,0.43536,1,0,0,1
Porbandar,0,1.0,0.3,2.31,6.2,0.431,8,1,55.8,14.7,31.7,1.0,0.00345,0.00239,0.37238,0.43097,0.98,0.95,0.11518,0.02857,0,0.58454,1,0,0,0
Valsad,1,89.4,46.6,4.9,7.0,1.0,12,2,70.5,19.9,25.8,1.0,0.29784,0.33318,0.69961,1.0,0.97,0.9,0.40903,0.05714,0,0.2908,0,0,0,1
Vadodara,0,9.1,5.0,3.48,8.0,0.363,39,2,44.3,19.8,32.4,0.0,0.03045,0.03564,0.43543,0.36267,0.9025,0.9,0,0.05714,0,0.62039,0,0,0,0
Bhavnagar,1,39.3,7.4,4.35,7.4,0.782,24,2,74.6,52.6,28.0,1.0,0.13112,0.05298,0.5878,0.78238,0.94,0.9,0.49151,0.05714,0.40727,0.39863,0,0,0,0
Ahmedabad,1,60.0,18.4,4.99,8.5,0.746,53,2,79.7,28.8,25.7,0.0,0.19995,0.13119,0.58739,0.74631,0.8675,0.9,0.59458,0.05714,0.11047,0.28664,1,0,0,0
Vadodara,0,14.2,7.7,1.82,8.0,0.356,39,2,46.4,18.6,30.0,0.0,0.04743,0.05511,0.22772,0.35613,0.9025,0.9,0,0.05714,0,0.50091,0,0,0,0
Patan,1,7.0,4.2,1.49,6.0,0.435,70,1,78.9,16.4,28.0,0.0,0.02349,0.02967,0.2486,0.43467,0.825,0.95,0.57841,0.02857,0,0.40157,0,0,0,0
Valsad,0,12.1,1.9,3.47,7.0,0.534,12,2,49.0,2.3,29.9,1.0,0.04026,0.01384,0.49636,0.53422,0.97,0.9,0,0.05714,0,0.49606,0,0,0,0
Ahmedabad,1,16.2,4.5,4.31,8.5,0.829,53,2,75.2,29.6,29.0,0.0,0.05387,0.03222,0.50674,0.82924,0.8675,0.9,0.50394,0.05714,0.11967,0.45201,0,0,0,0
Bhuj,1,12.1,5.6,2.46,5.8,0.442,110,4,77.7,8.0,24.5,1.0,0.04022,0.04,0.42489,0.44175,0.725,0.8,0.55337,0.11429,0,0.22409,0,0,0,0
Dang,0,5.1,3.1,3.0,6.4,0.61,975,27,45.7,12.1,34.8,0.0,0.01687,0.02204,0.4689,0.61012,0,0,0,0.77143,0,0.73893,0,0,0,0
Navsari,0,1.4,0.9,3.02,7.3,0.611,11,1,54.5,16.0,27.8,1.0,0.00461,0.00615,0.41392,0.61106,0.9725,0.95,0.09087,0.02857,0,0.38982,0,0,0,1
Valsad,0,45.5,29.1,4.26,7.0,0.583,12,2,57.1,60.6,31.5,1.0,0.15169,0.20768,0.609,0.58314,0.97,0.9,0.14224,0.05714,0.5078,0.5732,0,0,1,1
Vadodara,1,28.1,23.9,4.02,8.0,0.696,39,2,79.4,16.6,25.5,0.0,0.09373,0.17072,0.50278,0.69595,0.9025,0.9,0.58843,0.05714,0,0.27523,0,0,0,0
Jamnagar,1,6.0,1.7,2.45,6.5,0.723,20,2,83.7,53.9,27.9,1.0,0.01993,0.01202,0.37715,0.72345,0.95,0.9,0.67446,0.05714,0.42317,0.39414,0,0,0,0
Navsari,0,5.5,4.0,3.33,7.3,0.711,11,1,54.9,13.6,34.5,1.0,0.01828,0.02825,0.45644,0.71099,0.9725,0.95,0.09732,0.02857,0,0.7235,0,0,0,0
Bhuj,1,25.5,8.4,2.01,5.8,0.474,110,4,71.4,54.4,29.8,1.0,0.08506,0.05992,0.34658,0.47444,0.725,0.8,0.42737,0.11429,0.42959,0.49,0,0,0,0
Bhuj,1,17.8,6.1,2.19,5.8,0.431,110,4,81.8,21.0,29.1,1.0,0.05949,0.0434,0.37712,0.43052,0.725,0.8,0.63597,0.11429,0.0125,0.45654,0,0,0,0
Bhuj,1,4.1,1.6,2.48,5.8,0.443,110,4,68.5,31.8,25.6,1.0,0.01373,0.01129,0.42838,0.44292,0.725,0.8,0.371,0.11429,0.14715,0.27849,0,0,0,1
Navsari,0,13.8,7.6,3.94,7.3,0.478,11,1,56.0,2,31.9,1.0,0.0459,0.05441,0.53966,0.47767,0.9725,0.95,0.11918,0.02857,0,0.59431,0,0,0,0
Jamnagar,1,43.5,35.4,3.63,6.5,0.553,20,2,72.1,9.8,29.4,1.0,0.14489,0.25309,0.55778,0.55266,0.95,0.9,0.44197,0.05714,0,0.47108,0,0,0,0
Ahmedabad,1,12.4,2.1,3.76,8.5,0.697,53,2,80.6,36.1,25.5,0.0,0.04117,0.01526,0.44254,0.6967,0.8675,0.9,0.61251,0.05714,0.20156,0.27523,0,0,0,0
Jamnagar,1,48.5,13.8,4.13,6.5,0.717,20,2,78.6,16.4,21.6,1.0,0.16175,0.09842,0.63559,0.71715,0.95,0.9,0.57257,0.05714,0,0.08242,0,0,0,0
Vadodara,0,13.3,9.7,3.65,8.0,0.51,39,2,57.7,12.3,30.6,0.0,0.04429,0.06914,0.45678,0.50988,0.9025,0.9,0.15305,0.05714,0,0.52942,0,0,0,0
Valsad,1,29.8,21.1,4.53,7.0,0.895,12,2,88.1,25.5,27.6,1.0,0.09938,0.15051,0.64742,0.89457,0.97,0.9,0.76234,0.05714,0.06869,0.38192,0,0,0,0
Navsari,1,43.9,21.4,4.58,7.3,0.87,11,1,77.5,12.9,23.2,1.0,0.14624,0.15252,0.62757,0.86972,0.9725,0.95,0.55039,0.02857,0,0.15885,0,0,0,0
Porbandar,0,9.0,3.9,3.44,6.2,0.453,8,1,55.8,35.9,33.5,1.0,0.02991,0.02785,0.55486,0.45348,0.98,0.95,0.11529,0.02857,0.1983,0.67422,0,0,1,0
Dang,0,8.7,1.6,2.84,6.4,0.594,975,27,50.4,7.2,34.1,0.0,0.02915,0.01158,0.44325,0.59357,0,0,0.00804,0.77143,0,0.70335,0,0,0,0
Patan,1,5.4,1.1,2.3,6.0,0.497,70,1,74.0,10.2,25.6,0.0,0.01809,0.00814,0.38414,0.49708,0.825,0.95,0.48094,0.02857,0,0.28219,0,0,0,0
Rajkot,1,29.5,10.4,3.85,7.2,0.546,134,3,65.8,12.8,29.2,0.0,0.09828,0.07454,0.5343,0.54577,0.665,0.85,0.3167,0.08571,0,0.45977,0,0,0,0
Jamnagar,1,7.1,4.4,3.44,6.5,0.641,20,2,74.8,51.4,24.8,1.0,0.02379,0.03114,0.52942,0.64112,0.95,0.9,0.49554,0.05714,0.39263,0.2388,0,0,0,0
Ahmedabad,1,51.9,29.1,4.38,8.5,0.866,53,2,80.6,16.2,30.2,0.0,0.17306,0.20796,0.51566,0.86617,0.8675,0.9,0.612,0.05714,0,0.51162,0,0,0,0
Surat,1,93.4,26.2,7.83,9.4,0.993,13,1,91.3,3.0,21.5,1.0,0.31142,0.18735,0.83315,0.9933,0.9675,0.95,0.82558,0.02857,0,0.07675,1,0,0,0
Navsari,0,4.6,1.8,4.74,7.3,0.63,11,1,45.3,6.2,36.0,1.0,0.01517,0.01268,0.64888,0.6298,0.9725,0.95,0,0.02857,0,0.80233,0,0,1,0
Porbandar,1,26.4,9.7,4.26,6.2,0.768,8,1,79.3,7.3,25.8,1.0,0.08805,0.06908,0.68743,0.76828,0.98,0.95,0.58549,0.02857,0,0.29228,1,0,0,0
Bhuj,0,1.8,0.9,2.05,5.8,0.029,110,4,44.7,16.9,28.8,1.0,0.00609,0.00669,0.35267,0.02858,0.725,0.8,0,0.11429,0,0.44145,1,0,0,0
Patan,0,8.2,4.6,2.23,6.0,0.205,70,1,64.9,5.1,32.5,0.0,0.02721,0.03256,0.37168,0.20452,0.825,0.95,0.29716,0.02857,0,0.62559,0,0,0,0
Bhuj,1,45.5,27.5,2.91,5.8,0.472,110,4,81.2,7.7,31.6,1.0,0.15156,0.19625,0.50248,0.47185,0.725,0.8,0.62472,0.11429,0,0.57785,0,0,0,0
Dang,0,5.5,1.4,3.58,6.4,0.644,975,27,49.1,4.6,31.7,0.0,0.01841,0.01023,0.55955,0.64447,0,0,0,0.77143,0,0.58604,0,0,0,0
Surat,1,35.5,27.4,5.32,9.4,0.933,13,1,71.8,12.0,24.0,1.0,0.11848,0.1956,0.5658,0.93319,0.9675,0.95,0.43602,0.02857,0,0.20226,0,1,0,0
Navsari,1,6.6,0.7,4.19,7.3,0.972,11,1,64.1,48.2,26.3,1.0,0.02192,0.00495,0.57426,0.97221,0.9725,0.95,0.28202,0.02857,0.35243,0.31342,0,0,0,0
Surat,1,33.2,11.5,5.76,9.4,0.858,13,1,81.5,32.6,26.0,1.0,0.1107,0.08247,0.613,0.85788,0.9675,0.95,0.63001,0.02857,0.15694,0.29924,0,0,0,0
Jamnagar,1,12.8,4.5,3.03,6.5,0.639,20,2,75.9,24.4,24.5,1.0,0.0426,0.03237,0.46566,0.63944,0.95,0.9,0.51821,0.05714,0.05443,0.22484,0,0,0,0
Navsari,1,8.0,5.2,4.58,7.3,0.953,11,1,91.7,7.7,27.4,1.0,0.02654,0.03682,0.62779,0.95274,0.9725,0.95,0.83478,0.02857,0,0.3679,1,0,0,0
Surat,1,43.4,35.6,6.06,9.4,0.897,13,1,84.5,7.1,29.0,1.0,0.14483,0.25417,0.64467,0.89669,0.9675,0.95,0.68909,0.02857,0,0.44922,0,0,0,0
Valsad,1,23.4,3.9,3.21,7.0,0.933,12,2,92.6,15.9,28.2,1.0,0.0781,0.02754,0.4582,0.93301,0.97,0.9,0.85261,0.05714,0,0.41148,0,0,0,0
Porbandar,0,4.8,2.2,2.86,6.2,0.308,8,1,40.8,49.1,36.5,1.0,0.01615,0.01557,0.4611,0.3081,0.98,0.95,0,0.02857,0.36397,0.82508,0,0,0,0
Surat,0,5.1,4.0,3.32,9.4,0.439,13,1,48.4,5.4,30.1,1.0,0.01697,0.02879,0.35294,0.4393,0.9675,0.95,0,0.02857,0,0.50395,0,0,0,0
Ahmedabad,0,2.3,1.1,2.79,8.5,0.469,53,2,55.5,9.7,27.5,0.0,0.00759,0.00794,0.32805,0.46882,0.8675,0.9,0.11027,0.05714,0,0.37669,0,0,0,0
Porbandar,1,9.5,5.9,2.51,6.2,0.651,8,1,80.5,8.3,25.4,1.0,0.03159,0.04248,0.40493,0.65078,0.98,0.95,0.6104,0.02857,0,0.26851,0,0,0,0
Bhuj,1,17.0,10.9,2.94,5.8,0.469,110,4,90.7,17.8,27.7,1.0,0.05661,0.07768,0.50672,0.46856,0.725,0.8,0.81421,0.11429,0,0.38665,0,0,0,0
Patan,1,32.6,12.4,2.75,6.0,0.475,70,1,71.0,45.4,31.6,0.0,0.10862,0.08846,0.45777,0.47518,0.825,0.95,0.41962,0.02857,0.31811,0.58149,0,0,0,0
Navsari,1,18.7,9.5,4.77,7.3,0.883,11,1,89.9,12.4,25.1,1.0,0.06231,0.06785,0.65296,0.88339,0.9725,0.95,0.79729,0.02857,0,0.25269,1,0,0,0
Bhuj,0,5.8,4.9,1.45,5.8,0.181,110,4,47.2,6.9,32.2,1.0,0.01918,0.03493,0.25041,0.18142,0.725,0.8,0,0.11429,0,0.60898,0,0,1,0
Vadodara,1,55.0,22.3,5.31,8.0,0.938,39,2,83.6,32.3,28.2,0.0,0.18344,0.15962,0.66366,0.93788,0.9025,0.9,0.67103,0.05714,0.15324,0.4103,1,0,0,0
Surat,0,13.4,11.2,4.61,9.4,0.51,13,1,54.3,8.0,33.6,1.0,0.04462,0.08028,0.49034,0.50989,0.9675,0.95,0.08609,0.02857,0,0.68118,0,0,0,0
Patan,1,11.0,5.4,2.51,6.0,0.551,70,1,76.5,36.4,27.9,0.0,0.03663,0.03887,0.41805,0.55092,0.825,0.95,0.52954,0.02857,0.20526,0.3941,0,0,0,0
Dang,1,21.3,12.2,4.42,6.4,1.0,975,27,64.8,16.1,27.4,0.0,0.07105,0.08696,0.69056,1.0,0,0,0.29548,0.77143,0,0.36761,0,1,0,0
Jamnagar,1,27.1,11.0,4.38,6.5,0.717,20,2,79.5,17.4,26.6,1.0,0.09026,0.07866,0.6732,0.71674,0.95,0.9,0.58917,0.05714,0,0.33189,0,0,0,0
Navsari,1,59.9,36.4,5.08,7.3,1.0,11,1,75.6,51.4,26.5,1.0,0.19969,0.26026,0.69603,1.0,0.9725,0.95,0.51236,0.02857,0.39257,0.3239,1,0,1,1
Porbandar,1,21.9,14.6,3.64,6.2,0.762,8,1,70.3,6.9,27.4,1.0,0.07297,0.10402,0.58742,0.76151,0.98,0.95,0.40695,0.02857,0,0.36999,1,0,0,0
Surat,0,3.6,0.5,3.39,9.4,0.442,13,1,62.0,3.9,34.7,1.0,0.01207,0.00375,0.36039,0.44245,0.9675,0.95,0.2392,0.02857,0,0.73413,0,0,0,0
Bhuj,0,7.5,2.5,1.87,5.8,0.242,110,4,57.4,20.3,33.9,1.0,0.02515,0.01784,0.32231,0.24172,0.725,0.8,0.14851,0.11429,0.00395,0.69451,0,0,0,0
Surat,0,5.7,3.9,3.97,9.4,0.52,13,1,52.1,29.1,31.9,1.0,0.0189,0.02761,0.42264,0.52034,0.9675,0.95,0.04173,0.02857,0.11335,0.5952,0,0,1,0
Vadodara,0,2.8,0.6,3.09,8.0,0.394,39,2,54.3,18.1,32.3,0.0,0.00942,0.00463,0.3859,0.39392,0.9025,0.9,0.08618,0.05714,0,0.61472,0,0,0,0
Bhuj,0,2.4,1.2,1.59,5.8,0.133,110,4,66.3,11.1,26.7,1.0,0.008,0.0086,0.2736,0.13302,0.725,0.8,0.32692,0.11429,0,0.33685,0,0,0,0
Bhuj,1,10.6,3.3,2.16,5.8,0.429,110,4,71.3,36.0,28.7,1.0,0.03521,0.02323,0.37294,0.42863,0.725,0.8,0.42539,0.11429,0.20044,0.43513,0,0,1,0
Rajkot,0,5.2,1.6,2.49,7.2,0.29,134,3,54.3,25.5,30.3,0.0,0.01725,0.01112,0.34598,0.29029,0.665,0.85,0.0864,0.08571,0.06898,0.51681,0,0,0,0
Dang,1,55.0,21.7,4.76,6.4,1.0,975,27,78.9,48.2,26.5,0.0,0.18339,0.15484,0.74307,1.0,0,0,0.57776,0.77143,0.35278,0.32253,0,1,0,0
Ahmedabad,1,16.8,10.5,4.9,8.5,0.857,53,2,78.0,18.1,26.9,0.0,0.05612,0.07478,0.57593,0.85672,0.8675,0.9,0.56018,0.05714,0,0.34369,1,0,0,0
Rajkot,1,50.2,19.4,4.32,7.2,0.679,134,3,79.3,8.9,27.2,0.0,0.16726,0.13849,0.59971,0.67904,0.665,0.85,0.58607,0.08571,0,0.3588,0,0,0,1
Vadodara,1,33.2,10.4,5.23,8.0,0.847,39,2,67.1,17.7,27.9,0.0,0.11062,0.07436,0.65426,0.84722,0.9025,0.9,0.34136,0.05714,0,0.39412,1,0,0,0
Porbandar,1,45.1,17.0,3.8,6.2,0.647,8,1,95.7,9.9,27.5,1.0,0.15022,0.12155,0.61306,0.64672,0.98,0.95,0.91463,0.02857,0,0.37431,1,0,0,0
Rajkot,1,62.2,18.9,4.89,7.2,0.695,134,3,77.1,35.2,24.7,0.0,0.20741,0.13496,0.67943,0.69496,0.665,0.85,0.54129,0.08571,0.18979,0.23567,1,0,0,0
Dang,1,10.3,6.8,3.2,6.4,0.914,975,27,78.0,36.9,31.1,0.0,0.03426,0.04876,0.50012,0.91449,0,0,0.56086,0.77143,0.21117,0.55631,0,0,0,0
Surat,1,91.0,29.4,7.74,9.4,0.921,13,1,90.2,19.3,26.6,1.0,0.30335,0.20988,0.82354,0.92053,0.9675,0.95,0.8036,0.02857,0,0.33093,1,0,0,0
Patan,1,22.8,8.8,3.31,6.0,0.539,70,1,66.4,11.9,29.9,0.0,0.07607,0.0632,0.55162,0.53884,0.825,0.95,0.32704,0.02857,0,0.49641,0,0,0,0
Navsari,1,38.2,21.1,4.35,7.3,0.891,11,1,87.8,5.3,22.3,1.0,0.12741,0.15089,0.59561,0.89106,0.9725,0.95,0.75503,0.02857,0,0.11386,0,0,0,0
Dang,0,1.6,0.4,2.0,6.4,0.541,975,27,48.9,9.9,32.5,0.0,0.00539,0.00288,0.31289,0.54143,0,0,0,0.77143,0,0.62527,0,0,0,0
Porbandar,1,23.2,13.0,2.91,6.2,0.678,8,1,76.5,7.7,27.5,1.0,0.07745,0.09252,0.46932,0.67762,0.98,0.95,0.52976,0.02857,0,0.37473,1,0,0,0
Vadodara,0,18.3,15.0,2.95,8.0,0.39,39,2,61.7,13.2,31.6,0.0,0.06097,0.10691,0.36918,0.38961,0.9025,0.9,0.23352,0.05714,0,0.57805,0,0,0,0
Patan,0,1.1,0.4,1.74,6.0,0.151,70,1,51.7,26.8,31.2,0.0,0.00361,0.00312,0.28988,0.15068,0.825,0.95,0.03419,0.02857,0.08482,0.561,0,0,0,0
Patan,0,5.2,1.5,1.98,6.0,0.184,70,1,50.6,37.4,31.6,0.0,0.01736,0.01047,0.32945,0.1836,0.825,0.95,0.01153,0.02857,0.21755,0.57907,0,0,0,1
Dang,1,18.2,9.3,4.61,6.4,0.988,975,27,83.9,12.6,23.5,0.0,0.06055,0.06654,0.71961,0.98803,0,0,0.6778,0.77143,0,0.17253,0,0,0,0
Porbandar,1,3.4,2.0,2.95,6.2,0.643,8,1,63.6,11.0,27.1,1.0,0.01122,0.01442,0.47658,0.64257,0.98,0.95,0.27218,0.02857,0,0.3552,1,0,0,0
Bhavnagar,1,4.6,1.8,3.23,7.4,0.735,24,2,80.4,10.6,26.4,1.0,0.01518,0.01268,0.43702,0.73538,0.94,0.9,0.60704,0.05714,0,0.32032,0,0,0,1
Dang,1,93.4,20.1,5.49,6.4,0.962,975,27,77.3,7.3,24.0,0.0,0.31141,0.14355,0.85811,0.96184,0,0,0.54665,0.77143,0,0.20223,1,0,0,0
Patan,0,0.6,0.4,2.3,6.0,0.157,70,1,42.3,11.4,31.6,0.0,0.00194,0.00306,0.38347,0.15746,0.825,0.95,0,0.02857,0,0.58149,0,0,0,0
Bhavnagar,1,12.7,10.8,3.69,7.4,0.755,24,2,75.0,14.9,23.8,1.0,0.04242,0.07727,0.49857,0.75485,0.94,0.9,0.50009,0.05714,0,0.19227,0,0,0,0
Bhavnagar,1,40.7,25.7,4.22,7.4,0.679,24,2,85.8,4.6,25.8,1.0,0.13552,0.18325,0.57042,0.67913,0.94,0.9,0.71677,0.05714,0,0.29104,1,0,0,0
Vadodara,1,6.6,3.3,4.02,8.0,0.69,39,2,75.4,5.4,25.0,0.0,0.02215,0.02344,0.50275,0.68988,0.9025,0.9,0.50895,0.05714,0,0.25151,0,0,0,0
Vadodara,0,8.4,2.6,3.31,8.0,0.399,39,2,48.2,2,30.0,0.0,0.02797,0.0183,0.41346,0.39905,0.9025,0.9,0,0.05714,0,0.50229,0,0,0,0
Dang,0,11.2,6.8,2.85,6.4,0.447,975,27,62.7,13.6,34.9,0.0,0.03719,0.04884,0.44525,0.44678,0,0,0.25493,0.77143,0,0.74396,0,0,0,0
Vadodara,1,81.4,20.3,5.09,8.0,0.728,39,2,85.2,21.7,23.9,0.0,0.27139,0.14512,0.6364,0.72844,0.9025,0.9,0.70451,0.05714,0.02127,0.1935,1,0,0,0
Surat,1,117.4,45.0,7.76,9.4,0.904,13,1,86.9,26.9,23.4,1.0,0.39143,0.32129,0.82515,0.90441,0.9675,0.95,0.73856,0.02857,0.08632,0.17239,0,0,0,0
Ahmedabad,1,9.5,4.9,4.62,8.5,0.775,53,2,92.3,26.6,24.3,0.0,0.0318,0.03534,0.54317,0.77522,0.8675,0.9,0.8455,0.05714,0.08193,0.21677,0,0,0,0
Navsari,1,37.2,10.8,5.1,7.3,0.785,11,1,84.7,70.5,26.1,1.0,0.1239,0.07734,0.69883,0.78547,0.9725,0.95,0.69399,0.02857,0.63172,0.30519,0,0,0,0
Bhuj,1,20.1,6.9,3.01,5.8,0.453,110,4,74.4,2,28.7,1.0,0.06715,0.04964,0.51822,0.45348,0.725,0.8,0.48733,0.11429,0,0.43399,1,0,0,0
Bhuj,0,4.0,2.0,1.22,5.8,0.089,110,4,41.9,20.3,29.7,1.0,0.01349,0.01435,0.20988,0.08898,0.725,0.8,0,0.11429,0.00317,0.48612,0,0,0,0
Bhuj,0,1.1,0.7,2.45,5.8,0.165,110,4,53.4,3.3,32.8,1.0,0.00366,0.00471,0.42222,0.16499,0.725,0.8,0.06725,0.11429,0,0.6386,0,0,0,0
Bhavnagar,1,44.9,13.2,4.82,7.4,0.711,24,2,95.0,4.7,29.6,1.0,0.14952,0.09458,0.65117,0.71096,0.94,0.9,0.90007,0.05714,0,0.48151,1,0,0,0
Bhavnagar,1,70.3,42.5,5.78,7.4,0.712,24,2,92.9,51.5,25.5,1.0,0.23431,0.30353,0.78133,0.71217,0.94,0.9,0.85886,0.05714,0.39383,0.27399,1,0,0,0
Bhavnagar,1,19.4,10.0,4.03,7.4,0.768,24,2,75.8,22.1,25.5,1.0,0.06451,0.07108,0.54454,0.76842,0.94,0.9,0.51507,0.05714,0.02686,0.2742,1,0,0,0
Rajkot,1,13.9,8.6,4.77,7.2,0.651,134,3,77.9,41.2,29.9,0.0,0.04643,0.06165,0.66299,0.65068,0.665,0.85,0.55752,0.08571,0.26447,0.49472,0,0,0,0
Rajkot,1,26.2,10.0,3.61,7.2,0.683,134,3,72.5,22.7,32.5,0.0,0.0875,0.07173,0.50105,0.68252,0.665,0.85,0.44915,0.08571,0.03425,0.62348,0,0,0,0
Patan,1,6.0,4.4,2.0,6.0,0.552,70,1,71.2,7.9,27.6,0.0,0.02011,0.03174,0.33252,0.552,0.825,0.95,0.42356,0.02857,0,0.38231,0,0,0,0
Bhavnagar,1,78.8,29.3,5.64,7.4,0.774,24,2,77.9,7.4,26.9,1.0,0.26267,0.20898,0.76223,0.77401,0.94,0.9,0.55862,0.05714,0,0.34609,1,0,0,0
Bhuj,1,19.6,4.5,2.65,5.8,0.394,110,4,85.1,35.3,24.6,1.0,0.06537,0.03246,0.45774,0.39397,0.725,0.8,0.70214,0.11429,0.19129,0.2307,0,0,0,0
Bhuj,0,3.0,2.0,1.54,5.8,0.09,110,4,45.7,22.5,30.1,1.0,0.00989,0.01403,0.26516,0.08993,0.725,0.8,0,0.11429,0.03168,0.50444,0,0,0,0
Rajkot,1,82.8,46.2,4.02,7.2,0.813,134,3,84.4,24.2,27.8,0.0,0.27606,0.32974,0.55873,0.81348,0.665,0.85,0.68779,0.08571,0.05308,0.38819,0,0,0,1
Dang,1,32.0,14.6,4.23,6.4,1.0,975,27,96.8,11.1,32.2,0.0,0.10657,0.10432,0.6605,1.0,0,0,0.93644,0.77143,0,0.60818,0,0,0,1
Ahmedabad,1,8.2,1.1,4.33,8.5,0.787,53,2,89.8,14.7,29.0,0.0,0.02741,0.00774,0.50936,0.78747,0.8675,0.9,0.79635,0.05714,0,0.45243,0,0,0,0
Porbandar,1,20.8,12.1,3.69,6.2,0.77,8,1,98.7,35.6,28.2,1.0,0.06928,0.08675,0.59549,0.77044,0.98,0.95,0.97444,0.02857,0.19457,0.40765,1,0,0,0
Valsad,1,78.0,30.4,5.35,7.0,1.0,12,2,81.0,12.4,27.2,1.0,0.26002,0.21715,0.7649,1.0,0.97,0.9,0.62001,0.05714,0,0.36164,0,0,0,1
Navsari,1,139.3,118.4,6.71,7.3,1.0,11,1,88.1,55.9,24.5,1.0,0.46419,0.84549,0.91905,1.0,0.9725,0.95,0.76202,0.02857,0.44833,0.22406,1,0,1,0
Ahmedabad,1,5.5,1.0,4.25,8.5,0.809,53,2,76.4,2.1,29.6,0.0,0.01847,0.0071,0.49995,0.80945,0.8675,0.9,0.52856,0.05714,0,0.47884,0,0,0,0
Navsari,1,103.5,21.5,4.97,7.3,0.897,11,1,91.9,23.9,26.7,1.0,0.34488,0.15387,0.68077,0.89683,0.9725,0.95,0.83731,0.02857,0.04854,0.33737,0,0,0,1
Patan,1,20.7,16.4,3.17,6.0,0.618,70,1,69.9,42.5,24.9,0.0,0.06907,0.11707,0.52834,0.61813,0.825,0.95,0.3982,0.02857,0.28095,0.24738,0,0,0,0
Ahmedabad,1,27.5,8.4,5.21,8.5,0.681,53,2,74.5,9.0,25.6,0.0,0.0918,0.05983,0.61314,0.68099,0.8675,0.9,0.49004,0.05714,0,0.28055,0,0,0,0
Rajkot,1,29.3,18.7,3.86,7.2,0.58,134,3,79.4,10.5,32.9,0.0,0.09769,0.13328,0.53543,0.58011,0.665,0.85,0.58734,0.08571,0,0.6474,0,0,1,0
Vadodara,1,34.0,21.6,4.87,8.0,0.677,39,2,77.9,27.2,29.2,0.0,0.11331,0.154,0.60828,0.677,0.9025,0.9,0.55842,0.05714,0.08953,0.46184,0,0,0,0
Valsad,1,103.3,22.3,5.31,7.0,0.962,12,2,85.6,24.5,25.2,1.0,0.34442,0.15924,0.75878,0.96185,0.97,0.9,0.71201,0.05714,0.05674,0.25784,1,0,0,0
Ahmedabad,0,2.1,1.4,3.55,8.5,0.452,53,2,55.9,27.4,32.4,0.0,0.00684,0.00996,0.41784,0.45217,0.8675,0.9,0.11841,0.05714,0.09203,0.6213,0,0,0,0
Patan,1,23.8,13.7,2.49,6.0,0.553,70,1,88.3,17.7,27.6,0.0,0.0792,0.09808,0.41575,0.55279,0.825,0.95,0.76668,0.02857,0,0.38078,0,0,0,0
Patan,0,0.6,0.3,2.66,6.0,0.141,70,1,51.1,8.3,32.3,0.0,0.00207,0.00194,0.44257,0.14139,0.825,0.95,0.02139,0.02857,0,0.61371,0,0,0,0
Patan,0,2.5,1.5,1.5,6.0,0.143,70,1,37.8,40.4,34.2,0.0,0.00838,0.01071,0.25067,0.14279,0.825,0.95,0,0.02857,0.25447,0.70774,0,0,0,0
Bhuj,0,0.8,0.4,1.94,5.8,0.02,110,4,62.4,23.0,31.9,1.0,0.00256,0.00268,0.33436,0.02,0.725,0.8,0.24886,0.11429,0.03811,0.59252,0,0,0,0
Dang,1,49.7,20.0,5.45,6.4,0.99,975,27,85.2,10.5,25.0,0.0,0.16552,0.14319,0.8521,0.99019,0,0,0.70354,0.77143,0,0.25015,0,1,0,1
Navsari,1,120.1,18.0,6.24,7.3,0.911,11,1,90.3,8.2,26.8,1.0,0.40037,0.12845,0.85425,0.91101,0.9725,0.95,0.80655,0.02857,0,0.33935,1,0,0,0
Valsad,1,30.7,22.9,4.51,7.0,0.917,12,2,84.2,24.8,28.9,1.0,0.10234,0.16341,0.64425,0.91701,0.97,0.9,0.6848,0.05714,0.06003,0.44464,1,0,0,0
Ahmedabad,0,17.9,7.9,4.25,8.5,0.589,53,2,41.3,9.0,30.4,0.0,0.05974,0.05609,0.50025,0.5886,0.8675,0.9,0,0.05714,0,0.52144,0,0,0,0
Surat,0,4.7,3.6,3.89,9.4,0.446,13,1,58.5,5.8,32.4,1.0,0.01576,0.02569,0.41401,0.44601,0.9675,0.95,0.17073,0.02857,0,0.62193,0,0,0,0
Porbandar,0,3.5,0.9,1.84,6.2,0.445,8,1,55.0,2.3,31.3,1.0,0.01176,0.00632,0.29695,0.44528,0.98,0.95,0.10078,0.02857,0,0.56549,0,0,0,0
Jamnagar,1,43.7,24.9,3.71,6.5,0.646,20,2,76.9,17.3,26.2,1.0,0.14558,0.17763,0.57116,0.64637,0.95,0.9,0.53724,0.05714,0,0.3113,0,0,0,0
Porbandar,1,21.4,4.7,4.34,6.2,0.774,8,1,67.0,27.3,27.3,1.0,0.07144,0.03367,0.6992,0.77445,0.98,0.95,0.34069,0.02857,0.09134,0.36691,0,0,0,0
Surat,0,12.5,7.7,3.92,9.4,0.572,13,1,57.4,13.4,35.8,1.0,0.04182,0.05528,0.41676,0.57173,0.9675,0.95,0.14734,0.02857,0,0.79049,1,0,0,0
Bhavnagar,1,24.5,9.2,3.32,7.4,0.58,24,2,92.9,10.1,28.8,1.0,0.08171,0.0658,0.44902,0.57988,0.94,0.9,0.85889,0.05714,0,0.43768,1,0,0,0
Porbandar,1,22.4,8.8,2.92,6.2,0.721,8,1,77.4,4.5,28.8,1.0,0.07467,0.06261,0.47099,0.72108,0.98,0.95,0.54767,0.02857,0,0.43926,0,0,0,0
Dang,1,16.7,8.2,3.86,6.4,0.907,975,27,87.5,24.7,26.8,0.0,0.05572,0.05823,0.60304,0.90725,0,0,0.74934,0.77143,0.0582,0.33869,0,0,0,0
Jamnagar,0,11.6,4.3,1.52,6.5,0.15,20,2,46.1,9.3,32.4,1.0,0.03869,0.03094,0.23397,0.15033,0.95,0.9,0,0.05714,0,0.62032,0,0,0,0
Bhavnagar,0,5.0,1.8,2.98,7.4,0.288,24,2,47.1,4.5,30.6,1.0,0.01667,0.01253,0.40229,0.28772,0.94,0.9,0,0.05714,0,0.5292,0,0,0,0
Navsari,0,9.2,7.5,3.19,7.3,0.549,11,1,44.0,16.2,33.2,1.0,0.03055,0.05369,0.43701,0.54939,0.9725,0.95,0,0.02857,0,0.66238,1,0,0,0
Ahmedabad,1,118.8,27.5,7.09,8.5,0.892,53,2,86.4,18.8,22.5,0.0,0.39609,0.19651,0.83381,0.89163,0.8675,0.9,0.72855,0.05714,0,0.12381,0,0,1,0
Jamnagar,1,26.7,6.3,3.55,6.5,0.704,20,2,81.6,10.2,26.0,1.0,0.0889,0.04515,0.54624,0.70362,0.95,0.9,0.63221,0.05714,0,0.30092,1,0,0,0
Navsari,1,22.6,10.2,4.68,7.3,0.786,11,1,87.3,7.7,30.6,1.0,0.07527,0.07304,0.64095,0.78618,0.9725,0.95,0.74573,0.02857,0,0.53199,1,0,0,0
Navsari,0,17.3,3.1,3.24,7.3,0.612,11,1,55.8,92.7,33.2,1.0,0.0576,0.02248,0.44437,0.6119,0.9725,0.95,0.11576,0.02857,0.90895,0.66198,0,0,0,0
Bhavnagar,0,3.1,2.1,2.1,7.4,0.306,24,2,50.4,64.3,33.8,1.0,0.0103,0.01491,0.28324,0.30619,0.94,0.9,0.00764,0.05714,0.5543,0.68782,0,0,0,0
Bhuj,0,2.0,0.8,1.91,5.8,0.107,110,4,50.6,24.3,31.7,1.0,0.00672,0.00594,0.32896,0.10717,0.725,0.8,0.01274,0.11429,0.05337,0.58609,0,0,0,0
Jamnagar,1,55.5,10.3,3.82,6.5,0.629,20,2,92.1,16.3,28.2,1.0,0.18506,0.07344,0.5881,0.62885,0.95,0.9,0.84211,0.05714,0,0.40798,0,0,0,0
Bhavnagar,0,2.5,1.4,2.38,7.4,0.349,24,2,52.7,11.7,32.1,1.0,0.00839,0.00967,0.32192,0.34935,0.94,0.9,0.05363,0.05714,0,0.60462,0,0,0,0
Valsad,1,115.1,97.8,6.1,7.0,0.973,12,2,88.2,11.6,25.2,1.0,0.38356,0.69863,0.87116,0.97266,0.97,0.9,0.76379,0.05714,0,0.2618,1,0,0,1
Bhuj,0,1.6,0.8,1.37,5.8,0.123,110,4,51.7,23.0,29.3,1.0,0.00532,0.00592,0.23604,0.12253,0.725,0.8,0.03384,0.11429,0.03746,0.46528,0,0,0,0
Vadodara,1,21.5,11.3,4.24,8.0,0.717,39,2,75.6,15.8,29.7,0.0,0.07183,0.08038,0.52996,0.71726,0.9025,0.9,0.51131,0.05714,0,0.48495,1,0,0,0
Ahmedabad,1,17.7,13.7,4.04,8.5,0.833,53,2,86.8,3.5,26.3,0.0,0.05915,0.09793,0.47547,0.83263,0.8675,0.9,0.73511,0.05714,0,0.31535,0,0,0,0
Patan,1,7.3,5.2,1.78,6.0,0.47,70,1,75.6,16.7,26.5,0.0,0.02429,0.0371,0.29653,0.46958,0.825,0.95,0.51139,0.02857,0,0.32303,0,0,0,1
Bhuj,0,5.2,1.8,1.93,5.8,0.167,110,4,59.1,25.2,33.5,1.0,0.01736,0.01312,0.33272,0.16737,0.725,0.8,0.18192,0.11429,0.06486,0.67641,0,0,0,0
Vadodara,1,13.0,3.3,4.48,8.0,0.725,39,2,81.1,15.3,26.0,0.0,0.04338,0.02356,0.56002,0.72505,0.9025,0.9,0.62163,0.05714,0,0.29825,1,0,0,0
Rajkot,1,14.0,5.8,3.08,7.2,0.554,134,3,75.7,10.8,26.4,0.0,0.04658,0.04165,0.42822,0.55369,0.665,0.85,0.51353,0.08571,0,0.31879,1,0,0,0
Bhavnagar,1,18.0,6.2,4.56,7.4,0.839,24,2,80.2,19.1,27.7,1.0,0.05995,0.04433,0.61629,0.8392,0.94,0.9,0.6032,0.05714,0,0.38616,0,0,0,0
Ahmedabad,0,13.4,8.0,3.51,8.5,0.412,53,2,53.0,18.6,33.4,0.0,0.04457,0.05747,0.41315,0.41192,0.8675,0.9,0.0596,0.05714,0,0.67041,0,0,0,0
Bhavnagar,1,79.6,29.0,5.03,7.4,0.671,24,2,77.9,4.4,27.2,1.0,0.26524,0.20707,0.68023,0.67118,0.94,0.9,0.55779,0.05714,0,0.3624,0,0,0,0
Vadodara,0,6.1,1.4,2.12,8.0,0.297,39,2,50.0,35.3,30.1,0.0,0.02027,0.00972,0.26463,0.29714,0.9025,0.9,0,0.05714,0.19129,0.50262,0,0,0,0
Bhavnagar,0,1.9,0.5,3.49,7.4,0.434,24,2,46.6,41.5,32.7,1.0,0.00629,0.00341,0.47127,0.43433,0.94,0.9,0,0.05714,0.26937,0.63353,0,0,0,0
Navsari,1,7.3,4.6,3.85,7.3,0.902,11,1,68.1,17.6,26.3,1.0,0.0244,0.03314,0.52781,0.90159,0.9725,0.95,0.36105,0.02857,0,0.31426,0,0,0,0
Jamnagar,1,21.2,3.0,3.58,6.5,0.633,20,2,72.9,3.1,30.5,1.0,0.07072,0.02167,0.5502,0.63298,0.95,0.9,0.45775,0.05714,0,0.52526,0,0,0,0
Patan,0,1.4,1.1,2.89,6.0,0.236,70,1,56.5,23.0,31.8,0.0,0.00472,0.00807,0.48224,0.2364,0.825,0.95,0.13062,0.02857,0.0377,0.59115,1,0,0,0
Dang,1,37.3,14.4,4.67,6.4,0.949,975,27,86.4,10.2,27.6,0.0,0.12428,0.1026,0.73003,0.94882,0,0,0.72791,0.77143,0,0.38031,0,0,0,1
Surat,0,7.8,2.3,4.51,9.4,0.488,13,1,44.9,18.0,32.7,1.0,0.02585,0.01644,0.47932,0.48759,0.9675,0.95,0,0.02857,0,0.63629,1,0,0,0
Bhavnagar,1,48.8,6.8,4.91,7.4,0.792,24,2,72.3,69.0,27.3,1.0,0.16283,0.04854,0.66334,0.79173,0.94,0.9,0.44663,0.05714,0.61238,0.36345,1,0,0,0
Valsad,0,2.3,0.5,2.97,7.0,0.616,12,2,46.4,7.1,32.0,1.0,0.00766,0.00335,0.42379,0.61609,0.97,0.9,0,0.05714,0,0.60152,0,0,0,0
Bhavnagar,1,11.1,4.7,3.68,7.4,0.745,24,2,78.2,28.1,31.2,1.0,0.03714,0.03372,0.49762,0.74464,0.94,0.9,0.56423,0.05714,0.10147,0.56001,0,0,0,0
Bhavnagar,1,32.5,19.7,4.6,7.4,0.671,24,2,64.2,9.2,29.1,1.0,0.10849,0.1408,0.62171,0.67066,0.94,0.9,0.28414,0.05714,0,0.45588,0,0,0,0
Ahmedabad,1,54.3,16.8,5.63,8.5,0.761,53,2,77.9,40.9,24.0,0.0,0.18085,0.12034,0.66198,0.76133,0.8675,0.9,0.5584,0.05714,0.26172,0.2013,1,0,0,0
Ahmedabad,1,29.0,6.9,5.22,8.5,0.895,53,2,86.7,2.9,29.6,0.0,0.0968,0.04897,0.61379,0.89475,0.8675,0.9,0.73426,0.05714,0,0.47932,0,0,0,0
Bhuj,0,1.1,0.3,2.31,5.8,0.133,110,4,48.4,6.0,30.4,1.0,0.0036,0.00196,0.3983,0.13303,0.725,0.8,0,0.11429,0,0.52023,0,0,0,1
Bhavnagar,1,106.8,71.6,5.37,7.4,0.722,24,2,71.7,46.6,26.9,1.0,0.35607,0.51144,0.72574,0.72232,0.94,0.9,0.43319,0.05714,0.33272,0.34555,1,0,1,0
Dang,1,57.9,29.0,3.56,6.4,0.953,975,27,74.6,21.0,23.8,0.0,0.19304,0.20701,0.55696,0.95302,0,0,0.49193,0.77143,0.01233,0.19167,0,0,0,0
Jamnagar,0,3.7,0.5,1.44,6.5,0.326,20,2,65.4,9.3,29.6,1.0,0.01229,0.00381,0.22146,0.32573,0.95,0.9,0.30706,0.05714,0,0.48035,0,0,0,0
Bhavnagar,1,34.4,11.1,3.22,7.4,0.655,24,2,72.4,17.6,28.9,1.0,0.11473,0.07957,0.43452,0.65508,0.94,0.9,0.44877,0.05714,0,0.44746,0,0,0,0
Surat,0,7.3,6.0,4.68,9.4,0.528,13,1,53.1,5.2,34.6,1.0,0.02418,0.04287,0.49823,0.52831,0.9675,0.95,0.06255,0.02857,0,0.72934,0,0,0,0
Dang,1,28.3,24.1,3.42,6.4,0.829,975,27,91.2,27.5,27.3,0.0,0.0945,0.17212,0.53433,0.82918,0,0,0.82328,0.77143,0.09329,0.3634,0,0,0,0
Valsad,1,65.4,26.7,5.71,7.0,0.92,12,2,88.7,6.8,25.6,1.0,0.21788,0.19106,0.81535,0.92002,0.97,0.9,0.77458,0.05714,0,0.27797,0,0,0,0
Bhavnagar,1,18.4,14.1,3.37,7.4,0.652,24,2,72.0,20.2,25.9,1.0,0.06148,0.10103,0.45504,0.65226,0.94,0.9,0.44018,0.05714,0.00262,0.29608,1,0,0,0
Surat,1,116.0,65.9,7.71,9.4,0.903,13,1,100,5.0,20.1,1.0,0.3867,0.47089,0.82055,0.90322,0.9675,0.95,1,0.02857,0,0.0056,1,0,0,0
Dang,0,20.6,7.2,3.85,6.4,0.61,975,27,55.7,24.5,31.5,0.0,0.06861,0.05169,0.60146,0.61047,0,0,0.11354,0.77143,0.05624,0.57562,0,1,0,0
Porbandar,0,12.0,4.5,2.22,6.2,0.302,8,1,48.3,24.9,30.6,1.0,0.0399,0.03198,0.35848,0.30196,0.98,0.95,0,0.02857,0.06098,0.5303,0,0,0,0
Navsari,1,47.3,22.9,5.21,7.3,0.968,11,1,88.1,40.6,25.9,1.0,0.15781,0.16326,0.7138,0.96767,0.9725,0.95,0.76227,0.02857,0.25695,0.29624,0,0,0,0
Porbandar,1,17.8,2.9,3.22,6.2,0.632,8,1,87.5,11.1,23.6,1.0,0.05926,0.02102,0.51962,0.6322,0.98,0.95,0.75055,0.02857,0,0.1802,0,0,1,0
Jamnagar,0,16.8,9.6,2.41,6.5,0.31,20,2,59.1,38.2,36.2,1.0,0.05613,0.06822,0.37151,0.31035,0.95,0.9,0.18154,0.05714,0.22792,0.80932,0,0,0,0
Valsad,0,2.4,0.8,3.29,7.0,0.612,12,2,56.6,14.3,32.4,1.0,0.00793,0.00603,0.46981,0.61163,0.97,0.9,0.13257,0.05714,0,0.61997,1,0,0,0
Rajkot,0,0.6,0.3,2.38,7.2,0.376,134,3,59.6,17.2,30.1,0.0,0.00203,0.0024,0.33115,0.37594,0.665,0.85,0.19168,0.08571,0,0.50406,0,0,0,0
Navsari,0,4.4,0.7,3.38,7.3,0.56,11,1,52.6,7.6,35.2,1.0,0.01483,0.00466,0.46238,0.56018,0.9725,0.95,0.05191,0.02857,0,0.76208,0,0,0,0
Surat,0,3.7,2.0,3.76,9.4,0.463,13,1,37.1,17.0,33.0,1.0,0.01222,0.01394,0.39997,0.46317,0.9675,0.95,0,0.02857,0,0.64828,0,0,0,0
Porbandar,1,32.9,16.8,3.45,6.2,0.635,8,1,81.6,8.7,27.6,1.0,0.10953,0.12014,0.55704,0.63528,0.98,0.95,0.63251,0.02857,0,0.38036,0,0,0,0
Ahmedabad,1,1.2,0.5,4.09,8.5,0.628,53,2,74.9,45.6,22.7,0.0,0.00388,0.00358,0.4817,0.62807,0.8675,0.9,0.498,0.05714,0.31964,0.13426,0,0,0,0
Jamnagar,1,49.7,33.6,3.99,6.5,0.658,20,2,87.2,8.0,25.7,1.0,0.1656,0.24,0.61391,0.65792,0.95,0.9,0.74486,0.05714,0,0.28352,1,0,0,0
Surat,0,3.1,1.4,4.6,9.4,0.604,13,1,64.8,14.2,31.0,1.0,0.01038,0.01025,0.48972,0.60357,0.9675,0.95,0.29585,0.02857,0,0.54972,0,0,0,0
Dang,0,1.2,0.1,2.73,6.4,0.558,975,27,42.6,7.5,31.2,0.0,0.00399,0.00064,0.42725,0.55792,0,0,0,0.77143,0,0.56229,0,0,0,0
Valsad,1,61.0,21.4,4.76,7.0,0.946,12,2,94.9,17.0,27.2,1.0,0.20318,0.1529,0.67974,0.94617,0.97,0.9,0.89772,0.05714,0,0.36,1,0,0,0
Navsari,0,3.8,1.6,2.35,7.3,0.571,11,1,60.8,49.7,34.0,1.0,0.01266,0.01121,0.3216,0.57136,0.9725,0.95,0.21505,0.02857,0.37122,0.69984,0,0,0,0
Vadodara,0,6.4,1.5,3.03,8.0,0.449,39,2,45.5,34.5,34.3,0.0,0.02137,0.01053,0.37874,0.44923,0.9025,0.9,0,0.05714,0.18082,0.71282,0,0,0,0
Valsad,1,59.5,41.4,3.91,7.0,0.854,12,2,97.0,9.2,27.0,1.0,0.19846,0.29544,0.55815,0.85397,0.97,0.9,0.93991,0.05714,0,0.34777,1,0,0,0
Patan,1,24.0,9.5,2.68,6.0,0.618,70,1,81.5,20.3,24.5,0.0,0.07995,0.06802,0.44585,0.61789,0.825,0.95,0.6309,0.02857,0.00318,0.22548,0,0,0,0
Jamnagar,1,15.2,5.1,3.82,6.5,0.659,20,2,87.2,19.6,27.1,1.0,0.05068,0.03612,0.5872,0.65853,0.95,0.9,0.74338,0.05714,0,0.3535,0,0,0,0
Valsad,0,6.4,0.9,3.72,7.0,0.451,12,2,62.3,19.0,35.0,1.0,0.02123,0.00672,0.53186,0.4506,0.97,0.9,0.24675,0.05714,0,0.75028,0,0,0,0
Bhavnagar,0,3.0,1.4,3.05,7.4,0.378,24,2,51.3,5.3,28.6,1.0,0.00986,0.00972,0.41276,0.37758,0.94,0.9,0.02688,0.05714,0,0.43144,0,0,0,0
Valsad,1,23.6,6.7,4.33,7.0,0.97,12,2,65.6,2.7,28.3,1.0,0.07854,0.04785,0.61807,0.9705,0.97,0.9,0.31164,0.05714,0,0.41695,0,0,0,0
Valsad,0,10.4,4.1,3.91,7.0,0.545,12,2,51.8,55.0,32.9,1.0,0.03457,0.02902,0.55831,0.54474,0.97,0.9,0.03589,0.05714,0.43727,0.64731,0,0,0,0
Vadodara,0,4.8,1.5,3.55,8.0,0.368,39,2,50.6,5.9,30.8,0.0,0.0161,0.01103,0.44435,0.36831,0.9025,0.9,0.01224,0.05714,0,0.53883,0,0,0,0
Surat,1,119.9,16.5,7.42,9.4,0.915,13,1,90.7,6.3,24.5,1.0,0.39968,0.11752,0.78918,0.91473,0.9675,0.95,0.81337,0.02857,0,0.22744,1,0,0,0
Surat,1,77.4,15.9,6.48,9.4,0.942,13,1,91.3,9.0,27.4,1.0,0.25784,0.11367,0.68915,0.94243,0.9675,0.95,0.82672,0.02857,0,0.37072,1,0,0,0
Valsad,1,46.6,24.9,4.42,7.0,1.0,12,2,97.0,36.8,23.9,1.0,0.15519,0.17758,0.63183,1.0,0.97,0.9,0.94082,0.05714,0.21012,0.1929,1,0,0,0
Rajkot,1,55.5,33.8,4.55,7.2,0.634,134,3,86.5,66.2,23.5,0.0,0.18497,0.24117,0.63188,0.63439,0.665,0.85,0.72989,0.08571,0.5771,0.17609,0,0,0,0
Porbandar,1,14.4,3.2,3.43,6.2,0.667,8,1,82.2,68.4,27.0,1.0,0.04799,0.02266,0.55329,0.66706,0.98,0.95,0.64325,0.02857,0.60452,0.35188,1,0,0,0
Jamnagar,0,21.8,14.7,1.16,6.5,0.297,20,2,44.0,17.6,30.4,1.0,0.07251,0.10519,0.17894,0.29657,0.95,0.9,0,0.05714,0,0.51893,0,0,0,0
Dang,1,20.0,7.3,3.57,6.4,0.817,975,27,72.0,15.6,28.3,0.0,0.06665,0.05247,0.55774,0.81692,0,0,0.43965,0.77143,0,0.41455,0,0,0,0
Bhuj,0,5.5,1.7,1.41,5.8,0.029,110,4,55.0,9.9,30.8,1.0,0.0182,0.01229,0.24304,0.02914,0.725,0.8,0.10098,0.11429,0,0.54226,0,0,0,0
Dang,1,46.9,15.3,4.1,6.4,0.943,975,27,76.4,6.1,27.0,0.0,0.15646,0.10948,0.63995,0.94305,0,0,0.52737,0.77143,0,0.35181,1,0,1,0
Vadodara,1,21.8,11.1,3.76,8.0,0.855,39,2,74.9,5.5,26.1,0.0,0.07253,0.07931,0.46977,0.85501,0.9025,0.9,0.49766,0.05714,0,0.30315,0,0,0,0
Patan,1,19.9,5.5,2.8,6.0,0.626,70,1,81.3,2.2,30.0,0.0,0.06632,0.03958,0.46714,0.62578,0.825,0.95,0.62521,0.02857,0,0.49757,0,0,0,0
Porbandar,1,8.3,2.4,3.66,6.2,0.77,8,1,72.4,12.5,28.6,1.0,0.02778,0.01716,0.58955,0.77044,0.98,0.95,0.44894,0.02857,0,0.4302,0,0,0,0
Jamnagar,1,23.2,8.2,3.68,6.5,0.706,20,2,82.7,11.6,26.4,1.0,0.07744,0.05843,0.56603,0.70622,0.95,0.9,0.65332,0.05714,0,0.31957,1,0,0,0
Rajkot,0,6.8,1.9,3.14,7.2,0.268,134,3,45.0,24.4,33.4,0.0,0.02263,0.01346,0.43635,0.26827,0.665,0.85,0,0.08571,0.05546,0.6717,0,0,0,0
Navsari,0,0.5,0.3,3.31,7.3,0.515,11,1,67.4,9.3,30.3,1.0,0.00175,0.00226,0.45326,0.51512,0.9725,0.95,0.34872,0.02857,0,0.51536,0,0,0,0
Bhavnagar,0,3.1,0.7,2.32,7.4,0.42,24,2,55.2,35.6,32.5,1.0,0.01031,0.0047,0.31364,0.4202,0.94,0.9,0.10369,0.05714,0.19458,0.62589,0,0,0,0
Navsari,1,5.2,3.8,4.19,7.3,0.838,11,1,78.8,2.9,27.7,1.0,0.01728,0.0269,0.5739,0.83818,0.9725,0.95,0.57609,0.02857,0,0.38436,0,0,0,0
Valsad,1,9.8,3.4,4.02,7.0,0.909,12,2,77.0,22.5,25.0,1.0,0.03278,0.02461,0.57496,0.90907,0.97,0.9,0.53946,0.05714,0.03086,0.24841,1,0,0,0
Valsad,1,19.6,5.9,4.62,7.0,0.853,12,2,83.9,46.5,25.6,1.0,0.0655,0.04186,0.65955,0.85312,0.97,0.9,0.67894,0.05714,0.33099,0.28026,0,0,0,0
Rajkot,1,22.2,3.8,3.38,7.2,0.581,134,3,77.0,20.7,27.4,0.0,0.07402,0.02685,0.46875,0.58149,0.665,0.85,0.54001,0.08571,0.00918,0.37224,0,0,0,0
Navsari,0,3.2,0.8,3.03,7.3,0.447,11,1,63.9,15.9,30.4,1.0,0.01062,0.00561,0.41542,0.44703,0.9725,0.95,0.27781,0.02857,0,0.52,0,0,0,0
Jamnagar,0,1.2,0.4,2.73,6.5,0.377,20,2,51.7,23.3,33.4,1.0,0.004,0.00265,0.41987,0.37739,0.95,0.9,0.0343,0.05714,0.04159,0.66969,0,0,0,0
Navsari,1,30.1,22.6,4.32,7.3,0.903,11,1,80.1,48.5,28.7,1.0,0.10039,0.16134,0.59139,0.90332,0.9725,0.95,0.60156,0.02857,0.35657,0.43675,0,0,1,0
Navsari,0,2.9,2.1,2.23,7.3,0.494,11,1,46.4,39.1,31.1,1.0,0.0098,0.01481,0.3061,0.4941,0.9725,0.95,0,0.02857,0.23921,0.55316,0,0,1,0
Patan,0,11.5,9.5,2.7,6.0,0.184,70,1,48.4,13.6,34.0,0.0,0.03818,0.06805,0.45039,0.18358,0.825,0.95,0,0.02857,0,0.69918,0,0,0,0
Rajkot,0,3.7,1.7,2.42,7.2,0.338,134,3,39.6,11.3,30.3,0.0,0.0122,0.01188,0.33649,0.33837,0.665,0.85,0,0.08571,0,0.51309,0,0,0,0
Navsari,1,47.7,4.8,4.69,7.3,1.0,11,1,91.2,2.8,26.9,1.0,0.15889,0.03431,0.64223,1.0,0.9725,0.95,0.82358,0.02857,0,0.34487,0,0,0,0
Bhavnagar,1,11.0,6.4,4.12,7.4,0.803,24,2,76.7,21.7,27.9,1.0,0.03678,0.04598,0.55713,0.80338,0.94,0.9,0.53476,0.05714,0.02138,0.39354,1,0,0,0
Navsari,1,12.1,4.1,3.95,7.3,0.92,11,1,76.5,19.8,24.9,1.0,0.04023,0.02939,0.54156,0.91993,0.9725,0.95,0.52936,0.02857,0,0.2455,0,0,0,0
Rajkot,1,28.2,6.1,2.88,7.2,0.429,134,3,73.8,46.3,24.0,0.0,0.09397,0.04388,0.39991,0.42853,0.665,0.85,0.47503,0.08571,0.32853,0.19835,0,0,0,0
Dang,1,12.4,7.0,4.6,6.4,1.0,975,27,85.2,8.1,28.1,0.0,0.04117,0.04989,0.71867,1.0,0,0,0.70303,0.77143,0,0.40623,0,0,0,0
Valsad,0,14.9,9.9,3.4,7.0,0.543,12,2,48.6,17.0,33.6,1.0,0.04956,0.0704,0.48596,0.54254,0.97,0.9,0,0.05714,0,0.67835,0,0,0,0
Ahmedabad,1,75.4,10.6,6.37,8.5,0.914,53,2,72.1,11.5,26.4,0.0,0.25141,0.07562,0.74916,0.91428,0.8675,0.9,0.44205,0.05714,0,0.31885,1,0,0,0
Patan,1,48.5,22.4,3.2,6.0,0.54,70,1,78.3,8.5,28.1,0.0,0.16161,0.15988,0.53338,0.54027,0.825,0.95,0.56686,0.02857,0,0.4026,0,0,0,0
Bhuj,0,1.6,1.2,1.54,5.8,0.06,110,4,59.3,14.4,35.2,1.0,0.00532,0.00837,0.26618,0.06034,0.725,0.8,0.18597,0.11429,0,0.75946,0,0,0,0
Dang,1,179.8,24.3,6.98,6.4,1.0,975,27,94.1,41.8,28.5,0.0,0.59922,0.1737,1.09056,1.0,0,0,0.88187,0.77143,0.27288,0.42324,0,0,1,1
Bhuj,0,5.0,2.6,2.15,5.8,0.191,110,4,56.7,9.5,29.8,1.0,0.01651,0.01843,0.37146,0.19122,0.725,0.8,0.13456,0.11429,0,0.49175,0,0,0,0
Bhuj,1,24.0,9.5,2.06,5.8,0.542,110,4,80.8,15.8,23.3,1.0,0.07995,0.06793,0.35469,0.54212,0.725,0.8,0.61562,0.11429,0,0.163,0,0,0,0
Bhavnagar,1,1.4,0.5,3.55,7.4,0.776,24,2,83.3,6.6,29.3,1.0,0.00459,0.00391,0.47968,0.77572,0.94,0.9,0.66595,0.05714,0,0.46679,1,0,0,0
Dang,1,61.0,14.5,4.83,6.4,1.0,975,27,82.2,14.0,30.3,0.0,0.20339,0.10383,0.75469,1.0,0,0,0.64383,0.77143,0,0.51543,0,0,0,0
Bhavnagar,1,37.7,17.9,4.6,7.4,0.752,24,2,79.1,8.4,29.9,1.0,0.12579,0.1276,0.62137,0.7525,0.94,0.9,0.58203,0.05714,0,0.49709,0,1,0,0
Surat,0,0.7,0.2,4.59,9.4,0.554,13,1,43.9,200.3,34.7,1.0,0.00221,0.00124,0.48832,0.55414,0.9675,0.95,0,0.02857,1,0.73438,0,0,0,0
Vadodara,1,22.1,7.0,4.57,8.0,0.779,39,2,86.6,32.1,25.5,0.0,0.07371,0.05004,0.5718,0.77879,0.9025,0.9,0.73123,0.05714,0.15073,0.27535,0,0,0,0
Ahmedabad,0,1.7,0.9,3.25,8.5,0.457,53,2,60.0,4.1,31.4,0.0,0.0055,0.00608,0.38287,0.45725,0.8675,0.9,0.19958,0.05714,0,0.57098,1,0,0,0
Rajkot,0,2.9,0.8,2.62,7.2,0.146,134,3,43.8,31.7,34.6,0.0,0.00979,0.0054,0.36357,0.14617,0.665,0.85,0,0.08571,0.14578,0.72971,0,0,0,0
Navsari,0,1.6,0.5,2.6,7.3,0.45,11,1,49.1,33.4,33.6,1.0,0.00546,0.00369,0.35595,0.45019,0.9725,0.95,0,0.02857,0.16781,0.68042,0,0,0,0
Bhavnagar,0,16.1,3.7,3.91,7.4,0.459,24,2,48.3,26.6,32.8,1.0,0.05361,0.02626,0.52776,0.45904,0.94,0.9,0,0.05714,0.0821,0.64086,0,0,0,0
Ahmedabad,1,42.6,8.6,5.1,8.5,0.732,53,2,75.3,18.3,24.6,0.0,0.14215,0.06127,0.59982,0.732,0.8675,0.9,0.50559,0.05714,0,0.23139,1,0,0,0
Jamnagar,0,3.7,1.3,3.44,6.5,0.393,20,2,48.7,21.4,32.7,1.0,0.01226,0.00897,0.52874,0.39336,0.95,0.9,0,0.05714,0.01797,0.6329,0,0,0,0
Vadodara,1,26.6,14.4,4.57,8.0,0.827,39,2,65.3,10.9,31.6,0.0,0.08857,0.10285,0.57147,0.8275,0.9025,0.9,0.30524,0.05714,0,0.57927,1,0,0,0
Vadodara,0,14.1,8.3,1.78,8.0,0.326,39,2,51.6,6.4,33.8,0.0,0.04697,0.05935,0.22273,0.32608,0.9025,0.9,0.03143,0.05714,0,0.69085,0,0,0,0
Valsad,0,9.8,1.8,3.28,7.0,0.546,12,2,46.9,2.4,32.1,1.0,0.0325,0.01289,0.46863,0.54629,0.97,0.9,0,0.05714,0,0.6033,1,0,0,0
Vadodara,1,38.6,17.7,4.11,8.0,0.661,39,2,81.1,7.2,25.3,0.0,0.12867,0.1261,0.51434,0.66072,0.9025,0.9,0.62106,0.05714,0,0.26621,1,0,0,0
Rajkot,1,1.8,0.6,3.25,7.2,0.611,134,3,88.6,53.6,31.0,0.0,0.00613,0.00404,0.45204,0.61083,0.665,0.85,0.77116,0.08571,0.41972,0.54789,1,0,0,0
Ahmedabad,0,4.6,0.9,4.08,8.5,0.367,53,2,51.7,8.4,33.6,0.0,0.0152,0.00654,0.48025,0.36658,0.8675,0.9,0.03352,0.05714,0,0.67757,0,0,0,0
Vadodara,1,116.7,50.2,6.23,8.0,0.829,39,2,82.3,5.7,24.1,0.0,0.38902,0.35839,0.77917,0.82946,0.9025,0.9,0.64568,0.05714,0,0.2031,1,0,0,0
Surat,0,23.2,2.6,3.76,9.4,0.421,13,1,54.1,32.0,31.7,1.0,0.07737,0.01866,0.40034,0.42069,0.9675,0.95,0.08198,0.02857,0.14998,0.58685,0,0,0,0
Surat,0,0.6,0.2,3.73,9.4,0.541,13,1,57.5,25.2,30.9,1.0,0.00198,0.00173,0.39647,0.54112,0.9675,0.95,0.14994,0.02857,0.0648,0.54373,0,0,0,0
Bhuj,0,2.0,0.8,1.72,5.8,0.269,110,4,47.2,10.8,33.8,1.0,0.00665,0.00602,0.29701,0.26912,0.725,0.8,0,0.11429,0,0.6895,0,0,0,0
Bhuj,1,18.2,3.9,2.38,5.8,0.385,110,4,82.1,12.2,28.0,1.0,0.06062,0.02779,0.41006,0.38548,0.725,0.8,0.64209,0.11429,0,0.40136,0,0,0,0
Ahmedabad,0,10.0,4.7,3.44,8.5,0.49,53,2,57.6,2.0,30.9,0.0,0.03346,0.03341,0.40424,0.49003,0.8675,0.9,0.15291,0.05714,0,0.54356,0,0,0,0
Vadodara,1,36.7,2.1,4.14,8.0,0.608,39,2,88.5,2,27.7,0.0,0.1225,0.01493,0.5176,0.60809,0.9025,0.9,0.76909,0.05714,0,0.38446,0,0,0,0
Patan,0,3.8,1.0,1.97,6.0,0.087,70,1,39.4,11.6,36.2,0.0,0.01268,0.00728,0.3275,0.08705,0.825,0.95,0,0.02857,0,0.80992,0,0,0,0
Porbandar,1,29.6,8.9,2.45,6.2,0.744,8,1,84.3,21.5,28.3,1.0,0.09866,0.06336,0.39531,0.74389,0.98,0.95,0.68507,0.02857,0.01839,0.41569,1,0,0,0
Vadodara,1,23.2,5.3,3.5,8.0,0.713,39,2,80.4,3.2,26.5,0.0,0.07735,0.03798,0.43754,0.7129,0.9025,0.9,0.60883,0.05714,0,0.32458,0,0,0,0
Vadodara,1,43.6,22.3,4.86,8.0,0.687,39,2,85.6,15.3,28.2,0.0,0.1453,0.15911,0.6079,0.68721,0.9025,0.9,0.71291,0.05714,0,0.41214,1,0,0,0
Vadodara,1,13.0,6.6,4.61,8.0,0.741,39,2,81.9,11.9,27.0,0.0,0.04339,0.0475,0.576,0.74086,0.9025,0.9,0.63817,0.05714,0,0.35159,0,0,0,0
Patan,0,4.9,2.8,1.79,6.0,0.132,70,1,56.4,9.3,34.9,0.0,0.01621,0.01974,0.29812,0.13179,0.825,0.95,0.12754,0.02857,0,0.74423,0,0,0,0
Jamnagar,0,8.3,5.5,2.16,6.5,0.252,20,2,49.6,14.1,31.9,1.0,0.02753,0.03929,0.33185,0.25172,0.95,0.9,0,0.05714,0,0.59623,0,0,0,0
Patan,1,4.3,2.3,2.7,6.0,0.5,70,1,78.3,9.0,27.2,0.0,0.01418,0.01648,0.45072,0.4996,0.825,0.95,0.56556,0.02857,0,0.35841,0,0,0,0
Patan,0,3.2,1.5,1.54,6.0,0.178,70,1,58.6,15.0,33.3,0.0,0.01083,0.01056,0.25726,0.17816,0.825,0.95,0.17293,0.02857,0,0.66563,0,0,0,0
Vadodara,0,5.0,2.0,2.82,8.0,0.469,39,2,51.6,17.8,33.9,0.0,0.01661,0.01412,0.35208,0.46858,0.9025,0.9,0.03135,0.05714,0,0.69734,0,0,0,0
Rajkot,1,10.0,3.6,3.16,7.2,0.549,134,3,71.5,11.9,28.5,0.0,0.03343,0.0259,0.43912,0.54853,0.665,0.85,0.43084,0.08571,0,0.42469,0,0,0,0
Dang,1,55.0,42.6,4.84,6.4,1.0,975,27,69.1,21.2,26.8,0.0,0.18338,0.30441,0.75643,1.0,0,0,0.38249,0.77143,0.01468,0.3388,0,0,0,0
Jamnagar,0,3.1,0.5,1.78,6.5,0.307,20,2,50.9,7.1,33.2,1.0,0.01028,0.00368,0.27418,0.30695,0.95,0.9,0.01753,0.05714,0,0.66117,0,0,0,0
Porbandar,1,50.5,31.8,3.7,6.2,0.629,8,1,81.5,5.0,27.8,1.0,0.16832,0.22679,0.5961,0.62876,0.98,0.95,0.63001,0.02857,0,0.39019,0,0,0,1
Dang,0,15.7,5.6,3.12,6.4,0.626,975,27,51.7,65.4,33.7,0.0,0.05234,0.03973,0.48799,0.62596,0,0,0.03434,0.77143,0.56742,0.68616,0,0,0,0
Ahmedabad,1,43.1,22.1,5.88,8.5,0.742,53,2,86.5,2,27.6,0.0,0.14355,0.15751,0.69175,0.74224,0.8675,0.9,0.72997,0.05714,0,0.37985,1,0,0,0
Jamnagar,1,79.6,11.0,5.08,6.5,0.937,20,2,81.4,22.5,26.1,1.0,0.26523,0.07877,0.78144,0.93651,0.95,0.9,0.62713,0.05714,0.03113,0.30393,0,0,0,0
Jamnagar,1,13.3,1.7,3.73,6.5,0.621,20,2,86.4,22.6,26.6,1.0,0.04443,0.01242,0.5737,0.62145,0.95,0.9,0.72886,0.05714,0.03306,0.32807,1,0,0,0
Dang,0,21.4,12.3,3.26,6.4,0.511,975,27,47.1,24.5,36.9,0.0,0.07118,0.08791,0.50874,0.51143,0,0,0,0.77143,0.05634,0.84484,0,0,0,0
Bhuj,1,28.8,5.3,2.14,5.8,0.513,110,4,73.2,9.3,30.0,1.0,0.09594,0.03815,0.36827,0.51272,0.725,0.8,0.46481,0.11429,0,0.50216,0,0,0,0
Bhuj,1,23.9,13.1,1.88,5.8,0.396,110,4,91.7,13.9,24.7,1.0,0.07966,0.09382,0.32497,0.39573,0.725,0.8,0.8347,0.11429,0,0.23415,0,0,0,0
Dang,0,12.5,6.2,2.92,6.4,0.649,975,27,53.3,17.6,33.9,0.0,0.04162,0.04461,0.45629,0.64916,0,0,0.06512,0.77143,0,0.69301,0,0,0,0
Navsari,1,15.6,7.3,4.84,7.3,0.847,11,1,77.4,4.9,29.2,1.0,0.05188,0.0524,0.66238,0.84709,0.9725,0.95,0.54738,0.02857,0,0.46127,0,0,0,0
Surat,0,3.9,0.7,3.27,9.4,0.455,13,1,45.5,3.8,29.2,1.0,0.013,0.00516,0.34829,0.45538,0.9675,0.95,0,0.02857,0,0.45764,0,0,0,0
Bhavnagar,1,25.9,13.8,5.32,7.4,0.763,24,2,79.8,14.8,26.4,1.0,0.08646,0.09881,0.71919,0.76337,0.94,0.9,0.5955,0.05714,0,0.31896,0,0,0,0
Bhuj,1,13.5,3.4,1.11,5.8,0.447,110,4,78.5,38.5,26.9,1.0,0.04512,0.02446,0.19162,0.44681,0.725,0.8,0.56903,0.11429,0.2311,0.34403,0,0,0,0
Vadodara,1,47.9,15.5,4.82,8.0,0.798,39,2,85.1,4.1,27.2,0.0,0.15953,0.11053,0.60266,0.79802,0.9025,0.9,0.7011,0.05714,0,0.36077,0,0,0,0
Bhavnagar,0,2.2,0.4,2.88,7.4,0.316,24,2,55.8,12.4,31.0,1.0,0.00717,0.00307,0.38935,0.31583,0.94,0.9,0.11639,0.05714,0,0.54777,0,0,0,0
Rajkot,1,14.5,3.9,2.98,7.2,0.613,134,3,76.3,10.9,24.6,0.0,0.04837,0.02792,0.41352,0.61349,0.665,0.85,0.52589,0.08571,0,0.23114,0,0,0,0
Navsari,1,39.1,14.3,5.64,7.3,0.961,11,1,73.6,21.0,23.2,1.0,0.13034,0.1022,0.77218,0.96056,0.9725,0.95,0.47249,0.02857,0.0121,0.15778,1,0,0,0
Jamnagar,1,10.0,5.3,2.58,6.5,0.659,20,2,83.2,33.8,25.4,1.0,0.03341,0.03766,0.39618,0.65943,0.95,0.9,0.6639,0.05714,0.17246,0.27087,0,0,1,0
Bhuj,1,20.6,7.4,3.24,5.8,0.572,110,4,78.7,13.4,23.2,1.0,0.06856,0.05265,0.55853,0.57198,0.725,0.8,0.57468,0.11429,0,0.15803,0,0,0,0
Patan,0,11.0,4.4,1.44,6.0,0.185,70,1,53.8,23.0,31.1,0.0,0.03658,0.03125,0.2392,0.18485,0.825,0.95,0.07588,0.02857,0.03802,0.55436,0,0,0,0
Rajkot,1,60.4,13.2,5.2,7.2,0.539,134,3,67.3,16.1,20.7,0.0,0.20126,0.09439,0.7229,0.53899,0.665,0.85,0.34554,0.08571,0,0.035,0,0,0,0
Vadodara,1,11.1,4.5,3.51,8.0,0.646,39,2,84.4,22.2,31.4,0.0,0.03703,0.03245,0.43897,0.64557,0.9025,0.9,0.688,0.05714,0.02812,0.57189,0,0,0,0
Navsari,1,9.9,1.7,5.22,7.3,0.856,11,1,75.7,17.6,24.5,1.0,0.03298,0.01181,0.71465,0.85553,0.9725,0.95,0.51446,0.02857,0,0.22491,0,0,0,0
Patan,0,4.1,1.3,2.46,6.0,0.376,70,1,61.3,4.2,33.1,0.0,0.01373,0.009,0.41009,0.37624,0.825,0.95,0.22609,0.02857,0,0.65259,0,0,0,0
Ahmedabad,1,57.7,18.7,5.64,8.5,0.874,53,2,85.2,23.4,26.7,0.0,0.19243,0.13373,0.6636,0.8743,0.8675,0.9,0.70398,0.05714,0.04301,0.33485,1,0,0,0
Rajkot,0,1.5,0.6,3.46,7.2,0.304,134,3,58.2,27.0,32.7,0.0,0.00494,0.0042,0.48061,0.30411,0.665,0.85,0.16341,0.08571,0.08744,0.6367,0,0,0,0
Navsari,0,2.7,0.3,3.52,7.3,0.623,11,1,54.5,8.8,28.8,1.0,0.00905,0.00246,0.48211,0.62251,0.9725,0.95,0.08927,0.02857,0,0.43764,1,0,0,0
Porbandar,0,11.8,1.9,3.1,6.2,0.42,8,1,47.1,39.2,32.1,1.0,0.03921,0.01364,0.50033,0.41985,0.98,0.95,0,0.02857,0.23976,0.60385,0,0,0,0
Ahmedabad,1,20.5,16.7,4.35,8.5,0.689,53,2,78.8,7.1,26.0,0.0,0.0685,0.119,0.51132,0.68853,0.8675,0.9,0.57669,0.05714,0,0.30166,0,0,0,0
Vadodara,1,21.8,1.7,3.87,8.0,0.709,39,2,83.2,9.9,28.0,0.0,0.07265,0.01238,0.48334,0.70876,0.9025,0.9,0.66362,0.05714,0,0.40027,0,0,0,0
Ahmedabad,0,2.2,1.9,2.74,8.5,0.404,53,2,51.9,20.0,33.9,0.0,0.00732,0.01334,0.32222,0.40396,0.8675,0.9,0.03877,0.05714,0,0.69533,0,0,0,0
Navsari,1,36.3,8.4,3.56,7.3,0.758,11,1,77.1,21.4,28.3,1.0,0.12106,0.06034,0.4877,0.75808,0.9725,0.95,0.54255,0.02857,0.01798,0.41349,0,0,0,0
Jamnagar,0,2.7,0.9,0.66,6.5,0.235,20,2,52.6,14.2,30.7,1.0,0.00886,0.00637,0.10183,0.2353,0.95,0.9,0.05296,0.05714,0,0.53596,0,0,0,0
Ahmedabad,0,3.0,1.4,2.96,8.5,0.363,53,2,55.0,18.2,31.5,0.0,0.01015,0.01011,0.34806,0.36331,0.8675,0.9,0.10092,0.05714,0,0.5756,0,0,0,0
Bhavnagar,0,7.0,2.0,3.06,7.4,0.379,24,2,46.3,15.2,33.6,1.0,0.02341,0.01447,0.41312,0.37933,0.94,0.9,0,0.05714,0,0.68186,0,0,1,0
Porbandar,0,5.5,1.7,1.84,6.2,0.275,8,1,47.1,6.6,33.3,1.0,0.01828,0.01243,0.29694,0.27472,0.98,0.95,0,0.02857,0,0.66601,0,0,0,0
Porbandar,0,3.3,1.4,3.32,6.2,0.336,8,1,45.0,8.0,32.5,1.0,0.01107,0.01023,0.53572,0.33607,0.98,0.95,0,0.02857,0,0.62661,0,0,0,0
Porbandar,1,51.8,12.7,3.03,6.2,0.677,8,1,88.9,30.8,25.9,1.0,0.17275,0.09085,0.48805,0.67734,0.98,0.95,0.77869,0.02857,0.13445,0.29459,0,0,1,0
Bhavnagar,1,52.1,7.3,4.48,7.4,0.806,24,2,94.5,7.1,28.1,1.0,0.17366,0.05187,0.60602,0.80618,0.94,0.9,0.89029,0.05714,0,0.40442,0,0,1,0
Ahmedabad,1,102.2,44.7,6.33,8.5,0.916,53,2,88.6,10.4,27.3,0.0,0.34077,0.31895,0.74436,0.91573,0.8675,0.9,0.77233,0.05714,0,0.36588,0,0,0,0
Jamnagar,1,67.6,46.7,5.21,6.5,0.736,20,2,72.1,3.0,27.2,1.0,0.22543,0.33324,0.80157,0.73618,0.95,0.9,0.44258,0.05714,0,0.36142,1,0,0,0
Bhavnagar,0,0.6,0.5,2.96,7.4,0.307,24,2,67.0,16.0,28.3,1.0,0.00203,0.00342,0.39981,0.30708,0.94,0.9,0.33955,0.05714,0,0.41377,0,0,0,0
Ahmedabad,1,21.3,13.5,4.27,8.5,0.928,53,2,73.2,15.1,22.4,0.0,0.0709,0.09644,0.50243,0.92774,0.8675,0.9,0.46453,0.05714,0,0.12212,0,0,0,0
Surat,1,48.7,22.7,5.19,9.4,0.873,13,1,99.4,6.9,23.9,1.0,0.16219,0.16208,0.55208,0.87314,0.9675,0.95,0.98736,0.02857,0,0.19594,0,0,0,0
Surat,0,5.5,3.5,4.94,9.4,0.533,13,1,55.5,20.1,35.8,1.0,0.01819,0.02468,0.52602,0.53262,0.9675,0.95,0.10952,0.02857,0.00157,0.79112,0,0,0,0
Vadodara,0,6.0,2.5,2.56,8.0,0.483,39,2,54.7,31.5,37.0,0.0,0.02006,0.01776,0.32027,0.48338,0.9025,0.9,0.09337,0.05714,0.14375,0.85239,0,0,0,0
Jamnagar,1,16.2,7.3,3.55,6.5,0.658,20,2,80.3,4.5,28.7,1.0,0.05386,0.05197,0.54656,0.65785,0.95,0.9,0.60513,0.05714,0,0.43309,0,0,0,0
Valsad,1,32.7,5.2,3.69,7.0,1.0,12,2,89.0,2,22.5,1.0,0.10889,0.03749,0.52784,1.0,0.97,0.9,0.78075,0.05714,0,0.12321,0,0,0,0
Jamnagar,1,77.3,12.1,4.94,6.5,0.701,20,2,93.5,14.6,27.1,1.0,0.25771,0.08643,0.76065,0.70133,0.95,0.9,0.86922,0.05714,0,0.35272,1,0,0,1
Ahmedabad,1,43.0,35.8,4.59,8.5,0.874,53,2,83.1,17.1,29.2,0.0,0.1433,0.25548,0.54002,0.87408,0.8675,0.9,0.66281,0.05714,0,0.46213,1,0,0,1
Navsari,1,43.6,7.2,4.48,7.3,0.882,11,1,75.8,25.4,29.3,1.0,0.14519,0.0514,0.61408,0.88217,0.9725,0.95,0.51627,0.02857,0.06693,0.4632,1,0,0,1
Bhavnagar,0,14.9,3.5,3.62,7.4,0.334,24,2,53.1,72.8,33.9,1.0,0.04983,0.02474,0.48953,0.33359,0.94,0.9,0.06147,0.05714,0.66023,0.69666,0,0,0,0
Jamnagar,0,11.1,2.3,2.19,6.5,0.282,20,2,59.0,16.0,30.9,1.0,0.03694,0.01618,0.33703,0.2817,0.95,0.9,0.17998,0.05714,0,0.54297,0,0,0,0
Vadodara,1,102.1,18.4,5.85,8.0,0.849,39,2,80.7,25.2,23.3,0.0,0.34039,0.13139,0.7309,0.84874,0.9025,0.9,0.61379,0.05714,0.06491,0.16664,0,0,0,0
Bhuj,1,14.8,0.7,2.68,5.8,0.444,110,4,76.2,7.8,29.9,1.0,0.04947,0.0053,0.46218,0.44385,0.725,0.8,0.5232,0.11429,0,0.49451,0,0,0,0
Surat,1,70.9,40.2,7.77,9.4,0.923,13,1,90.1,27.3,27.8,1.0,0.23628,0.287,0.82611,0.92269,0.9675,0.95,0.80291,0.02857,0.09153,0.38987,0,0,1,0
Dang,1,17.1,14.5,3.65,6.4,1.0,975,27,82.8,9.5,23.6,0.0,0.05687,0.10358,0.57024,1.0,0,0,0.65592,0.77143,0,0.18189,0,0,0,0
Porbandar,1,51.8,14.4,3.43,6.2,0.822,8,1,77.0,6.7,22.7,1.0,0.17281,0.10271,0.55392,0.82181,0.98,0.95,0.54042,0.02857,0,0.13523,0,0,0,0
Navsari,0,5.9,4.4,1.7,7.3,0.378,11,1,58.6,4.8,31.3,1.0,0.0197,0.03153,0.23253,0.37778,0.9725,0.95,0.17118,0.02857,0,0.56422,0,0,0,0
Rajkot,0,1.1,0.5,2.72,7.2,0.139,134,3,38.8,57.3,30.7,0.0,0.00364,0.00325,0.37825,0.13854,0.665,0.85,0,0.08571,0.46614,0.53289,0,0,0,0
Bhuj,0,4.0,0.4,1.8,5.8,0.102,110,4,41.9,35.6,37.9,1.0,0.01329,0.00301,0.31061,0.10202,0.725,0.8,0,0.11429,0.19532,0.89613,0,0,0,0
Surat,1,56.8,32.8,6.61,9.4,0.888,13,1,89.1,32.4,23.9,1.0,0.18943,0.23441,0.70351,0.88788,0.9675,0.95,0.7811,0.02857,0.15532,0.19591,1,0,0,0
Rajkot,1,40.4,26.1,3.93,7.2,0.648,134,3,80.6,17.3,27.8,0.0,0.13461,0.18629,0.54526,0.64767,0.665,0.85,0.61205,0.08571,0,0.39134,0,0,0,0
Jamnagar,1,30.5,12.9,3.91,6.5,0.785,20,2,70.5,27.9,24.0,1.0,0.10181,0.09195,0.60208,0.78523,0.95,0.9,0.41098,0.05714,0.09879,0.2015,0,0,0,0
Ahmedabad,1,41.9,30.3,5.18,8.5,0.666,53,2,89.5,19.5,24.3,0.0,0.13959,0.2164,0.60914,0.66629,0.8675,0.9,0.78973,0.05714,0,0.21489,0,0,0,0
Bhuj,1,3.0,1.5,2.31,5.8,0.454,110,4,79.9,12.7,26.2,1.0,0.01015,0.0105,0.39816,0.45362,0.725,0.8,0.59817,0.11429,0,0.31003,1,0,0,0
Bhuj,1,7.6,0.8,1.94,5.8,0.392,110,4,91.1,16.3,28.0,1.0,0.02529,0.00561,0.33517,0.39182,0.725,0.8,0.82267,0.11429,0,0.39958,0,0,0,0
Porbandar,1,63.7,37.2,4.19,6.2,0.757,8,1,83.6,12.3,26.3,1.0,0.21234,0.26605,0.67633,0.7574,0.98,0.95,0.67223,0.02857,0,0.31613,0,0,0,0
Navsari,0,7.2,0.7,3.14,7.3,0.532,11,1,52.0,19.5,30.6,1.0,0.02403,0.00501,0.43042,0.53217,0.9725,0.95,0.04083,0.02857,0,0.52952,0,0,0,1
Bhavnagar,1,37.0,7.6,4.41,7.4,0.585,24,2,81.3,11.5,27.6,1.0,0.12317,0.05408,0.59558,0.58499,0.94,0.9,0.62523,0.05714,0,0.38237,0,0,0,0
Bhavnagar,0,3.6,0.2,3.14,7.4,0.3,24,2,49.4,27.8,32.4,1.0,0.01186,0.00169,0.42465,0.29978,0.94,0.9,0,0.05714,0.09779,0.61867,0,0,0,0
Bhavnagar,0,3.6,2.3,3.14,7.4,0.368,24,2,58.0,38.4,30.6,1.0,0.01209,0.01649,0.42447,0.36757,0.94,0.9,0.159,0.05714,0.2303,0.53031,0,0,0,0
Ahmedabad,1,53.6,34.9,5.28,8.5,0.843,53,2,88.7,29.2,25.5,0.0,0.17871,0.24957,0.62155,0.84304,0.8675,0.9,0.77344,0.05714,0.11485,0.27328,0,0,0,0
Rajkot,1,6.3,3.0,3.31,7.2,0.579,134,3,80.2,3.8,25.5,0.0,0.02112,0.02171,0.4604,0.57868,0.665,0.85,0.60328,0.08571,0,0.2748,0,0,0,1
Vadodara,1,14.4,3.7,4.04,8.0,0.805,39,2,73.5,8.0,27.6,0.0,0.04805,0.0267,0.50504,0.80521,0.9025,0.9,0.46924,0.05714,0,0.38128,1,0,0,0
Porbandar,0,9.4,1.7,2.55,6.2,0.387,8,1,37.4,8.8,34.6,1.0,0.03128,0.01211,0.41143,0.38656,0.98,0.95,0,0.02857,0,0.72912,0,0,0,0
Valsad,0,1.6,0.9,3.01,7.0,0.477,12,2,40.5,48.1,35.1,1.0,0.00535,0.00656,0.42948,0.47746,0.97,0.9,0,0.05714,0.35101,0.75578,0,0,0,0
Bhuj,1,7.9,2.7,1.8,5.8,0.4,110,4,75.3,9.7,24.9,1.0,0.02637,0.01962,0.31,0.39992,0.725,0.8,0.50503,0.11429,0,0.24291,0,0,0,0
Bhavnagar,0,2.7,1.1,2.17,7.4,0.262,24,2,57.3,17.4,31.1,1.0,0.00903,0.0081,0.29377,0.2617,0.94,0.9,0.14507,0.05714,0,0.55394,0,0,0,0
Surat,1,89.1,60.6,7.25,9.4,1.0,13,1,69.3,39.2,25.3,1.0,0.29688,0.43315,0.77079,1.0,0.9675,0.95,0.38577,0.02857,0.23938,0.2668,0,0,1,1
Patan,1,13.0,5.4,3.56,6.0,0.518,70,1,76.7,37.1,28.0,0.0,0.04347,0.03835,0.59358,0.51826,0.825,0.95,0.53364,0.02857,0.21435,0.39969,1,0,0,0
Navsari,1,75.2,16.6,4.93,7.3,0.888,11,1,93.0,24.8,28.0,1.0,0.25056,0.11848,0.67501,0.8881,0.9725,0.95,0.86031,0.02857,0.06001,0.40122,1,0,0,0
Rajkot,1,6.7,1.6,3.7,7.2,0.578,134,3,63.9,6.1,24.5,0.0,0.02242,0.0111,0.51399,0.57784,0.665,0.85,0.27749,0.08571,0,0.22269,0,0,0,1
Rajkot,0,5.7,3.5,2.15,7.2,0.132,134,3,55.2,20.2,33.7,0.0,0.01902,0.02494,0.29926,0.13209,0.665,0.85,0.10335,0.08571,0.00241,0.68592,0,0,0,0
Surat,0,7.0,3.0,5.0,9.4,0.535,13,1,51.6,5.0,35.2,1.0,0.02338,0.02125,0.53232,0.53544,0.9675,0.95,0.03199,0.02857,0,0.75899,0,0,0,0
Jamnagar,1,13.4,6.1,2.82,6.5,0.556,20,2,83.2,13.4,24.1,1.0,0.04459,0.04324,0.43449,0.55553,0.95,0.9,0.66348,0.05714,0,0.20552,0,0,0,0
Bhuj,1,9.1,4.1,2.56,5.8,0.394,110,4,80.9,20.5,28.8,1.0,0.0305,0.02913,0.44097,0.39358,0.725,0.8,0.6183,0.11429,0.00659,0.43799,0,0,0,0
Rajkot,1,49.5,11.7,3.24,7.2,0.51,134,3,88.1,28.3,24.3,0.0,0.16512,0.08353,0.44984,0.51008,0.665,0.85,0.76153,0.08571,0.10351,0.2139,0,0,0,0
Rajkot,1,11.4,3.1,3.43,7.2,0.491,134,3,75.5,30.1,26.9,0.0,0.03804,0.02233,0.47577,0.4907,0.665,0.85,0.50997,0.08571,0.12604,0.34598,1,0,0,0
Navsari,0,2.8,0.5,3.36,7.3,0.57,11,1,37.9,24.1,32.6,1.0,0.00918,0.00359,0.45965,0.57046,0.9725,0.95,0,0.02857,0.05182,0.63232,0,0,0,0
Dang,1,16.9,11.1,3.97,6.4,0.925,975,27,78.6,15.1,25.1,0.0,0.05645,0.07963,0.6207,0.92464,0,0,0.57222,0.77143,0,0.25668,0,0,0,0
Patan,0,2.1,1.1,2.58,6.0,0.168,70,1,60.3,11.1,34.1,0.0,0.00705,0.00755,0.42998,0.168,0.825,0.95,0.20681,0.02857,0,0.70266,0,0,0,0
Valsad,0,2.0,0.4,2.89,7.0,0.447,12,2,47.1,7.6,31.8,1.0,0.00655,0.00283,0.41241,0.44713,0.97,0.9,0,0.05714,0,0.59046,0,0,0,0
Navsari,0,4.8,3.5,2.46,7.3,0.441,11,1,52.4,11.7,33.4,1.0,0.01605,0.02467,0.3365,0.44127,0.9725,0.95,0.04854,0.02857,0,0.66969,1,0,0,0
Porbandar,0,6.8,3.7,3.05,6.2,0.394,8,1,51.1,20.8,31.3,1.0,0.02278,0.02624,0.49158,0.39379,0.98,0.95,0.02134,0.02857,0.01017,0.56578,0,0,0,0
Rajkot,0,4.2,1.5,2.55,7.2,0.211,134,3,58.9,12.5,30.3,0.0,0.01396,0.01099,0.35393,0.21104,0.665,0.85,0.17884,0.08571,0,0.51331,0,0,0,0
Bhavnagar,1,9.5,2.6,3.59,7.4,0.698,24,2,80.8,7.8,26.5,1.0,0.03171,0.01877,0.48516,0.69827,0.94,0.9,0.61637,0.05714,0,0.32484,0,0,0,0
Bhavnagar,1,27.6,16.5,3.55,7.4,0.7,24,2,82.9,8.8,24.7,1.0,0.09216,0.11774,0.47933,0.70023,0.94,0.9,0.65744,0.05714,0,0.23518,1,0,0,0
Bhuj,0,9.4,5.1,1.35,5.8,0.047,110,4,50.5,10.6,31.9,1.0,0.03126,0.03668,0.23222,0.04701,0.725,0.8,0.01008,0.11429,0,0.59492,0,0,0,0
Ahmedabad,0,5.6,0.3,3.55,8.5,0.539,53,2,47.2,6.4,29.8,0.0,0.01882,0.00247,0.41711,0.53858,0.8675,0.9,0,0.05714,0,0.49138,0,0,0,0
Jamnagar,1,20.6,7.6,2.27,6.5,0.687,20,2,86.0,88.8,30.4,1.0,0.06858,0.05418,0.3489,0.68653,0.95,0.9,0.72097,0.05714,0.86051,0.52092,0,0,1,0
Porbandar,1,65.1,7.3,3.25,6.2,0.675,8,1,80.8,5.4,26.3,1.0,0.21709,0.05191,0.52495,0.67543,0.98,0.95,0.61627,0.02857,0,0.31607,0,0,0,1
Navsari,0,0.4,0.1,4.52,7.3,0.626,11,1,47.8,34.0,33.3,1.0,0.0012,0.001,0.61877,0.62641,0.9725,0.95,0,0.02857,0.17453,0.66273,0,0,0,0
Jamnagar,1,66.2,13.2,2.97,6.5,0.764,20,2,72.3,32.4,24.0,1.0,0.22055,0.09457,0.45656,0.76367,0.95,0.9,0.44556,0.05714,0.15533,0.20066,1,0,0,0
Vadodara,0,10.0,3.5,2.9,8.0,0.448,39,2,52.1,8.0,31.9,0.0,0.03346,0.02471,0.36272,0.44751,0.9025,0.9,0.04116,0.05714,0,0.59254,0,0,0,0
Bhavnagar,1,11.6,4.9,3.75,7.4,0.77,24,2,76.0,41.1,25.0,1.0,0.03855,0.03498,0.50647,0.76964,0.94,0.9,0.52005,0.05714,0.26396,0.24972,0,0,0,0
Ahmedabad,0,0.3,0.2,2.82,8.5,0.474,53,2,51.0,2,32.5,0.0,0.00099,0.00134,0.33196,0.4738,0.8675,0.9,0.01962,0.05714,0,0.6259,0,0,0,0
Vadodara,1,14.4,3.8,4.46,8.0,0.698,39,2,76.8,22.8,24.1,0.0,0.04802,0.02692,0.55701,0.69819,0.9025,0.9,0.5366,0.05714,0.03515,0.20599,1,0,0,0
Dang,1,27.1,9.4,3.4,6.4,0.864,975,27,73.8,12.2,25.3,0.0,0.09042,0.06696,0.53148,0.86351,0,0,0.47568,0.77143,0,0.2655,0,0,0,0
Rajkot,1,17.6,5.7,4.85,7.2,0.48,134,3,86.5,26.3,27.2,0.0,0.05857,0.04046,0.67295,0.47999,0.665,0.85,0.73085,0.08571,0.07898,0.35878,0,0,0,0
Patan,1,25.5,4.5,2.79,6.0,0.571,70,1,75.1,16.7,27.0,0.0,0.08503,0.03214,0.46481,0.57076,0.825,0.95,0.50286,0.02857,0,0.35002,0,0,0,0
Patan,1,7.1,2.1,2.97,6.0,0.511,70,1,86.5,22.3,30.7,0.0,0.0236,0.01492,0.49438,0.5109,0.825,0.95,0.7294,0.02857,0.02892,0.53596,1,0,0,0
Patan,1,39.4,12.2,3.28,6.0,0.62,70,1,89.4,38.7,28.7,0.0,0.13144,0.08741,0.54595,0.62027,0.825,0.95,0.78715,0.02857,0.23419,0.43652,1,0,0,0
Bhavnagar,0,10.0,7.0,3.32,7.4,0.345,24,2,64.6,47.8,29.8,1.0,0.0333,0.0499,0.44855,0.34472,0.94,0.9,0.29135,0.05714,0.34774,0.49058,0,0,0,0
Dang,1,92.8,43.3,4.36,6.4,0.88,975,27,80.9,11.3,24.2,0.0,0.30943,0.3094,0.68121,0.8804,0,0,0.61799,0.77143,0,0.21109,1,1,0,0
Navsari,1,62.3,22.3,4.84,7.3,1.0,11,1,75.3,13.5,27.0,1.0,0.20769,0.15916,0.66343,1.0,0.9725,0.95,0.506,0.02857,0,0.35224,1,0,0,0
Valsad,0,3.8,1.6,2.87,7.0,0.541,12,2,43.4,19.9,32.5,1.0,0.01255,0.01176,0.41006,0.54112,0.97,0.9,0,0.05714,0,0.62408,1,0,0,0
Dang,1,14.5,10.2,3.32,6.4,0.774,975,27,74.5,87.6,27.8,0.0,0.04847,0.07319,0.5189,0.77378,0,0,0.48942,0.77143,0.84561,0.38795,0,0,1,0
Porbandar,0,7.5,2.9,2.47,6.2,0.408,8,1,54.8,16.9,34.4,1.0,0.02498,0.02103,0.39866,0.40843,0.98,0.95,0.09591,0.02857,0,0.71968,0,0,0,0
Dang,0,0.3,0.1,3.13,6.4,0.51,975,27,55.2,7.9,33.6,0.0,0.00098,0.00071,0.48949,0.50991,0,0,0.10495,0.77143,0,0.68028,0,0,0,0
Ahmedabad,1,72.0,6.7,5.69,8.5,0.797,53,2,89.8,5.9,28.5,0.0,0.24007,0.04781,0.6694,0.79698,0.8675,0.9,0.79653,0.05714,0,0.42527,1,0,0,0
Surat,1,37.6,13.0,5.84,9.4,0.939,13,1,86.9,27.1,25.6,1.0,0.12538,0.09292,0.6213,0.93927,0.9675,0.95,0.73745,0.02857,0.08847,0.28171,0,0,0,0
Bhuj,0,3.9,0.8,1.49,5.8,0.092,110,4,42.9,14.7,28.5,1.0,0.01289,0.00561,0.25647,0.0917,0.725,0.8,0,0.11429,0,0.42594,0,0,0,0
Bhavnagar,1,11.5,5.7,3.33,7.4,0.646,24,2,82.6,55.5,27.6,1.0,0.03834,0.04049,0.45042,0.64628,0.94,0.9,0.65134,0.05714,0.44358,0.38207,0,0,1,0
Bhavnagar,1,74.4,35.6,5.91,7.4,0.847,24,2,90.5,3.3,24.5,1.0,0.24794,0.25408,0.79901,0.84651,0.94,0.9,0.81062,0.05714,0,0.22252,1,0,0,1
Patan,1,7.7,3.5,2.1,6.0,0.587,70,1,77.6,44.9,26.9,0.0,0.02567,0.02484,0.34942,0.587,0.825,0.95,0.55231,0.02857,0.31145,0.34251,0,0,0,0
Patan,1,28.8,16.4,2.89,6.0,0.409,70,1,74.3,23.0,25.8,0.0,0.09589,0.11738,0.4823,0.40863,0.825,0.95,0.48534,0.02857,0.03707,0.29134,1,0,0,0
Bhavnagar,1,51.7,16.7,3.59,7.4,0.796,24,2,84.1,8.8,30.6,1.0,0.1724,0.11906,0.48454,0.79635,0.94,0.9,0.6828,0.05714,0,0.52908,1,0,0,0
Ahmedabad,1,23.0,2.3,4.45,8.5,0.802,53,2,90.0,20.4,25.6,0.0,0.07653,0.01619,0.52367,0.80233,0.8675,0.9,0.80058,0.05714,0.00561,0.28234,0,0,0,0
Vadodara,1,40.5,22.4,4.32,8.0,0.685,39,2,78.6,9.0,28.8,0.0,0.13498,0.16003,0.53958,0.68491,0.9025,0.9,0.57113,0.05714,0,0.43901,1,0,0,0
Rajkot,0,0.5,0.4,3.04,7.2,0.285,134,3,49.2,48.0,29.8,0.0,0.00165,0.00301,0.4218,0.28467,0.665,0.85,0,0.08571,0.34983,0.48781,0,0,0,0
Surat,1,28.5,24.2,5.79,9.4,0.871,13,1,91.3,6.7,25.0,1.0,0.0951,0.17321,0.61576,0.87113,0.9675,0.95,0.82644,0.02857,0,0.24921,1,0,0,0
Porbandar,1,2.6,0.5,3.27,6.2,0.749,8,1,82.6,10.0,26.5,1.0,0.00864,0.00391,0.52685,0.74869,0.98,0.95,0.6513,0.02857,0,0.32534,1,0,1,0
Rajkot,0,6.1,5.2,2.38,7.2,0.294,134,3,52.6,19.4,30.4,0.0,0.02036,0.03708,0.33084,0.29394,0.665,0.85,0.05214,0.08571,0,0.51994,0,0,0,0
Ahmedabad,1,38.3,3.6,5.19,8.5,0.752,53,2,77.5,7.9,28.7,0.0,0.12779,0.02585,0.61041,0.75202,0.8675,0.9,0.55065,0.05714,0,0.4352,1,0,0,0
Valsad,1,62.1,35.2,5.12,7.0,0.868,12,2,82.7,3.2,22.7,1.0,0.20691,0.25163,0.73098,0.86808,0.97,0.9,0.65349,0.05714,0,0.13494,1,0,0,0
Navsari,1,36.9,12.6,4.91,7.3,0.932,11,1,88.0,22.8,25.8,1.0,0.123,0.08986,0.67272,0.93162,0.9725,0.95,0.75987,0.02857,0.03512,0.28935,0,0,1,0
Bhuj,0,0.3,0.3,2.0,5.8,0.155,110,4,50.9,8.1,34.1,1.0,0.00111,0.00201,0.34539,0.15537,0.725,0.8,0.01794,0.11429,0,0.70534,0,0,0,0
Jamnagar,1,64.1,21.0,3.42,6.5,0.694,20,2,81.1,15.0,23.8,1.0,0.21373,0.15002,0.52608,0.69407,0.95,0.9,0.62139,0.05714,0,0.18956,1,0,0,0
Porbandar,1,37.7,9.7,2.74,6.2,0.539,8,1,86.3,28.5,26.4,1.0,0.12577,0.06934,0.44159,0.53906,0.98,0.95,0.72622,0.02857,0.1058,0.31807,1,0,0,0
Surat,1,23.4,10.8,5.87,9.4,0.76,13,1,76.9,23.8,24.4,1.0,0.07804,0.07729,0.62396,0.76042,0.9675,0.95,0.53715,0.02857,0.04727,0.22239,1,0,0,0
Patan,1,1.7,0.7,3.47,6.0,0.432,70,1,77.4,3.4,30.9,0.0,0.00566,0.00533,0.5779,0.43159,0.825,0.95,0.54778,0.02857,0,0.54656,0,0,0,0
Porbandar,0,2.8,2.2,2.39,6.2,0.458,8,1,55.3,25.6,31.5,1.0,0.00921,0.01586,0.38627,0.45834,0.98,0.95,0.10668,0.02857,0.07025,0.57579,0,0,0,0
Bhavnagar,0,6.0,4.5,2.11,7.4,0.381,24,2,55.1,22.2,32.2,1.0,0.02012,0.03192,0.28462,0.38061,0.94,0.9,0.10114,0.05714,0.02796,0.61193,0,0,0,0
Surat,1,64.9,20.9,5.74,9.4,0.955,13,1,84.7,47.3,26.0,1.0,0.21647,0.14895,0.61048,0.95494,0.9675,0.95,0.69301,0.02857,0.34129,0.29782,1,0,0,0
Bhuj,1,10.3,7.6,2.2,5.8,0.378,110,4,71.8,7.6,28.8,1.0,0.03417,0.05408,0.37885,0.37813,0.725,0.8,0.43641,0.11429,0,0.44018,0,0,0,0
Patan,1,41.8,24.1,3.65,6.0,0.554,70,1,77.4,12.6,26.4,0.0,0.13933,0.17183,0.60818,0.5539,0.825,0.95,0.54724,0.02857,0,0.31952,0,0,0,0
Dang,1,28.7,8.3,4.11,6.4,0.993,975,27,69.0,27.9,29.7,0.0,0.0957,0.05931,0.64205,0.99348,0,0,0.38034,0.77143,0.0988,0.48702,0,0,0,0
Bhavnagar,0,9.8,3.1,2.48,7.4,0.192,24,2,52.0,20.3,32.9,1.0,0.03267,0.02228,0.33515,0.19206,0.94,0.9,0.04011,0.05714,0.00366,0.64519,0,0,0,0
Vadodara,1,1.4,0.1,3.67,8.0,0.664,39,2,76.3,25.3,25.3,0.0,0.00465,0.00106,0.4586,0.66364,0.9025,0.9,0.5267,0.05714,0.0664,0.26302,0,0,0,0
Ahmedabad,0,5.1,1.4,4.33,8.5,0.421,53,2,59.1,4.6,34.4,0.0,0.01703,0.0098,0.50925,0.42141,0.8675,0.9,0.18131,0.05714,0,0.72082,0,0,0,0
Porbandar,1,20.0,6.1,3.83,6.2,0.582,8,1,93.3,6.1,28.8,1.0,0.06669,0.04383,0.61808,0.58236,0.98,0.95,0.86681,0.02857,0,0.43979,0,0,0,0
Rajkot,1,13.9,10.4,3.3,7.2,0.573,134,3,91.8,15.7,27.5,0.0,0.04624,0.07442,0.45818,0.57276,0.665,0.85,0.83603,0.08571,0,0.37383,0,0,0,1
Vadodara,1,16.0,12.1,3.88,8.0,0.776,39,2,80.0,19.8,28.8,0.0,0.05349,0.08647,0.48442,0.77589,0.9025,0.9,0.60076,0.05714,0,0.43939,0,0,0,0
Porbandar,1,39.1,21.4,3.91,6.2,0.793,8,1,83.3,30.5,24.1,1.0,0.13018,0.15272,0.63073,0.79263,0.98,0.95,0.6666,0.02857,0.13073,0.20432,0,0,0,0
Navsari,1,4.8,1.1,3.12,7.3,0.897,11,1,98.3,12.9,25.4,1.0,0.01596,0.00756,0.42799,0.89745,0.9725,0.95,0.96525,0.02857,0,0.27234,0,0,0,0
Vadodara,1,17.3,5.5,4.3,8.0,0.911,39,2,76.9,48.7,28.1,0.0,0.05779,0.03936,0.53702,0.91089,0.9025,0.9,0.53744,0.05714,0.35823,0.40703,0,0,0,0
Porbandar,1,33.8,22.6,3.04,6.2,0.737,8,1,81.4,37.3,25.9,1.0,0.11267,0.1614,0.49019,0.73687,0.98,0.95,0.6287,0.02857,0.21625,0.29596,0,0,0,0
Jamnagar,1,9.6,5.4,2.93,6.5,0.629,20,2,62.5,22.9,28.0,1.0,0.0319,0.03862,0.451,0.62856,0.95,0.9,0.24906,0.05714,0.03622,0.4024,0,0,0,0
Porbandar,1,34.5,14.7,3.23,6.2,0.658,8,1,80.2,24.2,24.7,1.0,0.11504,0.10521,0.52032,0.65792,0.98,0.95,0.605,0.02857,0.05193,0.2355,0,0,0,0
Porbandar,1,1.2,0.4,3.55,6.2,0.685,8,1,84.7,32.6,31.6,1.0,0.00405,0.00312,0.57234,0.68533,0.98,0.95,0.69481,0.02857,0.15745,0.5797,0,0,0,0
Dang,0,6.8,0.4,3.35,6.4,0.623,975,27,61.3,50.6,33.2,0.0,0.02252,0.00287,0.52324,0.62331,0,0,0.22675,0.77143,0.38214,0.65826,0,0,0,0
Rajkot,1,62.3,18.3,4.14,7.2,0.654,134,3,90.0,20.1,24.5,0.0,0.20753,0.13066,0.57565,0.65407,0.665,0.85,0.80091,0.08571,0.00177,0.22394,0,0,0,0
Patan,1,2.6,0.3,2.04,6.0,0.589,70,1,97.3,23.7,28.9,0.0,0.00869,0.00239,0.34027,0.58942,0.825,0.95,0.94573,0.02857,0.04659,0.44296,0,0,0,0
Bhavnagar,1,15.4,10.4,2.84,7.4,0.581,24,2,77.9,17.4,25.2,1.0,0.05126,0.07407,0.38331,0.5813,0.94,0.9,0.55873,0.05714,0,0.2579,0,0,0,0
Jamnagar,1,15.7,4.6,3.54,6.5,0.757,20,2,83.6,12.5,29.4,1.0,0.05219,0.03311,0.54444,0.75733,0.95,0.9,0.6726,0.05714,0,0.4721,1,0,0,0
Bhavnagar,0,1.0,0.3,2.98,7.4,0.321,24,2,51.6,8.8,29.8,1.0,0.0032,0.00229,0.40222,0.32138,0.94,0.9,0.03124,0.05714,0,0.48822,0,0,0,0
Dang,1,43.7,29.6,3.33,6.4,0.95,975,27,93.9,10.6,27.9,0.0,0.14576,0.21135,0.51992,0.95035,0,0,0.87775,0.77143,0,0.39512,0,0,0,0
Bhuj,0,6.8,2.7,2.13,5.8,0.148,110,4,71.9,9.1,35.9,1.0,0.02252,0.01919,0.36773,0.14839,0.725,0.8,0.43814,0.11429,0,0.79621,1,0,0,0
Jamnagar,1,78.3,21.6,4.21,6.5,0.776,20,2,88.2,3.5,24.0,1.0,0.26105,0.15449,0.64719,0.776,0.95,0.9,0.76334,0.05714,0,0.20125,0,0,0,0
Patan,1,11.4,5.4,2.55,6.0,0.695,70,1,93.8,10.3,26.0,0.0,0.03786,0.03878,0.42452,0.69535,0.825,0.95,0.87698,0.02857,0,0.30014,0,0,0,0
Porbandar,1,47.9,28.6,4.35,6.2,0.819,8,1,79.5,8.7,27.1,1.0,0.15961,0.204,0.70218,0.81899,0.98,0.95,0.58982,0.02857,0,0.35745,0,0,0,0
Patan,1,21.0,13.6,2.23,6.0,0.555,70,1,72.6,4.1,24.2,0.0,0.07013,0.09741,0.37218,0.55539,0.825,0.95,0.45108,0.02857,0,0.20891,0,0,0,1
Patan,1,44.7,22.9,3.08,6.0,0.523,70,1,72.8,30.9,25.6,0.0,0.1491,0.16362,0.51412,0.52289,0.825,0.95,0.45581,0.02857,0.13595,0.28162,1,0,0,0
Dang,0,9.4,6.1,3.16,6.4,0.658,975,27,40.0,5.1,34.3,0.0,0.0312,0.04335,0.49398,0.65801,0,0,0,0.77143,0,0.71389,0,0,0,0
Bhuj,1,23.8,2.9,3.28,5.8,0.426,110,4,67.2,12.1,29.0,1.0,0.07919,0.02039,0.56615,0.42596,0.725,0.8,0.34405,0.11429,0,0.44981,0,0,0,0
Surat,0,12.7,8.3,4.55,9.4,0.609,13,1,49.1,52.5,28.6,1.0,0.04237,0.05894,0.48441,0.60906,0.9675,0.95,0,0.02857,0.40627,0.42781,0,0,0,0
Vadodara,1,17.4,5.3,3.98,8.0,0.657,39,2,89.4,40.3,27.6,0.0,0.05801,0.03795,0.49742,0.65749,0.9025,0.9,0.78899,0.05714,0.25393,0.37803,0,0,0,0
Jamnagar,1,16.6,7.5,2.25,6.5,0.547,20,2,74.5,26.6,30.4,1.0,0.05531,0.05372,0.3457,0.54663,0.95,0.9,0.49,0.05714,0.08202,0.51925,0,0,0,1
Ahmedabad,1,118.0,53.2,7.1,8.5,0.975,53,2,100,3.8,26.7,0.0,0.3933,0.38006,0.83549,0.97487,0.8675,0.9,1,0.05714,0,0.33526,1,0,0,0
Porbandar,0,6.8,1.0,2.3,6.2,0.352,8,1,49.8,9.0,30.4,1.0,0.02264,0.00735,0.37152,0.35169,0.98,0.95,0,0.02857,0,0.5208,0,0,0,0
Dang,0,18.2,7.0,3.53,6.4,0.667,975,27,47.8,19.5,34.0,0.0,0.06055,0.04991,0.55193,0.66679,0,0,0,0.77143,0,0.69904,0,0,0,0
Porbandar,1,24.8,6.3,4.0,6.2,0.672,8,1,71.1,25.2,22.1,1.0,0.08251,0.04508,0.64591,0.67207,0.98,0.95,0.42201,0.02857,0.06506,0.10343,0,0,0,0
Ahmedabad,1,18.2,15.5,3.82,8.5,0.761,53,2,77.7,22.3,30.3,0.0,0.06083,0.11079,0.44909,0.76146,0.8675,0.9,0.55476,0.05714,0.02897,0.5172,0,0,0,0
Bhavnagar,1,11.0,5.8,4.52,7.4,0.671,24,2,64.1,6.5,26.6,1.0,0.03667,0.04155,0.61039,0.67067,0.94,0.9,0.28153,0.05714,0,0.32806,0,0,0,0
Bhavnagar,0,5.9,4.2,2.77,7.4,0.447,24,2,39.1,36.8,33.3,1.0,0.01952,0.03005,0.37495,0.44707,0.94,0.9,0,0.05714,0.21038,0.66361,0,0,0,0
Porbandar,1,61.0,19.3,3.94,6.2,0.861,8,1,90.9,33.3,24.4,1.0,0.20334,0.1376,0.63527,0.86072,0.98,0.95,0.81783,0.02857,0.16595,0.21866,1,0,1,0
Dang,0,11.4,5.8,2.34,6.4,0.508,975,27,66.1,16.4,35.9,0.0,0.03799,0.04153,0.36545,0.50753,0,0,0.32138,0.77143,0,0.79478,0,0,0,0
Valsad,1,62.0,42.4,4.93,7.0,1.0,12,2,88.3,8.9,24.0,1.0,0.20659,0.30314,0.70417,1.0,0.97,0.9,0.76553,0.05714,0,0.19758,1,0,0,0
Dang,1,107.6,63.0,5.82,6.4,1.0,975,27,87.5,17.4,26.7,0.0,0.3586,0.45004,0.90878,1.0,0,0,0.74945,0.77143,0,0.33635,0,1,0,0
Ahmedabad,1,22.3,6.6,4.57,8.5,0.839,53,2,75.1,18.5,29.6,0.0,0.07425,0.04711,0.53768,0.83922,0.8675,0.9,0.50236,0.05714,0,0.48116,1,0,0,0
Bhuj,0,1.1,0.3,1.79,5.8,0.108,110,4,51.6,21.0,30.8,1.0,0.00379,0.00217,0.30841,0.1077,0.725,0.8,0.03128,0.11429,0.01218,0.54079,0,0,0,0
Bhavnagar,1,15.3,6.2,3.46,7.4,0.683,24,2,80.7,9.4,26.1,1.0,0.05101,0.04436,0.46714,0.68292,0.94,0.9,0.61319,0.05714,0,0.30705,1,0,0,0
Bhavnagar,1,45.7,9.6,3.86,7.4,0.658,24,2,72.1,11.3,29.6,1.0,0.15222,0.06843,0.52214,0.65816,0.94,0.9,0.44158,0.05714,0,0.48226,1,0,0,0
Bhuj,1,4.5,0.5,2.9,5.8,0.566,110,4,83.4,52.6,29.3,1.0,0.01497,0.00383,0.50055,0.56573,0.725,0.8,0.66749,0.11429,0.40731,0.4637,0,0,1,0
Dang,1,100.9,12.6,4.99,6.4,0.996,975,27,82.7,15.5,29.7,0.0,0.33637,0.08981,0.77976,0.99598,0,0,0.65356,0.77143,0,0.48473,1,1,0,1
Vadodara,0,7.4,1.3,3.08,8.0,0.386,39,2,50.6,20.3,35.8,0.0,0.02465,0.00959,0.38556,0.38626,0.9025,0.9,0.01269,0.05714,0.004,0.78876,0,0,0,0
Porbandar,0,5.8,3.5,2.13,6.2,0.323,8,1,51.9,12.7,34.1,1.0,0.01935,0.02478,0.34357,0.32304,0.98,0.95,0.0384,0.02857,0,0.70699,0,0,0,0
Navsari,0,7.3,6.2,2.57,7.3,0.462,11,1,48.6,7.3,28.7,1.0,0.02439,0.04442,0.35269,0.46247,0.9725,0.95,0,0.02857,0,0.43447,0,0,0,0
Dang,1,32.5,18.0,3.46,6.4,0.867,975,27,83.9,9.3,23.8,0.0,0.10824,0.12873,0.54007,0.8668,0,0,0.67884,0.77143,0,0.1879,0,0,0,0
Navsari,0,16.9,11.4,4.05,7.3,0.638,11,1,51.7,21.1,31.6,1.0,0.05643,0.08178,0.55548,0.63751,0.9725,0.95,0.03494,0.02857,0.01317,0.57918,1,0,0,0
Valsad,1,195.3,90.4,7.76,7.0,1.0,12,2,95.6,23.6,24.0,1.0,0.65098,0.64596,1.10887,1.0,0.97,0.9,0.91151,0.05714,0.04521,0.19779,1,0,0,1
Jamnagar,0,1.9,0.2,2.79,6.5,0.344,20,2,69.9,6.0,35.7,1.0,0.00632,0.00166,0.42985,0.34392,0.95,0.9,0.39839,0.05714,0,0.78721,0,1,0,0
Patan,1,15.7,5.8,2.82,6.0,0.613,70,1,88.1,53.1,29.1,0.0,0.05238,0.04158,0.46943,0.61265,0.825,0.95,0.76186,0.02857,0.41361,0.45643,0,0,0,0
Patan,1,15.1,3.8,2.72,6.0,0.542,70,1,75.7,11.5,23.9,0.0,0.05043,0.02709,0.45359,0.54227,0.825,0.95,0.51437,0.02857,0,0.19324,0,0,0,0
Valsad,1,45.8,29.3,4.81,7.0,1.0,12,2,82.5,17.5,30.1,1.0,0.15274,0.20907,0.6877,1.0,0.97,0.9,0.65033,0.05714,0,0.50597,0,0,0,0
Ahmedabad,0,1.6,0.5,3.04,8.5,0.427,53,2,52.6,10.2,35.8,0.0,0.0054,0.00388,0.35756,0.42708,0.8675,0.9,0.05281,0.05714,0,0.79028,0,0,0,0
Rajkot,0,2.0,1.3,3.57,7.2,0.366,134,3,62.5,13.2,33.1,0.0,0.0068,0.00953,0.49628,0.36633,0.665,0.85,0.24929,0.08571,0,0.65692,0,0,0,0
Dang,1,38.2,11.5,4.17,6.4,0.876,975,27,81.0,31.5,29.9,0.0,0.12737,0.08236,0.65156,0.87582,0,0,0.61995,0.77143,0.14359,0.49719,0,0,0,0
Rajkot,1,25.9,10.5,3.07,7.2,0.577,134,3,74.1,36.7,24.5,0.0,0.08637,0.07528,0.42649,0.57717,0.665,0.85,0.48138,0.08571,0.20835,0.2231,0,0,0,0
Bhuj,0,2.0,1.2,0.99,5.8,0.091,110,4,59.5,20.1,31.7,1.0,0.00654,0.00868,0.17019,0.09105,0.725,0.8,0.19028,0.11429,0.00084,0.58498,0,0,0,0
Navsari,0,5.3,3.2,3.51,7.3,0.477,11,1,56.5,14.0,32.7,1.0,0.01777,0.02282,0.48078,0.4775,0.9725,0.95,0.13059,0.02857,0,0.63252,0,0,0,0
Rajkot,1,0.8,0.3,3.78,7.2,0.778,134,3,75.9,4.8,27.1,0.0,0.00278,0.00244,0.52459,0.77759,0.665,0.85,0.51742,0.08571,0,0.35571,0,0,1,0
Vadodara,1,74.5,21.5,5.45,8.0,0.781,39,2,84.8,20.1,27.7,0.0,0.24844,0.15361,0.6813,0.78055,0.9025,0.9,0.69562,0.05714,0.00084,0.38506,0,0,0,0
Rajkot,1,10.5,3.9,3.51,7.2,0.584,134,3,85.7,12.9,29.4,0.0,0.03512,0.02801,0.48736,0.58357,0.665,0.85,0.71494,0.08571,0,0.46793,0,0,0,0
Valsad,1,33.3,1.8,4.65,7.0,0.91,12,2,77.2,14.0,28.0,1.0,0.11101,0.01266,0.66421,0.90955,0.97,0.9,0.54393,0.05714,0,0.39813,0,0,0,0
Navsari,1,72.0,27.4,4.41,7.3,0.963,11,1,79.9,13.5,25.8,1.0,0.2399,0.196,0.60353,0.96281,0.9725,0.95,0.59876,0.02857,0,0.29169,1,0,0,1
Vadodara,1,16.1,8.5,3.75,8.0,0.604,39,2,87.8,8.8,26.0,0.0,0.0537,0.06049,0.46844,0.6042,0.9025,0.9,0.75519,0.05714,0,0.29999,0,0,0,0
Jamnagar,0,7.3,3.9,2.6,6.5,0.229,20,2,45.6,9.0,30.3,1.0,0.02448,0.0282,0.39947,0.22872,0.95,0.9,0,0.05714,0,0.51641,0,0,0,0
Ahmedabad,1,13.9,5.3,5.28,8.5,0.736,53,2,72.1,19.7,27.1,0.0,0.04644,0.03786,0.6206,0.73567,0.8675,0.9,0.44169,0.05714,0,0.35604,1,0,0,0
Patan,1,18.8,10.4,1.91,6.0,0.623,70,1,71.4,39.5,27.4,0.0,0.06279,0.07426,0.31898,0.62286,0.825,0.95,0.42707,0.02857,0.24321,0.36899,0,0,0,0
Patan,0,0.7,0.5,1.87,6.0,0.23,70,1,55.4,8.3,30.4,0.0,0.00228,0.00371,0.31138,0.2304,0.825,0.95,0.10782,0.02857,0,0.51758,0,0,0,0
Navsari,1,37.0,16.9,3.97,7.3,0.887,11,1,79.5,9.9,26.2,1.0,0.12324,0.12097,0.54437,0.88664,0.9725,0.95,0.58934,0.02857,0,0.30932,0,0,0,0
Vadodara,1,36.4,14.5,5.2,8.0,0.891,39,2,81.0,55.6,26.9,0.0,0.12133,0.10363,0.65045,0.89112,0.9025,0.9,0.61975,0.05714,0.44497,0.3449,0,0,0,0
Vadodara,1,27.1,5.3,5.39,8.0,0.768,39,2,82.6,5.7,28.7,0.0,0.09024,0.03759,0.67412,0.76803,0.9025,0.9,0.65179,0.05714,0,0.43294,1,0,0,0
Surat,1,71.7,18.0,6.95,9.4,0.917,13,1,98.4,8.0,23.3,1.0,0.23913,0.12873,0.73897,0.91653,0.9675,0.95,0.96786,0.02857,0,0.1654,0,0,0,1
Vadodara,1,109.8,86.9,6.56,8.0,0.821,39,2,90.5,17.9,26.2,0.0,0.36592,0.62079,0.82005,0.82127,0.9025,0.9,0.81004,0.05714,0,0.30965,0,0,0,0
Bhuj,0,2.3,0.5,1.64,5.8,0.099,110,4,56.8,29.0,30.6,1.0,0.00767,0.00374,0.28278,0.09873,0.725,0.8,0.13662,0.11429,0.11197,0.53126,0,0,0,0
Navsari,0,6.9,1.8,2.69,7.3,0.575,11,1,58.5,60.9,27.8,1.0,0.02295,0.01259,0.36834,0.57524,0.9725,0.95,0.17087,0.02857,0.51075,0.38798,1,0,0,0
Rajkot,0,4.3,1.3,2.24,7.2,0.161,134,3,52.6,4.9,33.5,0.0,0.01448,0.00958,0.31158,0.16084,0.665,0.85,0.05169,0.08571,0,0.67396,0,0,0,0
Valsad,0,2.1,1.1,2.63,7.0,0.563,12,2,51.4,17.3,33.0,1.0,0.00684,0.00821,0.37569,0.56335,0.97,0.9,0.02769,0.05714,0,0.64896,0,0,0,0
Vadodara,1,22.6,10.7,3.9,8.0,0.807,39,2,83.2,14.6,30.1,0.0,0.07546,0.07649,0.48807,0.80719,0.9025,0.9,0.66332,0.05714,0,0.50432,0,0,0,0
Porbandar,1,15.5,7.0,2.71,6.2,0.665,8,1,81.0,13.3,24.1,1.0,0.0516,0.05017,0.43686,0.66479,0.98,0.95,0.62061,0.02857,0,0.20551,0,0,0,0
Surat,1,21.5,6.5,6.2,9.4,0.949,13,1,69.5,4.1,25.1,1.0,0.07151,0.04626,0.6601,0.94912,0.9675,0.95,0.38984,0.02857,0,0.2546,0,0,0,0
Bhuj,0,3.8,2.0,2.2,5.8,0.134,110,4,57.8,2.4,34.6,1.0,0.01267,0.01424,0.37849,0.1339,0.725,0.8,0.15531,0.11429,0,0.72802,0,0,0,0
Bhavnagar,1,21.1,7.9,4.3,7.4,0.684,24,2,77.2,72.8,25.9,1.0,0.07026,0.05672,0.58078,0.68419,0.94,0.9,0.54312,0.05714,0.66035,0.29534,1,0,1,0
Jamnagar,1,22.3,4.1,3.39,6.5,0.659,20,2,85.4,75.9,24.9,1.0,0.07435,0.02905,0.52165,0.65936,0.95,0.9,0.70723,0.05714,0.69852,0.24339,0,0,0,0
Jamnagar,1,2.4,0.7,4.29,6.5,0.547,20,2,77.4,3.2,30.0,1.0,0.00794,0.00487,0.66004,0.54723,0.95,0.9,0.54831,0.05714,0,0.50092,0,0,0,0
Bhavnagar,1,57.7,13.5,4.24,7.4,0.711,24,2,88.1,37.2,23.3,1.0,0.19231,0.09623,0.57318,0.71051,0.94,0.9,0.76231,0.05714,0.21465,0.16519,1,0,1,0
Patan,1,57.6,10.3,4.2,6.0,0.58,70,1,81.3,22.8,28.8,0.0,0.19194,0.07325,0.69989,0.57985,0.825,0.95,0.62661,0.02857,0.03525,0.44025,0,0,0,0
Dang,1,13.7,5.1,4.17,6.4,0.958,975,27,71.1,8.6,28.0,0.0,0.04582,0.0363,0.65189,0.95778,0,0,0.42129,0.77143,0,0.40161,0,0,0,0
Vadodara,0,5.7,1.1,2.96,8.0,0.353,39,2,50.7,23.5,30.4,0.0,0.01908,0.00774,0.36947,0.35257,0.9025,0.9,0.0139,0.05714,0.04335,0.52237,0,0,0,0
Bhavnagar,1,13.5,5.3,4.02,7.4,0.588,24,2,82.1,13.0,27.0,1.0,0.04513,0.03805,0.54269,0.58834,0.94,0.9,0.64108,0.05714,0,0.34991,0,0,0,1
Jamnagar,0,5.0,2.8,2.84,6.5,0.22,20,2,57.6,31.3,34.5,1.0,0.01651,0.01974,0.43717,0.21962,0.95,0.9,0.15185,0.05714,0.141,0.72275,0,0,0,0
Patan,1,18.1,5.6,3.22,6.0,0.554,70,1,79.3,15.9,28.6,0.0,0.06045,0.03992,0.53636,0.55409,0.825,0.95,0.58548,0.02857,0,0.42857,1,0,0,0
Valsad,1,22.4,14.2,4.23,7.0,0.906,12,2,72.0,21.9,27.0,1.0,0.0745,0.10138,0.605,0.90641,0.97,0.9,0.44083,0.05714,0.02432,0.35184,1,0,0,0
Navsari,0,4.9,2.9,3.94,7.3,0.632,11,1,38.4,41.4,33.7,1.0,0.01644,0.02055,0.54009,0.63227,0.9725,0.95,0,0.02857,0.2679,0.68291,0,0,0,0
Dang,0,9.6,2.8,3.24,6.4,0.554,975,27,48.5,14.1,33.1,0.0,0.03183,0.02032,0.50665,0.5538,0,0,0,0.77143,0,0.65604,0,0,0,0
Jamnagar,1,26.0,9.1,3.69,6.5,0.554,20,2,80.7,19.4,24.9,1.0,0.08678,0.06535,0.56777,0.55433,0.95,0.9,0.61458,0.05714,0,0.24363,0,0,0,0
Dang,0,4.3,2.0,2.9,6.4,0.512,975,27,45.2,11.6,32.6,0.0,0.01417,0.01448,0.45288,0.51194,0,0,0,0.77143,0,0.62883,0,0,0,0
Bhavnagar,0,5.6,0.3,4.14,7.4,0.306,24,2,36.6,24.5,33.6,1.0,0.01877,0.00201,0.55901,0.3065,0.94,0.9,0,0.05714,0.05589,0.68059,0,0,0,0
Vadodara,1,10.1,4.7,4.66,8.0,0.838,39,2,86.3,4.1,31.2,0.0,0.03383,0.03335,0.58226,0.83778,0.9025,0.9,0.72683,0.05714,0,0.55947,0,0,0,1
Porbandar,0,3.6,2.0,1.05,6.2,0.371,8,1,59.3,26.6,33.6,1.0,0.01199,0.01408,0.16885,0.37133,0.98,0.95,0.18509,0.02857,0.0825,0.67946,0,0,0,0
Dang,0,10.0,5.8,3.02,6.4,0.498,975,27,42.6,13.3,33.3,0.0,0.03322,0.04173,0.47238,0.49836,0,0,0,0.77143,0,0.66483,0,0,0,0
Ahmedabad,1,66.4,16.7,5.51,8.5,0.814,53,2,82.4,14.7,23.7,0.0,0.22122,0.11914,0.64832,0.81374,0.8675,0.9,0.64797,0.05714,0,0.18712,1,0,0,0
Dang,1,94.1,54.9,5.4,6.4,1.0,975,27,88.3,5.1,23.8,0.0,0.31381,0.39212,0.84364,1.0,0,0,0.76677,0.77143,0,0.18813,0,1,0,0
Porbandar,0,2.0,0.7,3.03,6.2,0.444,8,1,47.4,31.1,27.3,1.0,0.00659,0.00525,0.48896,0.44417,0.98,0.95,0,0.02857,0.13914,0.36578,0,0,0,0
Vadodara,1,23.9,12.2,3.99,8.0,0.745,39,2,81.8,18.5,23.9,0.0,0.07972,0.08708,0.49827,0.74519,0.9025,0.9,0.63666,0.05714,0,0.19558,1,0,0,0
Patan,1,25.1,14.9,2.39,6.0,0.64,70,1,81.5,9.2,25.8,0.0,0.08362,0.1061,0.39757,0.64006,0.825,0.95,0.62935,0.02857,0,0.29045,1,0,0,0
Bhavnagar,1,8.8,2.9,3.29,7.4,0.691,24,2,75.9,2,25.0,1.0,0.02947,0.02058,0.44516,0.69078,0.94,0.9,0.51829,0.05714,0,0.25055,0,0,0,0
Valsad,1,7.2,3.4,4.93,7.0,0.872,12,2,76.2,2,25.3,1.0,0.02406,0.02394,0.70371,0.87158,0.97,0.9,0.52399,0.05714,0,0.26702,1,0,0,0
Bhavnagar,0,9.4,2.6,2.63,7.4,0.264,24,2,42.9,26.0,31.1,1.0,0.03136,0.01825,0.35565,0.26392,0.94,0.9,0,0.05714,0.07469,0.55615,0,0,0,0
Rajkot,1,31.9,14.4,3.3,7.2,0.593,134,3,87.6,12.9,24.3,0.0,0.10621,0.103,0.45783,0.59263,0.665,0.85,0.75125,0.08571,0,0.21392,1,0,0,0
Bhuj,1,4.0,3.0,3.22,5.8,0.385,110,4,68.7,47.7,31.0,1.0,0.01317,0.02114,0.55446,0.38539,0.725,0.8,0.37375,0.11429,0.34644,0.55075,0,0,1,0
Bhuj,1,6.4,2.5,3.11,5.8,0.545,110,4,72.5,2,26.6,1.0,0.02117,0.01752,0.53643,0.54502,0.725,0.8,0.44966,0.11429,0,0.32882,0,0,0,0
Surat,1,54.6,25.7,5.96,9.4,0.928,13,1,77.5,2.5,29.2,1.0,0.18199,0.1838,0.63374,0.92827,0.9675,0.95,0.54924,0.02857,0,0.45958,1,0,0,0
Navsari,1,113.2,19.8,6.45,7.3,0.961,11,1,89.8,46.6,25.5,1.0,0.37743,0.14139,0.88403,0.96059,0.9725,0.95,0.79693,0.02857,0.33197,0.27679,1,0,0,0
Valsad,1,35.1,11.6,4.23,7.0,0.833,12,2,83.2,27.8,25.4,1.0,0.11699,0.08277,0.60467,0.83297,0.97,0.9,0.66457,0.05714,0.09692,0.26864,1,0,0,0
Navsari,1,18.7,5.2,3.96,7.3,0.832,11,1,85.3,20.7,26.1,1.0,0.06239,0.03734,0.54295,0.83248,0.9725,0.95,0.70627,0.02857,0.00822,0.30728,0,0,0,0
Bhuj,1,7.9,4.4,3.27,5.8,0.424,110,4,66.3,37.0,25.6,1.0,0.02629,0.03142,0.5637,0.4241,0.725,0.8,0.32658,0.11429,0.21283,0.2788,0,0,0,0
Bhavnagar,1,21.1,6.7,3.99,7.4,0.797,24,2,88.4,7.0,26.9,1.0,0.0704,0.04788,0.53917,0.79698,0.94,0.9,0.76793,0.05714,0,0.34395,0,0,0,0
Bhavnagar,1,10.3,2.1,3.14,7.4,0.705,24,2,81.3,5.6,24.0,1.0,0.0342,0.0147,0.42371,0.70513,0.94,0.9,0.62607,0.05714,0,0.19892,0,0,0,0
Valsad,1,137.2,16.2,6.39,7.0,0.994,12,2,82.6,32.6,30.4,1.0,0.45746,0.11593,0.91301,0.99406,0.97,0.9,0.65189,0.05714,0.15776,0.52073,0,0,0,1
Ahmedabad,0,10.8,6.1,4.33,8.5,0.51,53,2,60.0,14.5,31.6,0.0,0.03589,0.04377,0.50921,0.50992,0.8675,0.9,0.19928,0.05714,0,0.57781,0,0,0,0
Surat,1,58.4,12.5,5.48,9.4,0.875,13,1,83.7,6.9,27.2,1.0,0.19475,0.08954,0.58267,0.8754,0.9675,0.95,0.67345,0.02857,0,0.36184,0,0,0,0
Bhavnagar,1,47.7,11.2,4.87,7.4,0.631,24,2,70.4,22.6,28.1,1.0,0.1589,0.08027,0.65783,0.63077,0.94,0.9,0.40733,0.05714,0.03274,0.40586,0,0,0,0
Jamnagar,0,8.2,4.8,2.53,6.5,0.304,20,2,67.7,7.1,34.0,1.0,0.02719,0.03394,0.3885,0.3043,0.95,0.9,0.35315,0.05714,0,0.70249,0,0,0,0
Dang,0,21.3,17.5,3.63,6.4,0.683,975,27,48.5,13.5,30.4,0.0,0.07084,0.12476,0.56747,0.68333,0,0,0,0.77143,0,0.52025,0,0,0,0
Bhuj,1,10.6,2.6,2.74,5.8,0.524,110,4,77.8,24.9,28.0,1.0,0.03535,0.01877,0.47301,0.52447,0.725,0.8,0.55525,0.11429,0.06157,0.39966,1,0,0,1
Jamnagar,1,38.3,12.0,3.2,6.5,0.701,20,2,78.1,10.4,22.7,1.0,0.1275,0.0857,0.49297,0.70054,0.95,0.9,0.56194,0.05714,0,0.13586,1,0,0,0
Valsad,0,8.1,4.0,3.4,7.0,0.648,12,2,66.0,23.1,33.3,1.0,0.02707,0.02848,0.48573,0.64843,0.97,0.9,0.31927,0.05714,0.03895,0.66507,0,0,0,0
Ahmedabad,1,56.9,37.7,5.37,8.5,0.762,53,2,83.0,14.8,22.7,0.0,0.18952,0.26943,0.632,0.76166,0.8675,0.9,0.65913,0.05714,0,0.13666,0,0,0,1
Patan,1,22.1,6.5,2.89,6.0,0.606,70,1,75.4,14.9,27.7,0.0,0.07357,0.04638,0.48232,0.6062,0.825,0.95,0.5083,0.02857,0,0.38715,0,0,0,0
Patan,0,1.7,0.6,2.12,6.0,0.181,70,1,35.9,21.9,32.1,0.0,0.00569,0.00456,0.35345,0.18104,0.825,0.95,0,0.02857,0.02347,0.60478,0,0,0,0
Porbandar,0,10.6,1.7,1.82,6.2,0.298,8,1,63.7,26.1,29.4,1.0,0.03536,0.01216,0.29311,0.29826,0.98,0.95,0.2746,0.02857,0.07581,0.46804,0,0,0,1
Surat,1,31.4,6.2,4.95,9.4,0.74,13,1,84.9,22.7,30.6,1.0,0.10459,0.04455,0.52652,0.73954,0.9675,0.95,0.69824,0.02857,0.03411,0.53044,1,0,0,0
Ahmedabad,1,42.5,2.6,5.69,8.5,0.852,53,2,87.0,20.3,23.6,0.0,0.14167,0.01882,0.66958,0.85168,0.8675,0.9,0.73916,0.05714,0.00334,0.18129,1,0,0,0
Navsari,0,2.4,0.4,3.0,7.3,0.496,11,1,56.4,44.6,33.9,1.0,0.00784,0.00289,0.41097,0.49617,0.9725,0.95,0.12868,0.02857,0.30763,0.69465,0,0,0,0
Surat,0,2.1,0.8,3.69,9.4,0.595,13,1,53.6,11.0,34.4,1.0,0.00694,0.00545,0.39294,0.59483,0.9675,0.95,0.07282,0.02857,0,0.71837,0,0,0,0
Rajkot,1,14.3,10.0,3.98,7.2,0.636,134,3,78.3,35.1,30.1,0.0,0.04767,0.07112,0.55285,0.63582,0.665,0.85,0.56688,0.08571,0.18927,0.50533,0,0,0,0
Rajkot,1,6.1,1.7,4.29,7.2,0.686,134,3,77.7,19.7,29.9,0.0,0.02026,0.01247,0.59567,0.68582,0.665,0.85,0.55441,0.08571,0,0.49651,0,0,0,0
Jamnagar,0,8.6,3.9,2.14,6.5,0.23,20,2,62.6,14.1,33.6,1.0,0.02878,0.02764,0.32999,0.23007,0.95,0.9,0.25224,0.05714,0,0.67761,0,0,0,1
Jamnagar,1,12.5,2.0,3.67,6.5,0.688,20,2,81.9,41.5,30.0,1.0,0.04156,0.0145,0.56528,0.68808,0.95,0.9,0.63739,0.05714,0.26864,0.50075,0,0,0,0
Porbandar,1,100.1,15.0,4.38,6.2,0.582,8,1,90.8,37.5,31.1,1.0,0.33362,0.10734,0.70579,0.58191,0.98,0.95,0.81579,0.02857,0.21853,0.5563,0,0,0,0
Rajkot,1,23.8,7.5,3.54,7.2,0.617,134,3,69.6,10.0,31.4,0.0,0.07939,0.05357,0.49162,0.61654,0.665,0.85,0.39243,0.08571,0,0.56773,1,0,0,0
Patan,1,14.7,9.3,2.54,6.0,0.517,70,1,87.8,15.5,30.0,0.0,0.04897,0.06632,0.42392,0.51674,0.825,0.95,0.75559,0.02857,0,0.50009,0,0,0,0
Rajkot,0,5.6,1.9,2.85,7.2,0.35,134,3,52.6,7.6,32.6,0.0,0.01866,0.01338,0.3955,0.34952,0.665,0.85,0.05238,0.08571,0,0.62878,0,0,0,0
Bhuj,0,3.6,0.9,2.62,5.8,0.146,110,4,65.0,4.2,30.0,1.0,0.0121,0.00638,0.45192,0.1461,0.725,0.8,0.29932,0.11429,0,0.50179,1,0,0,0
Dang,1,42.6,5.7,4.51,6.4,0.965,975,27,80.0,13.6,30.2,0.0,0.14211,0.04097,0.70527,0.9651,0,0,0.6,0.77143,0,0.51078,0,0,0,0
Dang,1,101.5,57.9,5.33,6.4,1.0,975,27,91.1,18.2,25.3,0.0,0.33832,0.41358,0.83206,1.0,0,0,0.82149,0.77143,0,0.26636,0,0,0,1
Valsad,1,88.2,55.2,5.69,7.0,0.915,12,2,79.7,98.7,23.4,1.0,0.2941,0.39421,0.81256,0.91511,0.97,0.9,0.59394,0.05714,0.98385,0.17015,0,0,1,0
Dang,0,22.9,14.8,2.99,6.4,0.594,975,27,51.0,34.4,35.0,0.0,0.07647,0.10576,0.46643,0.59352,0,0,0.02034,0.77143,0.17983,0.74887,0,1,0,0
Rajkot,0,7.7,5.4,3.1,7.2,0.323,134,3,60.5,28.0,34.0,0.0,0.02566,0.03836,0.43027,0.32322,0.665,0.85,0.21044,0.08571,0.09971,0.70084,0,0,1,0
Bhuj,0,4.9,2.8,2.28,5.8,0.02,110,4,51.2,15.7,34.5,1.0,0.01618,0.01974,0.39339,0.02,0.725,0.8,0.02328,0.11429,0,0.7274,0,0,0,0
Vadodara,0,2.5,1.2,2.74,8.0,0.403,39,2,39.9,3.1,35.2,0.0,0.00842,0.00831,0.34255,0.40288,0.9025,0.9,0,0.05714,0,0.76088,0,0,0,0
Valsad,0,3.2,1.1,2.49,7.0,0.594,12,2,58.3,4.6,35.3,1.0,0.01082,0.00787,0.35573,0.59418,0.97,0.9,0.16585,0.05714,0,0.76338,0,0,0,0
Dang,1,19.5,6.3,3.78,6.4,1.0,975,27,82.9,6.9,31.8,0.0,0.06487,0.04479,0.59016,1.0,0,0,0.6572,0.77143,0,0.59239,0,0,0,1
Jamnagar,1,22.9,4.7,3.18,6.5,0.669,20,2,72.0,13.5,30.7,1.0,0.07647,0.03385,0.48875,0.66884,0.95,0.9,0.44049,0.05714,0,0.53667,1,0,0,0
Patan,0,4.2,2.4,1.74,6.0,0.19,70,1,48.9,15.1,33.9,0.0,0.01408,0.01713,0.29055,0.19002,0.825,0.95,0,0.02857,0,0.6931,0,0,0,0
Dang,1,23.1,2.4,4.12,6.4,0.971,975,27,79.7,3.3,27.2,0.0,0.0769,0.01714,0.64316,0.97143,0,0,0.59442,0.77143,0,0.35767,0,0,0,0
Rajkot,1,45.8,20.6,3.64,7.2,0.604,134,3,83.2,17.4,29.1,0.0,0.15261,0.14725,0.50533,0.60355,0.665,0.85,0.66388,0.08571,0,0.45408,1,0,0,0
Navsari,0,1.3,0.8,3.11,7.3,0.65,11,1,51.8,17.5,32.0,1.0,0.00445,0.0055,0.42575,0.64984,0.9725,0.95,0.03641,0.02857,0,0.59939,0,0,0,0
Bhuj,1,6.5,1.8,3.33,5.8,0.522,110,4,83.8,7.6,25.0,1.0,0.02172,0.01275,0.57328,0.52152,0.725,0.8,0.67523,0.11429,0,0.25133,0,0,0,1
Bhavnagar,1,12.4,7.6,4.29,7.4,0.733,24,2,72.9,10.4,27.1,1.0,0.04131,0.05439,0.57958,0.73261,0.94,0.9,0.45711,0.05714,0,0.35654,0,0,0,0
Valsad,1,75.2,3.8,4.61,7.0,0.925,12,2,82.2,17.7,29.1,1.0,0.25079,0.02687,0.65904,0.9251,0.97,0.9,0.64481,0.05714,0,0.45609,0,0,0,1
Porbandar,1,40.6,30.4,4.31,6.2,0.718,8,1,90.3,21.4,26.6,1.0,0.13532,0.21729,0.69468,0.71825,0.98,0.95,0.80623,0.02857,0.01725,0.32907,1,0,0,0
Jamnagar,1,54.8,46.1,3.68,6.5,0.684,20,2,84.6,5.5,28.1,1.0,0.18257,0.32942,0.56542,0.68389,0.95,0.9,0.69222,0.05714,0,0.40704,0,0,0,0
Valsad,0,8.4,4.9,3.35,7.0,0.582,12,2,40.2,55.0,26.4,1.0,0.02809,0.03467,0.47878,0.58174,0.97,0.9,0,0.05714,0.43795,0.32171,0,0,0,0
Surat,0,6.6,5.6,3.1,9.4,0.399,13,1,49.2,6.7,34.2,1.0,0.0219,0.03989,0.33003,0.39878,0.9675,0.95,0,0.02857,0,0.7117,0,0,1,0
Valsad,0,23.3,6.7,5.34,7.0,0.55,12,2,49.9,22.1,31.9,1.0,0.07764,0.04817,0.76339,0.54997,0.97,0.9,0,0.05714,0.02673,0.59401,1,0,0,0
Bhuj,1,7.0,2.7,3.06,5.8,0.557,110,4,79.8,24.2,25.5,1.0,0.02342,0.01956,0.52834,0.55666,0.725,0.8,0.59659,0.11429,0.05223,0.27723,0,0,0,0
Surat,0,23.8,17.8,4.78,9.4,0.583,13,1,42.4,22.0,31.5,1.0,0.07926,0.12739,0.50843,0.58256,0.9675,0.95,0,0.02857,0.02493,0.57744,0,0,0,0
Navsari,1,14.1,5.8,3.39,7.3,0.822,11,1,78.1,9.4,23.5,1.0,0.04702,0.04144,0.46423,0.82248,0.9725,0.95,0.56113,0.02857,0,0.17266,0,0,0,0
Rajkot,1,28.6,7.4,4.28,7.2,0.675,134,3,90.0,24.9,27.0,0.0,0.09537,0.05267,0.59512,0.67451,0.665,0.85,0.79943,0.08571,0.06076,0.34829,0,0,0,0
Jamnagar,1,122.6,46.8,6.05,6.5,0.725,20,2,91.4,13.5,30.9,1.0,0.4085,0.33453,0.9302,0.72517,0.95,0.9,0.82755,0.05714,0,0.54366,1,0,0,0
Ahmedabad,1,21.3,17.9,5.14,8.5,0.818,53,2,83.7,10.7,25.3,0.0,0.07096,0.12794,0.60502,0.81773,0.8675,0.9,0.67373,0.05714,0,0.26355,0,0,0,1
Dang,0,6.0,4.3,2.87,6.4,0.572,975,27,50.6,2,29.5,0.0,0.01989,0.03047,0.44825,0.57223,0,0,0.01197,0.77143,0,0.47362,0,0,0,0
Rajkot,0,8.5,3.2,2.88,7.2,0.264,134,3,39.8,29.2,31.7,0.0,0.02835,0.02269,0.40044,0.26367,0.665,0.85,0,0.08571,0.11497,0.5834,0,0,0,0
Bhuj,1,12.9,5.3,3.13,5.8,0.566,110,4,88.1,8.6,30.2,1.0,0.04296,0.03807,0.53984,0.56641,0.725,0.8,0.76247,0.11429,0,0.50893,0,0,0,0
Dang,1,71.4,52.5,4.64,6.4,1.0,975,27,80.5,30.1,26.6,0.0,0.23807,0.3753,0.72476,1.0,0,0,0.60919,0.77143,0.12632,0.33216,0,1,0,0
Ahmedabad,0,1.4,0.4,4.23,8.5,0.419,53,2,42.1,42.3,32.2,0.0,0.00451,0.00299,0.49793,0.41934,0.8675,0.9,0,0.05714,0.27925,0.61222,0,0,0,0
Porbandar,0,5.9,1.3,3.3,6.2,0.415,8,1,51.2,24.5,32.0,1.0,0.01979,0.00917,0.53269,0.4145,0.98,0.95,0.02327,0.02857,0.0559,0.60152,0,0,0,0
Surat,1,115.5,15.8,8.5,9.4,0.929,13,1,93.3,62.0,26.2,1.0,0.38506,0.11313,0.90451,0.92944,0.9675,0.95,0.86672,0.02857,0.52516,0.31209,1,0,0,0
Jamnagar,0,6.9,2.8,2.31,6.5,0.302,20,2,45.7,9.7,34.7,1.0,0.02303,0.01997,0.35532,0.30247,0.95,0.9,0,0.05714,0,0.73382,0,0,0,1
Navsari,1,89.9,66.6,5.23,7.3,0.959,11,1,87.7,4.0,25.1,1.0,0.2996,0.47606,0.71623,0.95929,0.9725,0.95,0.75376,0.02857,0,0.2565,1,0,0,0
Dang,1,36.4,2.9,4.23,6.4,0.996,975,27,75.3,6.0,31.4,0.0,0.12124,0.02077,0.66074,0.99641,0,0,0.50608,0.77143,0,0.56793,0,0,0,0
Jamnagar,0,1.0,0.4,2.91,6.5,0.212,20,2,53.5,11.3,34.7,1.0,0.00328,0.0026,0.44822,0.21211,0.95,0.9,0.06951,0.05714,0,0.73389,0,0,0,0
Porbandar,1,21.5,12.9,2.54,6.2,0.757,8,1,79.2,2.9,25.4,1.0,0.07173,0.09221,0.40982,0.75704,0.98,0.95,0.58381,0.02857,0,0.26786,0,0,0,0
Bhavnagar,0,9.8,4.6,2.22,7.4,0.365,24,2,52.2,21.7,34.9,1.0,0.03269,0.03298,0.30006,0.3651,0.94,0.9,0.04331,0.05714,0.0217,0.74637,0,0,0,0
Dang,0,13.4,6.2,3.8,6.4,0.489,975,27,54.9,10.8,33.5,0.0,0.04455,0.04457,0.5943,0.48895,0,0,0.09885,0.77143,0,0.673,0,0,0,0
Bhavnagar,1,9.9,5.9,3.57,7.4,0.627,24,2,88.7,12.7,24.0,1.0,0.0331,0.04237,0.48221,0.62673,0.94,0.9,0.77408,0.05714,0,0.20114,1,0,0,0
Bhavnagar,1,28.2,5.4,4.76,7.4,0.687,24,2,75.6,11.9,30.3,1.0,0.09389,0.03869,0.64283,0.68695,0.94,0.9,0.51279,0.05714,0,0.51272,1,0,0,0
Patan,0,1.4,1.0,2.66,6.0,0.284,70,1,49.5,57.0,34.2,0.0,0.00455,0.00683,0.4439,0.284,0.825,0.95,0,0.02857,0.4628,0.70777,0,0,0,0
Rajkot,1,13.4,8.4,3.45,7.2,0.559,134,3,80.7,8.5,25.5,0.0,0.04481,0.05976,0.47848,0.5592,0.665,0.85,0.61325,0.08571,0,0.27739,0,0,0,0
Ahmedabad,0,10.6,3.4,3.8,8.5,0.515,53,2,52.8,18.9,30.2,0.0,0.03523,0.02416,0.44656,0.51471,0.8675,0.9,0.05603,0.05714,0,0.51183,0,0,0,0
Ahmedabad,1,25.9,7.7,4.85,8.5,0.945,53,2,80.8,31.7,27.2,0.0,0.08644,0.05481,0.5707,0.9447,0.8675,0.9,0.61689,0.05714,0.146,0.35858,1,0,0,0
Porbandar,1,21.7,5.6,4.63,6.2,0.693,8,1,68.2,22.0,28.1,1.0,0.07249,0.03998,0.74698,0.69283,0.98,0.95,0.36477,0.02857,0.02465,0.40415,0,0,0,0
Dang,0,6.8,3.9,2.75,6.4,0.575,975,27,49.1,11.7,35.1,0.0,0.02268,0.02778,0.42939,0.57517,0,0,0,0.77143,0,0.75319,0,0,0,0
Ahmedabad,1,30.5,18.6,5.58,8.5,0.798,53,2,82.5,7.4,25.5,0.0,0.10177,0.13316,0.65705,0.79848,0.8675,0.9,0.64968,0.05714,0,0.27513,1,0,0,1
Navsari,1,80.5,55.5,5.09,7.3,1.0,11,1,93.0,27.5,24.5,1.0,0.26828,0.39678,0.69662,1.0,0.9725,0.95,0.85997,0.02857,0.09325,0.22367,1,0,0,1
Ahmedabad,1,14.3,5.2,3.77,8.5,0.747,53,2,82.6,20.4,28.6,0.0,0.04758,0.03731,0.44349,0.74679,0.8675,0.9,0.65262,0.05714,0.00532,0.42926,0,0,0,0
Dang,0,2.4,1.1,2.66,6.4,0.612,975,27,43.5,8.1,31.4,0.0,0.00793,0.00781,0.41598,0.61204,0,0,0,0.77143,0,0.57019,0,0,0,0
Porbandar,1,11.2,3.7,3.6,6.2,0.714,8,1,79.5,3.2,25.5,1.0,0.03734,0.02678,0.58088,0.71434,0.98,0.95,0.59037,0.02857,0,0.27611,0,0,0,0
Ahmedabad,1,74.9,12.3,5.41,8.5,0.862,53,2,78.3,26.2,26.9,0.0,0.24954,0.08788,0.63661,0.86241,0.8675,0.9,0.56668,0.05714,0.07756,0.34429,1,0,0,0
Ahmedabad,1,50.9,14.1,5.38,8.5,0.896,53,2,89.1,35.3,26.6,0.0,0.16979,0.10064,0.63279,0.89573,0.8675,0.9,0.7824,0.05714,0.19125,0.32791,0,0,0,1
Valsad,1,72.0,30.7,4.33,7.0,1.0,12,2,77.0,16.1,22.5,1.0,0.24011,0.21903,0.61802,1.0,0.97,0.9,0.54024,0.05714,0,0.12499,0,0,0,0
Bhavnagar,1,8.5,5.3,5.53,7.4,0.749,24,2,78.3,41.1,26.4,1.0,0.0284,0.03783,0.74697,0.74894,0.94,0.9,0.56596,0.05714,0.26425,0.32023,0,0,0,0
Bhuj,1,24.7,13.5,3.17,5.8,0.44,110,4,79.1,3.7,28.4,1.0,0.08233,0.09643,0.54713,0.44042,0.725,0.8,0.58233,0.11429,0,0.42229,0,0,0,0
Vadodara,1,2.9,1.6,3.57,8.0,0.737,39,2,66.9,43.7,29.3,0.0,0.00951,0.01169,0.44611,0.73744,0.9025,0.9,0.33881,0.05714,0.29661,0.46308,0,0,0,0
Jamnagar,0,1.9,0.9,1.92,6.5,0.342,20,2,52.0,8.5,33.2,1.0,0.00639,0.00607,0.29599,0.34179,0.95,0.9,0.04062,0.05714,0,0.66234,0,0,0,0
Patan,0,0.2,0.0,1.24,6.0,0.145,70,1,41.6,15.8,33.7,0.0,0.00064,0.00029,0.20596,0.14538,0.825,0.95,0,0.02857,0,0.68498,0,0,0,0
Jamnagar,0,8.3,4.9,2.85,6.5,0.386,20,2,45.9,18.9,31.5,1.0,0.02781,0.03506,0.43873,0.38623,0.95,0.9,0,0.05714,0,0.57532,0,0,0,0
Ahmedabad,1,42.6,2.1,5.22,8.5,0.854,53,2,81.7,6.8,25.2,0.0,0.14206,0.01522,0.61453,0.85414,0.8675,0.9,0.63373,0.05714,0,0.2598,0,0,0,0
Vadodara,1,44.6,33.0,3.81,8.0,0.838,39,2,100,15.6,28.0,0.0,0.14883,0.23552,0.47579,0.83841,0.9025,0.9,1,0.05714,0,0.39976,0,0,0,1
Valsad,1,11.3,6.0,4.0,7.0,0.86,12,2,72.2,64.5,27.0,1.0,0.03764,0.04315,0.57135,0.85956,0.97,0.9,0.44389,0.05714,0.55638,0.35242,0,0,0,0
Ahmedabad,0,3.9,3.1,3.36,8.5,0.447,53,2,48.2,2,34.3,0.0,0.01309,0.02201,0.39525,0.4471,0.8675,0.9,0,0.05714,0,0.71353,0,0,0,0
Ahmedabad,0,7.2,4.1,4.33,8.5,0.456,53,2,47.0,4.2,28.3,0.0,0.02391,0.02964,0.50917,0.45621,0.8675,0.9,0,0.05714,0,0.41654,1,0,0,0
Navsari,0,4.5,2.6,3.36,7.3,0.471,11,1,57.1,29.6,32.0,1.0,0.01515,0.01858,0.46084,0.47055,0.9725,0.95,0.14236,0.02857,0.11951,0.59766,0,0,0,0
Patan,1,24.9,17.3,3.47,6.0,0.593,70,1,72.7,14.8,23.6,0.0,0.08297,0.12342,0.57909,0.59277,0.825,0.95,0.45321,0.02857,0,0.17996,1,0,0,0
Rajkot,0,6.0,1.7,2.3,7.2,0.179,134,3,52.7,4.8,32.1,0.0,0.01996,0.01186,0.31894,0.17931,0.665,0.85,0.05367,0.08571,0,0.60591,0,0,0,1
Ahmedabad,0,9.2,2.8,3.58,8.5,0.392,53,2,57.0,27.5,32.7,0.0,0.03066,0.01973,0.42069,0.39184,0.8675,0.9,0.14064,0.05714,0.09402,0.6361,0,0,0,0
Bhavnagar,1,43.2,4.9,5.11,7.4,0.632,24,2,76.9,7.8,25.5,1.0,0.14392,0.03494,0.69041,0.63182,0.94,0.9,0.53758,0.05714,0,0.27382,0,0,0,0
Surat,1,9.4,4.6,4.79,9.4,0.895,13,1,80.6,36.1,27.5,1.0,0.03139,0.03295,0.50999,0.89487,0.9675,0.95,0.61102,0.02857,0.20117,0.37726,0,0,0,0
Jamnagar,0,5.2,1.2,3.3,6.5,0.382,20,2,54.2,22.8,29.7,1.0,0.01739,0.00866,0.50745,0.38156,0.95,0.9,0.08474,0.05714,0.03458,0.48625,0,0,0,0
Valsad,1,41.6,30.9,3.81,7.0,0.834,12,2,86.7,38.6,26.3,1.0,0.13875,0.22041,0.54424,0.8342,0.97,0.9,0.73302,0.05714,0.2327,0.31444,1,0,1,0
Bhavnagar,1,15.1,9.1,3.5,7.4,0.763,24,2,79.7,4.9,30.9,1.0,0.05046,0.06518,0.47296,0.76254,0.94,0.9,0.59491,0.05714,0,0.54499,0,0,0,0
Rajkot,1,1.4,0.8,3.76,7.2,0.57,134,3,70.1,6.2,27.8,0.0,0.0048,0.00547,0.52195,0.57012,0.665,0.85,0.40276,0.08571,0,0.39159,0,0,0,0
Jamnagar,1,3.9,1.4,3.36,6.5,0.605,20,2,67.0,27.2,27.8,1.0,0.01316,0.00987,0.51692,0.60532,0.95,0.9,0.34012,0.05714,0.09055,0.39122,0,0,0,0
Valsad,1,34.9,15.2,3.98,7.0,0.818,12,2,76.2,15.7,27.2,1.0,0.11624,0.10859,0.56819,0.81761,0.97,0.9,0.52401,0.05714,0,0.36117,1,0,0,0
Surat,1,15.7,9.0,5.47,9.4,0.744,13,1,71.8,13.9,30.5,1.0,0.05242,0.06427,0.58229,0.74416,0.9675,0.95,0.43538,0.02857,0,0.52268,1,0,1,0
Rajkot,1,24.3,4.1,4.12,7.2,0.688,134,3,80.4,17.9,30.1,0.0,0.08092,0.02915,0.57167,0.68781,0.665,0.85,0.60802,0.08571,0,0.5071,0,0,0,0
Patan,0,2.3,0.4,2.49,6.0,0.217,70,1,39.3,17.1,31.4,0.0,0.00765,0.00321,0.41575,0.21696,0.825,0.95,0,0.02857,0,0.56943,1,0,0,0
Porbandar,1,12.8,3.0,3.01,6.2,0.601,8,1,82.0,11.0,22.5,1.0,0.0426,0.02129,0.48503,0.60116,0.98,0.95,0.64072,0.02857,0,0.1271,0,0,0,0
Navsari,0,10.3,6.5,2.44,7.3,0.476,11,1,55.5,7.7,32.6,1.0,0.03423,0.04635,0.33409,0.47602,0.9725,0.95,0.11082,0.02857,0,0.63246,0,0,0,0
Patan,1,16.2,2.7,3.27,6.0,0.54,70,1,75.8,20.8,24.2,0.0,0.05405,0.01917,0.5451,0.54009,0.825,0.95,0.51661,0.02857,0.00997,0.2111,0,0,0,0
Porbandar,0,3.4,1.4,1.28,6.2,0.38,8,1,53.4,34.0,31.8,1.0,0.01147,0.00978,0.20684,0.38006,0.98,0.95,0.06804,0.02857,0.17486,0.59184,0,0,0,0
Surat,0,8.0,6.8,3.63,9.4,0.385,13,1,61.2,29.5,31.6,1.0,0.02671,0.04866,0.38653,0.38529,0.9675,0.95,0.22407,0.02857,0.1182,0.58228,0,0,1,0
Dang,0,5.8,2.0,3.05,6.4,0.538,975,27,55.2,2.6,35.7,0.0,0.01924,0.01406,0.47727,0.53844,0,0,0.10378,0.77143,0,0.78694,0,0,0,0
Rajkot,0,3.1,1.1,2.84,7.2,0.33,134,3,52.6,12.2,30.1,0.0,0.0104,0.00796,0.39422,0.33046,0.665,0.85,0.05229,0.08571,0,0.50323,1,0,0,0
Vadodara,1,33.7,11.5,5.59,8.0,0.823,39,2,78.9,6.9,26.7,0.0,0.11249,0.08211,0.69859,0.82296,0.9025,0.9,0.57751,0.05714,0,0.3373,0,0,0,1
Rajkot,1,11.8,9.6,2.36,7.2,0.585,134,3,80.9,2,23.3,0.0,0.03943,0.06863,0.32799,0.58498,0.665,0.85,0.61839,0.08571,0,0.16724,0,0,0,0
Vadodara,1,70.9,26.7,6.43,8.0,0.798,39,2,70.7,7.0,24.0,0.0,0.23649,0.1909,0.80321,0.79815,0.9025,0.9,0.41485,0.05714,0,0.19972,1,0,0,0
Rajkot,1,70.9,21.3,4.47,7.2,0.646,134,3,82.0,7.7,29.8,0.0,0.23618,0.15191,0.62038,0.64614,0.665,0.85,0.63981,0.08571,0,0.49026,0,0,0,0
Surat,1,21.4,4.9,6.97,9.4,0.744,13,1,74.5,4.4,25.2,1.0,0.07122,0.03488,0.74192,0.74429,0.9675,0.95,0.48972,0.02857,0,0.26086,1,0,0,0
Ahmedabad,1,77.0,31.5,5.84,8.5,0.847,53,2,86.9,6.7,23.6,0.0,0.25671,0.22525,0.68762,0.84709,0.8675,0.9,0.73804,0.05714,0,0.18111,0,0,0,0
Rajkot,0,1.0,0.3,2.3,7.2,0.34,134,3,53.4,16.8,33.4,0.0,0.00331,0.00181,0.31954,0.33957,0.665,0.85,0.06763,0.08571,0,0.66844,0,0,0,0
Jamnagar,1,27.6,2.5,3.97,6.5,0.712,20,2,74.2,31.0,25.9,1.0,0.09211,0.01806,0.61084,0.71156,0.95,0.9,0.48446,0.05714,0.13745,0.29363,0,0,0,0
Bhavnagar,1,107.1,45.4,6.08,7.4,0.763,24,2,81.4,21.0,24.9,1.0,0.35701,0.3243,0.82192,0.76294,0.94,0.9,0.62764,0.05714,0.01243,0.24624,0,0,0,1
Ahmedabad,0,5.4,2.2,3.29,8.5,0.469,53,2,37.5,36.4,34.9,0.0,0.01813,0.01562,0.38675,0.46888,0.8675,0.9,0,0.05714,0.20554,0.74273,0,0,0,0
Ahmedabad,0,3.6,1.9,3.78,8.5,0.337,53,2,51.2,38.6,28.8,0.0,0.01195,0.01339,0.44512,0.33651,0.8675,0.9,0.02374,0.05714,0.23229,0.43765,0,0,1,0
Surat,0,1.7,1.3,4.2,9.4,0.569,13,1,48.6,79.8,34.9,1.0,0.00581,0.00922,0.44702,0.56931,0.9675,0.95,0,0.02857,0.74688,0.74378,0,0,1,0
Porbandar,1,17.5,5.3,3.23,6.2,0.68,8,1,86.0,26.3,30.1,1.0,0.05827,0.03821,0.52061,0.68045,0.98,0.95,0.71951,0.02857,0.0787,0.50471,0,0,0,0
Patan,1,71.3,31.8,3.38,6.0,0.589,70,1,82.8,2.5,28.9,0.0,0.2378,0.22724,0.56267,0.58912,0.825,0.95,0.65642,0.02857,0,0.44348,1,0,0,0
Vadodara,1,22.2,7.5,3.39,8.0,0.658,39,2,89.6,8.6,30.7,0.0,0.0739,0.05376,0.42337,0.65774,0.9025,0.9,0.79199,0.05714,0,0.5332,0,0,0,0
Bhavnagar,0,1.6,0.5,3.54,7.4,0.312,24,2,53.5,18.8,32.4,1.0,0.00527,0.00379,0.47778,0.31216,0.94,0.9,0.07019,0.05714,0,0.62022,0,0,0,0
Jamnagar,1,65.0,24.4,4.28,6.5,0.779,20,2,90.5,17.7,30.2,1.0,0.21658,0.17395,0.65827,0.77857,0.95,0.9,0.81001,0.05714,0,0.50978,1,0,0,0
Porbandar,1,15.9,7.9,3.19,6.2,0.751,8,1,75.2,24.0,27.0,1.0,0.05301,0.05616,0.51412,0.7513,0.98,0.95,0.50408,0.02857,0.04989,0.35234,0,0,0,0
Dang,1,54.7,14.4,3.81,6.4,1.0,975,27,90.2,22.3,25.6,0.0,0.18226,0.10303,0.59605,1.0,0,0,0.80469,0.77143,0.02839,0.28151,0,0,0,0
Bhuj,1,25.6,12.6,3.82,5.8,0.611,110,4,81.6,6.7,24.8,1.0,0.08518,0.08994,0.65888,0.61057,0.725,0.8,0.6318,0.11429,0,0.24172,0,0,1,0
Jamnagar,1,20.7,5.4,2.93,6.5,0.713,20,2,82.0,12.5,26.7,1.0,0.06902,0.03854,0.45021,0.71342,0.95,0.9,0.64091,0.05714,0,0.33551,0,0,0,0
Bhuj,0,0.4,0.1,1.71,5.8,0.022,110,4,48.1,15.2,30.5,1.0,0.0013,0.00069,0.29519,0.02236,0.725,0.8,0,0.11429,0,0.52626,0,0,0,0
Rajkot,0,1.1,0.4,2.87,7.2,0.197,134,3,57.8,18.9,28.9,0.0,0.00378,0.00258,0.39803,0.1971,0.665,0.85,0.15543,0.08571,0,0.44749,0,0,0,0
Bhuj,0,1.3,0.4,2.52,5.8,0.062,110,4,47.2,15.6,30.7,1.0,0.00423,0.00305,0.43528,0.06227,0.725,0.8,0,0.11429,0,0.53285,0,0,0,0
Bhavnagar,0,8.5,4.6,2.64,7.4,0.268,24,2,54.4,26.7,33.9,1.0,0.02838,0.03321,0.35623,0.26791,0.94,0.9,0.08773,0.05714,0.08357,0.69402,0,0,0,0
Vadodara,0,5.8,1.7,2.91,8.0,0.329,39,2,62.4,24.9,33.2,0.0,0.0193,0.01218,0.36405,0.32884,0.9025,0.9,0.24852,0.05714,0.06111,0.66116,0,0,0,0
Patan,1,14.4,5.6,4.2,6.0,0.584,70,1,72.8,39.2,29.1,0.0,0.0481,0.03991,0.69951,0.58432,0.825,0.95,0.45669,0.02857,0.2395,0.45688,1,0,0,0
Porbandar,0,3.5,0.9,1.87,6.2,0.373,8,1,53.1,5.5,36.0,1.0,0.0118,0.00645,0.30167,0.3729,0.98,0.95,0.06122,0.02857,0,0.80031,0,0,0,0
Navsari,0,1.5,0.2,3.67,7.3,0.636,11,1,50.7,29.6,33.1,1.0,0.00501,0.00167,0.50268,0.6358,0.9725,0.95,0.01357,0.02857,0.12027,0.65331,1,0,0,0
Jamnagar,1,9.5,6.1,2.93,6.5,0.691,20,2,96.2,11.3,30.1,1.0,0.03166,0.0437,0.4514,0.69148,0.95,0.9,0.92442,0.05714,0,0.50651,1,0,0,0
Valsad,0,3.1,1.7,3.92,7.0,0.632,12,2,51.0,27.4,34.3,1.0,0.01047,0.01204,0.55982,0.63178,0.97,0.9,0.02068,0.05714,0.09262,0.71332,0,0,0,0
Surat,1,109.2,45.4,8.33,9.4,0.975,13,1,85.3,18.7,25.9,1.0,0.36405,0.32412,0.88589,0.97514,0.9675,0.95,0.70568,0.02857,0,0.29592,0,0,0,0
Ahmedabad,1,75.7,37.7,7.36,8.5,0.912,53,2,82.4,20.2,24.0,0.0,0.25218,0.26955,0.86575,0.9123,0.8675,0.9,0.64735,0.05714,0.00262,0.20115,0,0,0,0
Porbandar,1,69.0,5.0,3.66,6.2,0.828,8,1,94.4,8.5,27.4,1.0,0.23015,0.03593,0.59085,0.82841,0.98,0.95,0.888,0.02857,0,0.3683,0,0,0,0
Patan,1,6.6,2.7,2.64,6.0,0.629,70,1,87.2,10.8,28.6,0.0,0.0219,0.01896,0.43952,0.62895,0.825,0.95,0.74399,0.02857,0,0.43179,0,0,0,0
Porbandar,1,6.8,5.6,2.39,6.2,0.614,8,1,72.0,5.1,24.9,1.0,0.02254,0.03985,0.3854,0.61389,0.98,0.95,0.43901,0.02857,0,0.2463,0,0,0,0
Ahmedabad,0,3.0,1.3,4.04,8.5,0.364,53,2,58.8,11.0,34.5,0.0,0.01009,0.00897,0.47585,0.36433,0.8675,0.9,0.17694,0.05714,0,0.72553,0,0,0,0
Bhavnagar,0,3.7,1.3,1.93,7.4,0.316,24,2,53.7,79.0,31.6,1.0,0.01217,0.00903,0.26065,0.31568,0.94,0.9,0.07472,0.05714,0.7378,0.58181,0,0,1,0
Rajkot,1,6.7,2.9,3.49,7.2,0.626,134,3,84.0,17.4,28.2,0.0,0.02238,0.02091,0.48517,0.6255,0.665,0.85,0.68031,0.08571,0,0.41217,0,0,0,0
Jamnagar,1,14.6,3.4,3.58,6.5,0.766,20,2,66.4,5.8,27.4,1.0,0.04861,0.02404,0.55114,0.76634,0.95,0.9,0.32888,0.05714,0,0.36944,0,0,0,0
Surat,0,13.0,10.3,4.25,9.4,0.496,13,1,50.2,24.7,27.5,1.0,0.0433,0.07368,0.45205,0.49584,0.9675,0.95,0.00489,0.02857,0.05853,0.37255,0,0,1,0
Navsari,1,46.9,20.6,4.93,7.3,1.0,11,1,76.4,15.8,23.1,1.0,0.15617,0.14721,0.67548,1.0,0.9725,0.95,0.52723,0.02857,0,0.15707,1,0,0,0
Ahmedabad,1,11.6,1.8,4.08,8.5,0.742,53,2,81.5,64.3,27.4,0.0,0.03859,0.01261,0.47954,0.74238,0.8675,0.9,0.63053,0.05714,0.55382,0.36999,0,0,0,0
Vadodara,0,8.9,3.5,3.08,8.0,0.343,39,2,62.8,8.7,29.5,0.0,0.0296,0.0249,0.38482,0.3431,0.9025,0.9,0.25515,0.05714,0,0.47334,0,0,0,0
Ahmedabad,1,60.3,36.6,4.91,8.5,0.912,53,2,85.7,36.1,24.7,0.0,0.20101,0.26175,0.57814,0.91194,0.8675,0.9,0.71471,0.05714,0.20116,0.23489,0,0,1,0
Porbandar,1,5.5,1.4,3.23,6.2,0.604,8,1,73.1,2,25.9,1.0,0.01836,0.00992,0.52132,0.60448,0.98,0.95,0.46255,0.02857,0,0.29691,1,0,0,0
Valsad,0,11.7,1.5,3.35,7.0,0.502,12,2,50.7,8.3,30.3,1.0,0.03905,0.01098,0.47849,0.50193,0.97,0.9,0.01429,0.05714,0,0.51419,1,0,0,0
Porbandar,1,58.9,16.4,3.16,6.2,0.771,8,1,80.7,4.3,26.7,1.0,0.19623,0.11682,0.5102,0.77077,0.98,0.95,0.61437,0.02857,0,0.33605,0,0,0,0
Porbandar,1,11.5,8.0,2.87,6.2,0.521,8,1,74.6,6.9,26.5,1.0,0.03845,0.0568,0.46292,0.5208,0.98,0.95,0.49271,0.02857,0,0.32721,0,0,0,0
Surat,0,0.9,0.2,3.86,9.4,0.559,13,1,42.8,13.0,30.5,1.0,0.00289,0.0016,0.41029,0.55914,0.9675,0.95,0,0.02857,0,0.52608,0,0,0,0
Rajkot,1,18.7,2.4,3.3,7.2,0.636,134,3,73.6,18.9,29.1,0.0,0.06225,0.01681,0.45864,0.6363,0.665,0.85,0.47155,0.08571,0,0.45429,1,0,0,0
Bhavnagar,1,63.1,37.2,4.06,7.4,0.737,24,2,79.1,2,28.6,1.0,0.21025,0.26563,0.54893,0.73745,0.94,0.9,0.58188,0.05714,0,0.43178,1,0,0,1
Navsari,1,98.1,15.6,5.47,7.3,1.0,11,1,92.6,33.2,26.6,1.0,0.32691,0.11123,0.74987,1.0,0.9725,0.95,0.85267,0.02857,0.16514,0.33224,1,0,1,0
Valsad,1,14.0,5.2,3.3,7.0,0.944,12,2,59.3,27.2,26.4,1.0,0.04677,0.03722,0.47162,0.94403,0.97,0.9,0.18637,0.05714,0.0898,0.32194,0,0,0,0
Jamnagar,1,24.1,10.2,2.97,6.5,0.705,20,2,65.1,28.0,24.9,1.0,0.08023,0.07264,0.45668,0.70516,0.95,0.9,0.30178,0.05714,0.10056,0.24495,1,0,0,0
Vadodara,1,21.8,16.5,5.56,8.0,0.744,39,2,85.0,14.9,27.8,0.0,0.07279,0.11771,0.69539,0.74374,0.9025,0.9,0.69931,0.05714,0,0.38779,0,0,0,0
Surat,1,15.1,6.1,6.22,9.4,0.904,13,1,79.5,17.8,25.8,1.0,0.05022,0.04379,0.66201,0.90403,0.9675,0.95,0.59024,0.02857,0,0.28958,0,0,0,0
Patan,0,2.4,0.8,2.51,6.0,0.163,70,1,45.8,15.1,29.7,0.0,0.00809,0.00568,0.41816,0.16294,0.825,0.95,0,0.02857,0,0.48417,0,0,0,0
Bhavnagar,1,10.1,8.6,3.68,7.4,0.708,24,2,81.3,30.0,27.2,1.0,0.03354,0.0611,0.49712,0.70841,0.94,0.9,0.62561,0.05714,0.12513,0.3607,0,0,0,0
Surat,1,22.4,16.8,5.04,9.4,0.85,13,1,86.3,4.5,27.7,1.0,0.07456,0.12005,0.53633,0.85019,0.9675,0.95,0.72581,0.02857,0,0.38721,0,0,0,0
Ahmedabad,1,16.0,1.8,4.99,8.5,0.699,53,2,78.3,5.2,27.6,0.0,0.05322,0.01298,0.58673,0.69858,0.8675,0.9,0.56528,0.05714,0,0.37842,1,0,0,0
Ahmedabad,1,19.6,10.5,5.54,8.5,0.825,53,2,79.0,6.1,27.4,0.0,0.06519,0.07501,0.65173,0.82479,0.8675,0.9,0.58023,0.05714,0,0.3708,1,0,0,0
Vadodara,1,7.9,3.0,3.15,8.0,0.628,39,2,87.7,2.3,22.9,0.0,0.02643,0.02163,0.39372,0.6278,0.9025,0.9,0.75398,0.05714,0,0.14603,0,0,0,0
Bhuj,0,3.5,1.0,2.7,5.8,0.02,110,4,38.1,2,27.6,1.0,0.01183,0.00727,0.46607,0.02,0.725,0.8,0,0.11429,0,0.37984,0,0,0,1
Bhuj,1,15.0,10.7,2.39,5.8,0.339,110,4,69.2,48.3,23.2,1.0,0.04985,0.07618,0.41276,0.339,0.725,0.8,0.38327,0.11429,0.35366,0.15995,0,0,0,0
Porbandar,1,8.3,6.4,4.17,6.2,0.66,8,1,86.6,2,27.2,1.0,0.02783,0.04567,0.67184,0.6599,0.98,0.95,0.7328,0.02857,0,0.3616,1,0,0,0
Dang,0,20.4,6.5,2.33,6.4,0.589,975,27,58.5,38.0,30.0,0.0,0.06804,0.04647,0.36436,0.589,0,0,0.16919,0.77143,0.22495,0.49905,0,0,0,0
Bhuj,1,65.6,8.2,3.29,5.8,0.381,110,4,81.6,23.2,20.9,1.0,0.21855,0.05889,0.56669,0.38139,0.725,0.8,0.63278,0.11429,0.03992,0.04509,1,0,0,0
Dang,1,91.4,58.5,5.08,6.4,1.0,975,27,89.9,15.9,23.3,0.0,0.30465,0.41781,0.79312,1.0,0,0,0.79824,0.77143,0,0.16572,0,0,0,0
Surat,1,35.8,11.5,5.89,9.4,0.891,13,1,78.5,15.5,26.4,1.0,0.11941,0.08234,0.62694,0.89088,0.9675,0.95,0.56976,0.02857,0,0.32127,0,0,0,0
Vadodara,1,29.4,10.0,4.45,8.0,0.812,39,2,76.9,50.6,23.9,0.0,0.09806,0.07175,0.55631,0.81179,0.9025,0.9,0.5374,0.05714,0.3821,0.19499,0,0,1,0
Vadodara,1,48.1,14.8,4.52,8.0,0.815,39,2,80.0,27.1,25.1,0.0,0.16031,0.10591,0.56469,0.81451,0.9025,0.9,0.60048,0.05714,0.08887,0.25634,0,0,0,0
Navsari,0,16.0,4.4,2.67,7.3,0.421,11,1,56.5,40.8,27.1,1.0,0.05328,0.03166,0.36618,0.42135,0.9725,0.95,0.1304,0.02857,0.2606,0.35716,1,0,0,0
Valsad,1,48.9,17.7,3.87,7.0,0.834,12,2,85.2,2.6,27.1,1.0,0.1629,0.12651,0.55257,0.83356,0.97,0.9,0.7036,0.05714,0,0.35707,0,0,0,0
Valsad,0,5.4,2.0,2.91,7.0,0.553,12,2,50.6,3.2,31.0,1.0,0.01786,0.01402,0.41631,0.55299,0.97,0.9,0.01197,0.05714,0,0.55162,0,0,0,0
Surat,1,10.5,3.2,5.49,9.4,0.858,13,1,89.8,66.1,30.7,1.0,0.03502,0.02281,0.58453,0.85801,0.9675,0.95,0.79697,0.02857,0.5758,0.5352,0,0,0,0
Dang,1,50.8,10.7,4.23,6.4,0.925,975,27,81.8,11.2,24.7,0.0,0.16939,0.07611,0.66167,0.92519,0,0,0.63592,0.77143,0,0.23537,0,1,0,0
Surat,1,12.3,5.2,5.34,9.4,0.788,13,1,66.9,18.7,31.3,1.0,0.04106,0.0373,0.56788,0.78761,0.9675,0.95,0.33719,0.02857,0,0.56577,1,0,0,0
Dang,1,74.7,20.3,4.24,6.4,1.0,975,27,92.3,12.8,23.3,0.0,0.24902,0.14473,0.66175,1.0,0,0,0.84648,0.77143,0,0.16465,0,1,0,0
Dang,0,9.4,2.9,3.82,6.4,0.575,975,27,53.0,11.6,32.3,0.0,0.03133,0.0207,0.59726,0.5745,0,0,0.05948,0.77143,0,0.61583,0,0,0,0
Bhavnagar,1,34.4,28.1,3.9,7.4,0.796,24,2,98.0,15.8,29.2,1.0,0.11458,0.2008,0.52743,0.79633,0.94,0.9,0.96089,0.05714,0,0.45773,0,0,0,0
Porbandar,1,10.4,4.4,2.81,6.2,0.681,8,1,86.5,36.1,26.6,1.0,0.03454,0.03125,0.45245,0.68081,0.98,0.95,0.72969,0.02857,0.2009,0.33128,0,0,0,0
Jamnagar,1,38.8,23.8,3.4,6.5,0.695,20,2,80.0,24.1,26.3,1.0,0.12919,0.16981,0.52312,0.69481,0.95,0.9,0.60045,0.05714,0.05148,0.31278,1,0,0,1
Patan,1,21.2,6.8,4.2,6.0,0.533,70,1,73.5,11.7,27.7,0.0,0.07066,0.04854,0.69938,0.5329,0.825,0.95,0.46994,0.02857,0,0.38265,1,0,0,0
Rajkot,1,26.7,12.7,2.93,7.2,0.684,134,3,69.1,21.1,29.4,0.0,0.08893,0.09104,0.4074,0.68356,0.665,0.85,0.38139,0.08571,0.01421,0.47158,1,0,0,0
Dang,1,14.1,2.6,2.83,6.4,0.863,975,27,84.9,18.7,33.2,0.0,0.04706,0.01887,0.44156,0.86327,0,0,0.69704,0.77143,0,0.65809,0,0,0,0
Vadodara,0,7.8,4.5,2.37,8.0,0.456,39,2,60.7,11.3,30.5,0.0,0.02608,0.03224,0.29667,0.45593,0.9025,0.9,0.21386,0.05714,0,0.52638,0,0,0,0
Rajkot,1,6.1,3.7,2.61,7.2,0.546,134,3,76.8,2,28.8,0.0,0.02035,0.02669,0.36247,0.54591,0.665,0.85,0.53508,0.08571,0,0.44146,0,0,0,0
Navsari,1,39.6,27.2,4.24,7.3,0.749,11,1,90.6,17.2,30.8,1.0,0.13198,0.19438,0.58132,0.74899,0.9725,0.95,0.81204,0.02857,0,0.53981,0,0,0,0
Valsad,1,21.0,1.4,3.94,7.0,0.895,12,2,72.9,39.9,30.7,1.0,0.07007,0.00989,0.56253,0.89478,0.97,0.9,0.4571,0.05714,0.24936,0.53557,0,0,0,0
Navsari,1,129.6,93.0,5.52,7.3,1.0,11,1,94.7,15.3,23.6,1.0,0.43185,0.66457,0.75553,1.0,0.9725,0.95,0.89497,0.02857,0,0.18189,0,0,0,1
Bhuj,1,6.2,1.2,2.28,5.8,0.442,110,4,77.4,16.4,25.4,1.0,0.02076,0.00844,0.39286,0.44186,0.725,0.8,0.5488,0.11429,0,0.26792,0,0,0,0
Bhavnagar,1,16.4,6.9,2.98,7.4,0.677,24,2,79.7,24.2,30.3,1.0,0.05471,0.04946,0.40265,0.67731,0.94,0.9,0.59481,0.05714,0.05277,0.51288,0,0,0,1
Vadodara,1,13.9,11.8,4.85,8.0,0.818,39,2,95.2,34.6,28.9,0.0,0.04643,0.08457,0.60601,0.81841,0.9025,0.9,0.9045,0.05714,0.18273,0.44377,0,0,0,0
Bhavnagar,1,9.4,1.4,3.82,7.4,0.628,24,2,81.0,31.7,27.9,1.0,0.03142,0.00992,0.5166,0.62837,0.94,0.9,0.61901,0.05714,0.14616,0.39587,0,0,0,0
Jamnagar,1,32.9,19.1,3.55,6.5,0.757,20,2,82.8,111.8,24.3,1.0,0.10979,0.13664,0.54549,0.75674,0.95,0.9,0.65558,0.05714,1,0.21316,0,0,1,0
Valsad,1,53.0,12.1,4.51,7.0,0.845,12,2,94.8,37.7,21.2,1.0,0.17672,0.08668,0.64457,0.84531,0.97,0.9,0.89625,0.05714,0.22119,0.05873,0,0,0,0
Ahmedabad,1,33.1,4.9,5.26,8.5,0.84,53,2,85.8,15.0,28.3,0.0,0.11023,0.03488,0.61894,0.83955,0.8675,0.9,0.71519,0.05714,0,0.41385,0,0,1,0
Bhavnagar,1,21.4,4.4,3.83,7.4,0.792,24,2,76.2,28.1,27.9,1.0,0.07142,0.03174,0.51762,0.79213,0.94,0.9,0.52312,0.05714,0.10167,0.39584,0,0,0,0
Navsari,0,15.5,0.9,2.4,7.3,0.551,11,1,43.9,7.7,35.2,1.0,0.05158,0.00647,0.32913,0.55097,0.9725,0.95,0,0.02857,0,0.76094,0,0,0,0
Ahmedabad,1,13.4,9.7,5.11,8.5,0.816,53,2,82.0,13.5,24.8,0.0,0.04451,0.06917,0.60092,0.81644,0.8675,0.9,0.63907,0.05714,0,0.24152,1,0,0,0
Navsari,1,22.4,7.7,3.18,7.3,0.875,11,1,69.6,76.9,29.4,1.0,0.07458,0.05514,0.43617,0.87493,0.9725,0.95,0.39135,0.02857,0.7116,0.47196,0,0,0,0
Navsari,1,20.2,7.2,4.24,7.3,0.792,11,1,81.3,6.3,26.9,1.0,0.06722,0.05137,0.58026,0.79206,0.9725,0.95,0.6263,0.02857,0,0.34285,0,0,0,1
Vadodara,0,11.9,3.4,4.2,8.0,0.459,39,2,61.4,10.4,28.9,0.0,0.0398,0.0243,0.52558,0.45852,0.9025,0.9,0.2289,0.05714,0,0.44291,0,0,0,0
Rajkot,1,3.5,2.4,3.33,7.2,0.485,134,3,83.0,16.5,26.2,0.0,0.01156,0.01729,0.4624,0.4846,0.665,0.85,0.66019,0.08571,0,0.30862,0,0,0,0
Bhuj,0,2.5,1.7,1.09,5.8,0.02,110,4,54.0,9.2,36.3,1.0,0.00844,0.01183,0.18781,0.02,0.725,0.8,0.08072,0.11429,0,0.81582,0,0,0,0
Dang,0,6.5,3.5,2.93,6.4,0.606,975,27,64.8,11.4,31.2,0.0,0.0218,0.02496,0.45857,0.60568,0,0,0.29583,0.77143,0,0.56139,0,0,0,0
Rajkot,0,2.3,0.9,2.46,7.2,0.293,134,3,49.0,8.6,32.4,0.0,0.00772,0.00665,0.34144,0.29285,0.665,0.85,0,0.08571,0,0.61924,0,0,0,0
Bhuj,1,36.5,29.8,2.93,5.8,0.501,110,4,72.6,69.6,28.3,1.0,0.12167,0.2128,0.50505,0.50087,0.725,0.8,0.45173,0.11429,0.61978,0.41491,1,0,0,1
Bhavnagar,1,26.2,6.1,3.8,7.4,0.705,24,2,80.7,18.3,26.2,1.0,0.08731,0.04368,0.51364,0.7047,0.94,0.9,0.61393,0.05714,0,0.3093,1,0,0,0
Ahmedabad,0,4.9,3.1,2.82,8.5,0.463,53,2,43.6,10.2,32.2,0.0,0.01645,0.02231,0.33186,0.46313,0.8675,0.9,0,0.05714,0,0.61077,0,0,0,0
Dang,1,97.6,46.9,5.15,6.4,0.993,975,27,93.0,21.3,26.9,0.0,0.32527,0.33487,0.80515,0.99291,0,0,0.85971,0.77143,0.01635,0.34457,0,0,0,1
Ahmedabad,1,26.4,16.4,4.94,8.5,0.882,53,2,80.3,27.4,24.7,0.0,0.08811,0.11738,0.58129,0.88199,0.8675,0.9,0.60659,0.05714,0.09213,0.2337,1,0,0,0
Bhuj,1,14.1,4.5,1.89,5.8,0.51,110,4,87.6,66.2,30.5,1.0,0.0471,0.03197,0.32594,0.51028,0.725,0.8,0.752,0.11429,0.578,0.52411,0,0,1,0
Porbandar,1,9.6,7.1,1.86,6.2,0.732,8,1,75.3,15.0,30.1,1.0,0.032,0.05085,0.3,0.73249,0.98,0.95,0.507,0.02857,0,0.50498,0,0,0,0
Vadodara,1,26.7,7.2,3.31,8.0,0.598,39,2,81.1,23.0,27.7,0.0,0.08893,0.05149,0.41356,0.59803,0.9025,0.9,0.62229,0.05714,0.03742,0.38281,0,0,0,0
Vadodara,0,3.4,1.2,2.95,8.0,0.471,39,2,55.9,7.1,31.9,0.0,0.01118,0.00854,0.36878,0.47083,0.9025,0.9,0.1183,0.05714,0,0.59286,1,0,0,0
Rajkot,0,4.3,0.9,2.62,7.2,0.367,134,3,47.5,28.2,34.7,0.0,0.01439,0.00638,0.36409,0.36686,0.665,0.85,0,0.08571,0.10299,0.73667,0,0,0,0
Porbandar,1,39.7,21.3,3.54,6.2,0.889,8,1,96.6,17.9,27.3,1.0,0.1322,0.15237,0.57101,0.88948,0.98,0.95,0.93145,0.02857,0,0.36637,0,0,0,0
Dang,0,4.3,3.0,2.89,6.4,0.509,975,27,46.7,23.8,33.9,0.0,0.01434,0.02168,0.45186,0.5086,0,0,0,0.77143,0.04789,0.69469,0,0,0,0
Bhavnagar,1,24.0,6.3,4.86,7.4,0.784,24,2,76.2,38.9,26.2,1.0,0.08007,0.04504,0.65674,0.78426,0.94,0.9,0.52413,0.05714,0.23662,0.31017,1,0,0,0
Dang,1,55.7,12.1,4.25,6.4,0.981,975,27,76.0,30.4,24.0,0.0,0.18567,0.08639,0.66472,0.98125,0,0,0.51958,0.77143,0.13044,0.19755,0,0,0,0
Porbandar,0,12.2,2.4,2.8,6.2,0.394,8,1,53.5,2,31.2,1.0,0.04064,0.01749,0.45163,0.39425,0.98,0.95,0.07054,0.02857,0,0.55857,0,0,0,0
Rajkot,0,12.1,6.9,3.08,7.2,0.208,134,3,42.8,7.8,30.8,0.0,0.04024,0.04911,0.42711,0.20838,0.665,0.85,0,0.08571,0,0.53795,0,0,0,0
Patan,1,20.6,3.9,3.09,6.0,0.516,70,1,90.4,37.0,29.7,0.0,0.06862,0.02797,0.51422,0.51554,0.825,0.95,0.80703,0.02857,0.21219,0.48589,0,0,0,0
Porbandar,0,2.7,0.5,2.67,6.2,0.321,8,1,41.0,38.2,32.3,1.0,0.00913,0.00381,0.43058,0.3215,0.98,0.95,0,0.02857,0.22804,0.61499,0,1,0,0
Bhavnagar,1,50.5,6.5,4.55,7.4,0.81,24,2,77.6,2,25.9,1.0,0.16841,0.04647,0.61468,0.8097,0.94,0.9,0.55228,0.05714,0,0.29431,0,0,0,0
Porbandar,1,30.0,12.8,3.44,6.2,0.709,8,1,72.5,7.6,26.9,1.0,0.10008,0.09168,0.55526,0.70874,0.98,0.95,0.45024,0.02857,0,0.34344,0,0,0,0
Jamnagar,1,14.4,11.5,3.13,6.5,0.588,20,2,83.6,26.5,28.5,1.0,0.04797,0.08225,0.48102,0.58834,0.95,0.9,0.67226,0.05714,0.08121,0.42675,0,0,0,1
Valsad,1,17.1,11.8,2.66,7.0,0.681,12,2,69.5,12.9,30.3,1.0,0.05694,0.08433,0.3806,0.68057,0.97,0.9,0.39069,0.05714,0,0.51545,1,0,0,0
Bhavnagar,0,3.2,1.6,2.22,7.4,0.432,24,2,61.5,24.0,31.2,1.0,0.01067,0.01125,0.30005,0.43198,0.94,0.9,0.23064,0.05714,0.04981,0.55894,0,0,0,0
Bhavnagar,1,30.9,12.0,4.56,7.4,0.67,24,2,80.6,2,28.0,1.0,0.10307,0.08547,0.61566,0.6702,0.94,0.9,0.61244,0.05714,0,0.39947,0,0,0,0
Navsari,0,4.0,2.3,3.28,7.3,0.484,11,1,55.3,18.4,35.9,1.0,0.01349,0.01632,0.44967,0.48376,0.9725,0.95,0.1056,0.02857,0,0.79618,0,0,0,0
Porbandar,0,9.7,2.8,2.76,6.2,0.405,8,1,53.5,16.8,32.0,1.0,0.0324,0.01999,0.44451,0.40489,0.98,0.95,0.07076,0.02857,0,0.60248,0,0,0,0
Bhuj,1,3.9,2.6,2.7,5.8,0.411,110,4,73.3,26.7,30.9,1.0,0.01287,0.01854,0.4647,0.41125,0.725,0.8,0.46503,0.11429,0.0836,0.54574,0,0,0,0
Jamnagar,1,50.9,20.3,4.16,6.5,0.586,20,2,88.3,51.0,24.7,1.0,0.1696,0.14525,0.63929,0.58613,0.95,0.9,0.76608,0.05714,0.38789,0.23502,0,0,1,0
Rajkot,1,55.6,27.3,3.25,7.2,0.643,134,3,83.7,7.1,26.7,0.0,0.18525,0.19503,0.45109,0.64274,0.665,0.85,0.67338,0.08571,0,0.33509,0,0,0,1
Rajkot,0,1.6,0.7,1.59,7.2,0.199,134,3,51.7,21.7,32.9,0.0,0.00521,0.00533,0.2213,0.19945,0.665,0.85,0.0344,0.08571,0.02146,0.64509,0,0,0,0
Valsad,1,18.0,1.7,4.3,7.0,0.705,12,2,83.4,2,25.1,1.0,0.06012,0.01213,0.61488,0.70456,0.97,0.9,0.66889,0.05714,0,0.25508,0,0,0,0
Surat,0,7.5,1.6,3.64,9.4,0.4,13,1,48.9,80.2,30.6,1.0,0.02489,0.01121,0.38775,0.39959,0.9675,0.95,0,0.02857,0.75226,0.53152,0,0,1,0
Dang,0,9.8,5.3,3.08,6.4,0.489,975,27,51.7,2.3,30.6,0.0,0.0327,0.03812,0.48108,0.48868,0,0,0.03475,0.77143,0,0.52778,0,0,0,0
Dang,0,19.7,6.3,3.6,6.4,0.554,975,27,50.3,5.5,33.8,0.0,0.06555,0.04474,0.56173,0.55372,0,0,0.00596,0.77143,0,0.68875,0,0,0,0
Bhavnagar,1,27.9,2.4,4.14,7.4,0.81,24,2,64.7,14.6,27.1,1.0,0.0931,0.017,0.55964,0.80993,0.94,0.9,0.29326,0.05714,0,0.35664,1,0,0,0
Jamnagar,1,56.4,37.1,4.36,6.5,0.701,20,2,89.8,11.8,26.7,1.0,0.18791,0.26496,0.67091,0.70071,0.95,0.9,0.79508,0.05714,0,0.33657,1,0,0,1
Valsad,1,55.1,21.1,4.39,7.0,0.847,12,2,80.3,13.7,25.2,1.0,0.18353,0.15044,0.62718,0.84724,0.97,0.9,0.60678,0.05714,0,0.26053,1,0,0,0
Vadodara,1,4.3,0.8,3.98,8.0,0.811,39,2,65.9,28.5,26.3,0.0,0.0143,0.0055,0.49781,0.81056,0.9025,0.9,0.31799,0.05714,0.10636,0.31392,0,0,0,0
Jamnagar,1,40.1,32.1,3.74,6.5,0.723,20,2,74.8,7.5,28.5,1.0,0.13374,0.22907,0.57571,0.72304,0.95,0.9,0.49503,0.05714,0,0.42351,0,0,0,1
Porbandar,0,4.4,0.9,2.31,6.2,0.346,8,1,49.5,10.7,34.2,1.0,0.01481,0.00678,0.37214,0.34572,0.98,0.95,0,0.02857,0,0.71073,0,0,0,1
Bhavnagar,1,11.2,4.8,2.61,7.4,0.67,24,2,88.6,36.6,22.2,1.0,0.03749,0.0344,0.3529,0.66995,0.94,0.9,0.77122,0.05714,0.208,0.11106,0,0,0,1
Porbandar,1,31.7,11.0,3.62,6.2,0.649,8,1,83.4,6.7,25.0,1.0,0.10552,0.07869,0.58373,0.64925,0.98,0.95,0.66855,0.02857,0,0.24887,0,0,1,0
Navsari,1,58.8,8.8,5.48,7.3,0.863,11,1,78.7,2,24.1,1.0,0.19605,0.06297,0.75093,0.86322,0.9725,0.95,0.57483,0.02857,0,0.20613,0,0,0,0
Surat,1,88.0,48.2,7.14,9.4,1.0,13,1,90.0,29.9,26.2,1.0,0.29336,0.34459,0.76001,1.0,0.9675,0.95,0.80073,0.02857,0.12391,0.31033,1,0,0,0
Dang,0,9.0,4.3,3.72,6.4,0.619,975,27,38.3,15.2,31.6,0.0,0.02999,0.03038,0.58075,0.61876,0,0,0,0.77143,0,0.5803,0,0,0,0
Bhavnagar,1,64.7,15.0,5.27,7.4,0.82,24,2,86.6,13.3,20.7,1.0,0.21551,0.10735,0.71283,0.82017,0.94,0.9,0.73148,0.05714,0,0.03366,1,0,0,0
Rajkot,1,27.5,18.6,3.86,7.2,0.483,134,3,85.2,6.6,27.0,0.0,0.0917,0.13295,0.53608,0.48277,0.665,0.85,0.70332,0.08571,0,0.35081,1,0,0,0
Vadodara,1,60.7,4.4,5.06,8.0,0.729,39,2,96.5,3.1,23.1,0.0,0.20245,0.03178,0.63239,0.72942,0.9025,0.9,0.92929,0.05714,0,0.15518,0,0,0,0
Rajkot,0,12.1,2.6,2.52,7.2,0.272,134,3,51.7,4.4,35.3,0.0,0.04046,0.01828,0.35008,0.27203,0.665,0.85,0.03459,0.08571,0,0.76677,0,0,0,0
Ahmedabad,1,38.0,6.7,4.75,8.5,0.727,53,2,79.2,10.8,29.2,0.0,0.12672,0.04769,0.55921,0.72734,0.8675,0.9,0.5835,0.05714,0,0.45834,0,0,0,0
Jamnagar,0,5.5,2.0,1.48,6.5,0.274,20,2,45.4,25.0,30.3,1.0,0.01832,0.01418,0.22737,0.27431,0.95,0.9,0,0.05714,0.0621,0.51542,0,0,0,0
Navsari,1,43.6,24.4,5.09,7.3,0.873,11,1,95.6,16.6,27.1,1.0,0.14538,0.17416,0.69693,0.87257,0.9725,0.95,0.91105,0.02857,0,0.35596,1,0,0,0
Surat,0,19.3,7.6,3.97,9.4,0.469,13,1,55.7,9.0,35.5,1.0,0.0644,0.05419,0.42248,0.46898,0.9675,0.95,0.1133,0.02857,0,0.77662,0,0,0,0
Surat,1,16.4,9.5,5.81,9.4,0.868,13,1,81.0,10.0,28.0,1.0,0.05481,0.06771,0.6182,0.86794,0.9675,0.95,0.61932,0.02857,0,0.4023,0,0,0,0
Navsari,0,11.3,3.6,3.78,7.3,0.495,11,1,66.4,8.6,36.0,1.0,0.03753,0.02602,0.51753,0.49471,0.9725,0.95,0.327,0.02857,0,0.80015,0,0,0,0
Dang,1,7.2,2.7,4.22,6.4,0.947,975,27,82.6,20.9,26.4,0.0,0.02406,0.01952,0.65971,0.94737,0,0,0.65171,0.77143,0.0115,0.32108,0,0,0,0
Rajkot,1,13.2,11.2,4.28,7.2,0.503,134,3,77.8,44.2,28.1,0.0,0.04407,0.08027,0.59474,0.503,0.665,0.85,0.55511,0.08571,0.30218,0.40406,0,0,0,0
Rajkot,0,2.2,0.8,2.9,7.2,0.227,134,3,56.0,6.9,29.1,0.0,0.00726,0.00545,0.40233,0.22721,0.665,0.85,0.11986,0.08571,0,0.45546,0,0,0,0
Navsari,1,53.3,37.2,4.61,7.3,0.863,11,1,88.6,29.4,24.7,1.0,0.1776,0.26591,0.63115,0.86266,0.9725,0.95,0.77112,0.02857,0.11751,0.23619,0,0,0,0
Navsari,1,11.9,5.9,3.92,7.3,0.883,11,1,72.7,13.9,25.2,1.0,0.03973,0.04242,0.53762,0.88278,0.9725,0.95,0.45478,0.02857,0,0.26182,0,0,0,0
Valsad,1,84.5,9.7,5.11,7.0,1.0,12,2,88.1,16.2,24.3,1.0,0.28182,0.0695,0.72991,1.0,0.97,0.9,0.76261,0.05714,0,0.21713,1,0,0,1
Ahmedabad,1,36.9,9.0,5.16,8.5,0.751,53,2,80.0,24.8,28.4,0.0,0.1231,0.06448,0.60687,0.75129,0.8675,0.9,0.59954,0.05714,0.06054,0.41792,0,0,0,1
Ahmedabad,1,56.9,24.8,5.44,8.5,0.818,53,2,75.4,21.8,25.6,0.0,0.18974,0.17748,0.64018,0.81755,0.8675,0.9,0.50859,0.05714,0.02223,0.28185,1,0,1,0
Jamnagar,0,5.8,1.1,2.11,6.5,0.238,20,2,60.8,6.6,30.7,1.0,0.01948,0.00761,0.32511,0.23771,0.95,0.9,0.21646,0.05714,0,0.53701,0,0,0,0
Navsari,1,66.8,16.1,4.57,7.3,1.0,11,1,75.5,33.6,27.9,1.0,0.2227,0.11508,0.62646,1.0,0.9725,0.95,0.50932,0.02857,0.16957,0.39678,0,0,0,0
Bhuj,1,2.4,0.8,2.8,5.8,0.452,110,4,73.7,17.8,29.3,1.0,0.00796,0.00569,0.48335,0.4519,0.725,0.8,0.47458,0.11429,0,0.46469,0,0,0,0
Bhuj,1,2.6,1.4,1.41,5.8,0.455,110,4,74.4,32.0,27.4,1.0,0.00857,0.00979,0.243,0.4547,0.725,0.8,0.48749,0.11429,0.1505,0.37123,0,0,0,0
Rajkot,0,2.7,1.1,2.45,7.2,0.101,134,3,56.9,46.2,36.0,0.0,0.00903,0.00769,0.34065,0.10095,0.665,0.85,0.13884,0.08571,0.32718,0.79824,0,0,1,0
Patan,0,3.7,1.1,1.82,6.0,0.205,70,1,49.0,10.1,28.9,0.0,0.01236,0.0079,0.30322,0.20488,0.825,0.95,0,0.02857,0,0.44427,0,0,0,0
Jamnagar,1,35.6,3.3,3.24,6.5,0.665,20,2,87.2,2,24.3,1.0,0.1187,0.02377,0.49784,0.66482,0.95,0.9,0.74464,0.05714,0,0.21384,0,0,0,0
Dang,0,9.6,2.0,4.62,6.4,0.522,975,27,47.7,3.3,32.0,0.0,0.03207,0.01463,0.72155,0.5222,0,0,0,0.77143,0,0.60193,0,0,0,1
Jamnagar,0,13.8,4.5,3.31,6.5,0.344,20,2,46.2,7.9,30.2,1.0,0.04597,0.03217,0.50866,0.344,0.95,0.9,0,0.05714,0,0.50804,0,0,0,0
Dang,1,34.5,17.0,3.21,6.4,0.964,975,27,77.2,33.2,29.2,0.0,0.11511,0.12173,0.50143,0.96446,0,0,0.54313,0.77143,0.16527,0.46233,0,0,0,1
Patan,1,25.4,6.8,2.25,6.0,0.536,70,1,85.4,21.9,23.9,0.0,0.08467,0.04853,0.37544,0.53571,0.825,0.95,0.708,0.02857,0.02419,0.19497,0,0,0,0
Patan,0,7.7,1.8,2.87,6.0,0.227,70,1,57.4,7.5,31.5,0.0,0.02551,0.01292,0.4779,0.22721,0.825,0.95,0.14738,0.02857,0,0.5732,0,0,0,0
Surat,1,7.4,4.9,4.79,9.4,0.89,13,1,74.2,11.4,25.8,1.0,0.0246,0.03469,0.5101,0.89026,0.9675,0.95,0.48371,0.02857,0,0.28851,0,0,0,0
Surat,0,8.0,3.2,3.47,9.4,0.471,13,1,42.0,41.7,28.1,1.0,0.02659,0.02293,0.36951,0.47122,0.9675,0.95,0,0.02857,0.27127,0.40519,0,0,0,0
Dang,1,110.3,90.3,5.46,6.4,1.0,975,27,95.2,2,25.9,0.0,0.3677,0.64468,0.85256,1.0,0,0,0.90311,0.77143,0,0.29633,0,0,0,0
Dang,1,35.7,28.4,4.0,6.4,0.936,975,27,81.0,8.2,26.4,0.0,0.11894,0.20305,0.62565,0.9365,0,0,0.61965,0.77143,0,0.318,1,0,0,0
Vadodara,0,9.4,2.8,3.42,8.0,0.332,39,2,49.9,20.5,32.5,0.0,0.0314,0.01968,0.4269,0.33206,0.9025,0.9,0,0.05714,0.00628,0.62674,1,0,0,0
Ahmedabad,0,6.7,3.1,4.17,8.5,0.363,53,2,55.3,25.1,35.0,0.0,0.02224,0.02197,0.49071,0.36294,0.8675,0.9,0.10681,0.05714,0.06338,0.74892,0,0,0,0
Jamnagar,1,6.4,2.5,3.25,6.5,0.529,20,2,82.3,36.6,30.2,1.0,0.02135,0.01777,0.49989,0.5292,0.95,0.9,0.64548,0.05714,0.20758,0.51124,0,0,1,1
Navsari,1,160.9,44.0,6.3,7.3,1.0,11,1,91.8,111.1,24.2,1.0,0.53634,0.31455,0.86315,1.0,0.9725,0.95,0.83588,0.02857,1,0.21181,1,0,0,0
Rajkot,0,4.7,1.3,2.45,7.2,0.226,134,3,52.9,8.1,30.1,0.0,0.01568,0.00921,0.34057,0.22552,0.665,0.85,0.05759,0.08571,0,0.50524,0,0,0,0
Navsari,0,18.1,7.1,3.41,7.3,0.545,11,1,57.7,4.1,31.9,1.0,0.06018,0.05088,0.46721,0.54523,0.9725,0.95,0.15328,0.02857,0,0.59445,1,0,0,0
Jamnagar,1,30.2,20.9,3.33,6.5,0.707,20,2,85.1,12.1,27.4,1.0,0.10065,0.14919,0.51175,0.70672,0.95,0.9,0.70151,0.05714,0,0.37035,0,0,0,0
Dang,0,2.5,1.6,3.2,6.4,0.677,975,27,63.0,7.8,32.2,0.0,0.00822,0.01154,0.49963,0.67658,0,0,0.26005,0.77143,0,0.6095,0,1,0,0
Vadodara,1,51.1,13.4,5.42,8.0,0.839,39,2,77.7,2,23.9,0.0,0.17017,0.09546,0.67699,0.83894,0.9025,0.9,0.55341,0.05714,0,0.19735,0,0,0,0
Rajkot,0,2.8,2.0,3.05,7.2,0.211,134,3,60.0,8.5,29.7,0.0,0.00944,0.01422,0.42351,0.21093,0.665,0.85,0.20046,0.08571,0,0.48361,1,0,0,0
Surat,0,2.7,0.1,4.56,9.4,0.582,13,1,50.4,17.5,31.7,1.0,0.00908,0.00097,0.48468,0.58191,0.9675,0.95,0.00843,0.02857,0,0.58313,0,0,0,0
Bhuj,0,5.7,1.5,1.65,5.8,0.064,110,4,46.8,20.8,30.2,1.0,0.01894,0.0108,0.28439,0.06382,0.725,0.8,0,0.11429,0.01056,0.51154,0,0,0,0
Vadodara,1,34.1,17.1,4.62,8.0,0.771,39,2,80.7,11.0,26.2,0.0,0.11377,0.12212,0.57735,0.77149,0.9025,0.9,0.61414,0.05714,0,0.31012,0,0,0,0
Surat,0,6.3,1.9,4.05,9.4,0.56,13,1,45.8,6.3,34.2,1.0,0.02099,0.01388,0.43044,0.56034,0.9675,0.95,0,0.02857,0,0.71129,0,0,0,0
Navsari,0,3.0,2.2,2.83,7.3,0.56,11,1,55.4,16.8,35.2,1.0,0.00992,0.01605,0.38718,0.55958,0.9725,0.95,0.1089,0.02857,0,0.75895,0,0,1,0
Vadodara,0,9.9,4.2,2.47,8.0,0.283,39,2,45.0,7.7,31.2,0.0,0.03291,0.02972,0.30916,0.28282,0.9025,0.9,0,0.05714,0,0.55969,0,0,0,0
Jamnagar,1,13.6,2.5,2.2,6.5,0.67,20,2,76.3,4.4,27.0,1.0,0.0454,0.01758,0.33857,0.66954,0.95,0.9,0.527,0.05714,0,0.3503,1,0,0,0
Jamnagar,0,2.7,1.4,2.17,6.5,0.333,20,2,53.6,42.3,34.2,1.0,0.00889,0.00988,0.33356,0.33303,0.95,0.9,0.07265,0.05714,0.27895,0.7084,0,0,1,0
Bhuj,0,0.4,0.2,2.78,5.8,0.246,110,4,48.2,36.3,33.6,1.0,0.00132,0.00124,0.47898,0.24611,0.725,0.8,0,0.11429,0.2039,0.68224,0,0,0,0
Bhavnagar,1,42.8,15.5,4.84,7.4,0.704,24,2,77.9,13.0,32.1,1.0,0.14259,0.1108,0.65361,0.70394,0.94,0.9,0.55848,0.05714,0,0.60504,0,0,0,1
Jamnagar,1,47.5,11.8,3.32,6.5,0.657,20,2,66.5,22.5,27.5,1.0,0.15831,0.08463,0.51065,0.65684,0.95,0.9,0.33089,0.05714,0.03144,0.37362,0,0,0,0
Bhavnagar,0,5.2,2.1,3.23,7.4,0.206,24,2,68.5,22.4,28.4,1.0,0.01746,0.01516,0.43657,0.20613,0.94,0.9,0.3702,0.05714,0.02984,0.41869,0,0,0,1
Vadodara,0,10.5,5.4,3.73,8.0,0.384,39,2,43.1,5.4,30.4,0.0,0.03506,0.03877,0.46574,0.38403,0.9025,0.9,0,0.05714,0,0.52164,0,0,0,0
Vadodara,0,1.0,0.5,2.48,8.0,0.234,39,2,48.1,30.5,33.0,0.0,0.0033,0.00327,0.31001,0.23432,0.9025,0.9,0,0.05714,0.13068,0.64952,0,0,0,0
Rajkot,1,23.4,19.9,3.7,7.2,0.531,134,3,75.7,14.9,27.0,0.0,0.078,0.14208,0.51375,0.53117,0.665,0.85,0.5134,0.08571,0,0.34951,0,0,0,0
Bhavnagar,1,9.3,1.0,3.76,7.4,0.765,24,2,86.7,20.0,21.0,1.0,0.03089,0.00739,0.5084,0.76527,0.94,0.9,0.73385,0.05714,0.00014,0.04868,0,0,0,0
Dang,1,130.8,30.3,4.12,6.4,1.0,975,27,85.4,45.0,25.0,0.0,0.43603,0.21673,0.64372,1.0,0,0,0.70789,0.77143,0.31312,0.25079,0,1,0,1
Valsad,0,2.9,0.8,2.97,7.0,0.524,12,2,48.7,5.5,32.1,1.0,0.00953,0.00562,0.42379,0.52386,0.97,0.9,0,0.05714,0,0.60529,0,0,0,0
Bhuj,0,1.7,0.8,1.77,5.8,0.028,110,4,52.9,19.9,31.7,1.0,0.00581,0.00586,0.30552,0.02813,0.725,0.8,0.05775,0.11429,0,0.58665,0,0,0,0
Navsari,1,23.7,9.6,4.68,7.3,0.964,11,1,70.6,7.6,30.2,1.0,0.07885,0.0683,0.64099,0.96418,0.9725,0.95,0.41233,0.02857,0,0.51229,0,0,0,0
Bhavnagar,0,2.4,1.3,2.8,7.4,0.244,24,2,49.0,8.3,30.0,1.0,0.00807,0.00958,0.37812,0.24406,0.94,0.9,0,0.05714,0,0.49945,0,0,0,0
Surat,0,8.5,2.1,4.0,9.4,0.438,13,1,58.1,41.2,33.0,1.0,0.02817,0.01522,0.42586,0.43813,0.9675,0.95,0.16133,0.02857,0.26459,0.64872,0,0,0,0
Rajkot,1,15.0,10.1,2.61,7.2,0.407,134,3,77.9,10.2,26.5,0.0,0.04986,0.07221,0.3619,0.40717,0.665,0.85,0.55731,0.08571,0,0.32435,0,0,0,0
Navsari,0,9.6,3.9,4.22,7.3,0.485,11,1,56.3,5.5,31.1,1.0,0.03193,0.02818,0.5787,0.48522,0.9725,0.95,0.12535,0.02857,0,0.55505,0,0,0,0
Patan,1,3.3,1.9,2.42,6.0,0.553,70,1,78.4,30.0,29.9,0.0,0.01105,0.01323,0.40281,0.553,0.825,0.95,0.56885,0.02857,0.12493,0.49392,0,0,0,0
Vadodara,1,25.8,12.2,3.73,8.0,0.74,39,2,80.8,7.8,28.4,0.0,0.08602,0.08744,0.46606,0.74005,0.9025,0.9,0.61549,0.05714,0,0.42069,1,0,0,0
Bhuj,1,18.3,6.5,3.31,5.8,0.481,110,4,76.4,19.8,30.3,1.0,0.06113,0.04672,0.56993,0.48071,0.725,0.8,0.52732,0.11429,0,0.51354,1,0,0,0
Navsari,1,20.5,12.4,4.61,7.3,0.87,11,1,84.3,21.3,24.1,1.0,0.06835,0.08891,0.63148,0.8696,0.9725,0.95,0.68668,0.02857,0.01597,0.20295,1,0,0,0
Vadodara,1,68.1,42.5,5.23,8.0,0.778,39,2,85.1,11.4,24.9,0.0,0.22692,0.30364,0.65437,0.7778,0.9025,0.9,0.70296,0.05714,0,0.24488,0,0,0,0
Valsad,0,5.0,2.0,3.82,7.0,0.474,12,2,60.7,27.9,35.0,1.0,0.01661,0.01463,0.5459,0.47406,0.97,0.9,0.21319,0.05714,0.09851,0.75014,0,0,0,0
Ahmedabad,1,15.0,7.2,3.49,8.5,0.754,53,2,77.3,2,32.3,0.0,0.04984,0.05173,0.41036,0.75389,0.8675,0.9,0.54518,0.05714,0,0.61426,0,0,0,0
Rajkot,1,12.6,4.3,2.65,7.2,0.588,134,3,62.2,23.5,28.1,0.0,0.04211,0.03077,0.36755,0.58755,0.665,0.85,0.24338,0.08571,0.04433,0.4027,1,0,0,0
Bhavnagar,0,9.9,6.5,3.04,7.4,0.398,24,2,52.5,23.1,30.7,1.0,0.03294,0.04611,0.4113,0.39784,0.94,0.9,0.04921,0.05714,0.03813,0.53404,1,0,0,0
Surat,0,14.1,6.2,4.2,9.4,0.373,13,1,39.4,11.4,28.8,1.0,0.0471,0.04405,0.4466,0.37285,0.9675,0.95,0,0.02857,0,0.44177,0,0,0,0
Navsari,1,9.1,3.0,4.75,7.3,0.917,11,1,79.3,9.4,24.9,1.0,0.03031,0.02134,0.65036,0.91705,0.9725,0.95,0.58666,0.02857,0,0.24464,0,0,0,0
Porbandar,1,6.3,3.3,3.03,6.2,0.695,8,1,78.4,6.2,25.3,1.0,0.02101,0.0237,0.4891,0.69475,0.98,0.95,0.56898,0.02857,0,0.26406,0,0,0,0
Porbandar,0,8.2,4.5,2.85,6.2,0.451,8,1,54.0,3.9,33.1,1.0,0.02727,0.03213,0.4604,0.45061,0.98,0.95,0.0792,0.02857,0,0.65388,0,0,0,0
Bhavnagar,1,23.6,3.7,5.58,7.4,0.94,24,2,88.5,9.2,28.2,1.0,0.07852,0.02654,0.7539,0.9401,0.94,0.9,0.76903,0.05714,0,0.40851,0,0,0,0
Vadodara,1,106.4,66.6,5.85,8.0,0.858,39,2,82.3,6.3,23.0,0.0,0.35481,0.47575,0.73068,0.85821,0.9025,0.9,0.64553,0.05714,0,0.14938,0,0,0,0
Bhuj,1,17.5,5.7,2.88,5.8,0.361,110,4,82.7,59.6,25.8,1.0,0.05827,0.04062,0.49693,0.36074,0.725,0.8,0.65417,0.11429,0.49463,0.29223,0,0,0,0
Bhavnagar,0,0.6,0.1,3.33,7.4,0.41,24,2,42.5,146.8,36.7,1.0,0.00206,0.001,0.45049,0.40978,0.94,0.9,0,0.05714,1,0.83547,0,0,0,0
Ahmedabad,0,5.6,4.0,2.68,8.5,0.53,53,2,53.5,15.6,35.6,0.0,0.01878,0.02868,0.31536,0.53043,0.8675,0.9,0.07075,0.05714,0,0.78192,0,0,0,0
Bhavnagar,0,2.9,2.2,2.64,7.4,0.303,24,2,58.3,15.8,33.4,1.0,0.00967,0.01551,0.35714,0.303,0.94,0.9,0.16695,0.05714,0,0.66781,0,0,0,0
Jamnagar,0,3.6,2.7,1.6,6.5,0.309,20,2,51.5,7.4,33.6,1.0,0.01213,0.01925,0.24547,0.30916,0.95,0.9,0.03037,0.05714,0,0.68099,0,0,0,0
Ahmedabad,0,16.8,6.5,3.69,8.5,0.494,53,2,50.1,10.6,32.5,0.0,0.05612,0.04645,0.43438,0.49392,0.8675,0.9,0.00231,0.05714,0,0.62352,0,0,0,0
Ahmedabad,1,34.4,21.7,4.94,8.5,0.775,53,2,82.2,13.3,23.6,0.0,0.11465,0.155,0.58084,0.77461,0.8675,0.9,0.64364,0.05714,0,0.17916,0,0,0,0
Bhuj,1,8.9,1.0,3.42,5.8,0.382,110,4,83.9,25.3,28.1,1.0,0.02968,0.00721,0.58939,0.38168,0.725,0.8,0.67777,0.11429,0.06573,0.40365,0,0,0,0
Ahmedabad,0,9.0,3.0,2.6,8.5,0.428,53,2,51.7,27.3,33.8,0.0,0.03015,0.02109,0.3059,0.42837,0.8675,0.9,0.03405,0.05714,0.09081,0.68768,0,0,0,0
Patan,1,5.0,2.3,2.58,6.0,0.545,70,1,77.7,18.1,29.8,0.0,0.01658,0.01633,0.43014,0.54505,0.825,0.95,0.55479,0.02857,0,0.48767,0,0,0,0
Bhuj,0,0.4,0.2,0.88,5.8,0.081,110,4,57.8,4.3,34.8,1.0,0.00148,0.00142,0.15223,0.08139,0.725,0.8,0.15662,0.11429,0,0.73976,0,0,0,0
Valsad,1,79.0,26.5,5.01,7.0,0.868,12,2,82.4,44.9,29.2,1.0,0.26349,0.18897,0.71606,0.868,0.97,0.9,0.64898,0.05714,0.31147,0.46091,0,0,0,1
Bhuj,0,0.0,0.0,1.54,5.8,0.125,110,4,59.3,6.5,29.0,1.0,9e-05,0.00013,0.26575,0.1249,0.725,0.8,0.18586,0.11429,0,0.45007,0,0,0,0
Dang,1,75.0,56.5,4.07,6.4,0.93,975,27,87.2,4.8,24.3,0.0,0.24997,0.4037,0.63624,0.9304,0,0,0.74358,0.77143,0,0.21554,0,1,0,1
Porbandar,1,10.6,5.1,2.64,6.2,0.775,8,1,77.3,10.9,27.2,1.0,0.0352,0.03661,0.4255,0.77546,0.98,0.95,0.54688,0.02857,0,0.36029,1,0,0,0
Patan,1,17.7,8.2,2.6,6.0,0.513,70,1,70.8,17.3,25.8,0.0,0.05889,0.0586,0.43384,0.51272,0.825,0.95,0.41593,0.02857,0,0.28846,0,0,0,0
Patan,1,15.0,7.8,2.87,6.0,0.612,70,1,68.1,19.6,32.9,0.0,0.04994,0.05585,0.47907,0.61155,0.825,0.95,0.36155,0.02857,0,0.64409,0,0,0,0
Vadodara,1,5.3,3.0,3.78,8.0,0.664,39,2,81.9,31.6,27.0,0.0,0.01779,0.02111,0.47283,0.66449,0.9025,0.9,0.63849,0.05714,0.14497,0.35229,0,0,0,0
Valsad,0,12.5,8.5,3.22,7.0,0.472,12,2,53.1,5.1,29.7,1.0,0.04182,0.06106,0.45998,0.47204,0.97,0.9,0.06198,0.05714,0,0.48652,0,0,0,0
Dang,1,21.5,7.4,4.95,6.4,0.966,975,27,71.6,23.0,25.6,0.0,0.07174,0.05259,0.77405,0.96553,0,0,0.4328,0.77143,0.03715,0.28105,0,0,0,0
Ahmedabad,0,6.0,2.6,3.13,8.5,0.467,53,2,59.5,4.8,32.5,0.0,0.01999,0.01832,0.36778,0.46691,0.8675,0.9,0.18941,0.05714,0,0.62374,0,0,0,0
Valsad,1,4.8,1.3,2.94,7.0,0.91,12,2,82.7,47.9,24.4,1.0,0.01589,0.00937,0.41941,0.90965,0.97,0.9,0.65367,0.05714,0.34841,0.21935,0,0,1,0
Porbandar,1,23.4,6.7,1.74,6.2,0.587,8,1,74.0,28.7,32.0,1.0,0.07798,0.048,0.28065,0.58669,0.98,0.95,0.4805,0.02857,0.10886,0.59773,0,0,0,0
Jamnagar,0,1.8,0.6,1.69,6.5,0.255,20,2,48.3,10.8,29.0,1.0,0.00585,0.00406,0.26063,0.25529,0.95,0.9,0,0.05714,0,0.4515,0,0,0,0
Rajkot,1,3.9,1.7,4.04,7.2,0.652,134,3,81.8,32.0,26.8,0.0,0.0129,0.01243,0.56178,0.65246,0.665,0.85,0.63587,0.08571,0.15018,0.34118,0,0,0,0
Valsad,1,86.7,38.9,5.68,7.0,0.919,12,2,80.1,13.5,23.1,1.0,0.28885,0.27811,0.81116,0.91897,0.97,0.9,0.60185,0.05714,0,0.15319,1,0,0,0
Dang,1,28.4,9.7,4.73,6.4,0.968,975,27,91.8,10.8,26.1,0.0,0.09471,0.06907,0.73876,0.96781,0,0,0.83599,0.77143,0,0.3049,0,0,0,0
Jamnagar,1,27.6,14.2,3.87,6.5,0.713,20,2,87.9,2,22.9,1.0,0.09186,0.10119,0.59525,0.71344,0.95,0.9,0.75878,0.05714,0,0.14725,0,0,0,0
Surat,0,0.7,0.3,4.15,9.4,0.571,13,1,63.3,16.7,31.6,1.0,0.00249,0.0024,0.44143,0.57085,0.9675,0.95,0.2658,0.02857,0,0.5802,1,0,0,0
Bhuj,0,0.5,0.1,1.31,5.8,0.085,110,4,52.7,15.2,32.3,1.0,0.00157,0.00105,0.22613,0.08517,0.725,0.8,0.05323,0.11429,0,0.61338,0,0,0,0
Navsari,1,19.5,7.8,4.66,7.3,0.805,11,1,86.1,11.8,24.2,1.0,0.06507,0.05547,0.63779,0.80542,0.9725,0.95,0.72146,0.02857,0,0.21039,1,1,0,0
Jamnagar,1,11.0,4.1,2.63,6.5,0.644,20,2,74.9,21.4,26.1,1.0,0.03656,0.02949,0.40406,0.64448,0.95,0.9,0.49826,0.05714,0.01802,0.30553,0,0,0,0
Bhuj,1,18.6,7.0,1.74,5.8,0.596,110,4,85.7,15.5,26.4,1.0,0.06207,0.04975,0.29925,0.59607,0.725,0.8,0.7138,0.11429,0,0.31899,0,0,0,0
Ahmedabad,1,35.3,12.1,4.47,8.5,0.821,53,2,82.0,30.7,30.8,0.0,0.11755,0.08632,0.52591,0.82077,0.8675,0.9,0.63959,0.05714,0.13419,0.5377,0,0,0,1
Porbandar,1,91.5,7.7,4.42,6.2,0.771,8,1,94.3,9.8,30.0,1.0,0.30501,0.05497,0.71328,0.77125,0.98,0.95,0.88575,0.02857,0,0.49957,1,0,0,0
Ahmedabad,0,0.7,0.5,3.43,8.5,0.415,53,2,53.4,6.0,31.6,0.0,0.00225,0.00386,0.40337,0.41486,0.8675,0.9,0.06702,0.05714,0,0.58211,0,0,0,0
Rajkot,1,11.8,8.2,3.23,7.2,0.534,134,3,90.2,44.4,31.1,0.0,0.03941,0.0587,0.44824,0.53409,0.665,0.85,0.80448,0.08571,0.30445,0.5547,0,0,0,0
Porbandar,0,1.3,0.3,2.1,6.2,0.391,8,1,55.5,23.5,33.4,1.0,0.00432,0.0024,0.33861,0.39073,0.98,0.95,0.11035,0.02857,0.04359,0.66931,0,0,0,0
Vadodara,0,10.1,7.7,3.51,8.0,0.525,39,2,47.2,70.9,34.1,0.0,0.03372,0.05486,0.43875,0.52499,0.9025,0.9,0,0.05714,0.63656,0.70519,0,0,0,0
Navsari,1,124.0,34.5,7.02,7.3,1.0,11,1,94.7,6.9,30.4,1.0,0.41349,0.24676,0.96181,1.0,0.9725,0.95,0.89311,0.02857,0,0.51826,1,0,0,1
Ahmedabad,1,38.5,15.3,6.08,8.5,0.765,53,2,73.0,27.0,26.2,0.0,0.12841,0.10914,0.71574,0.76507,0.8675,0.9,0.46026,0.05714,0.0881,0.30978,0,0,0,0
Rajkot,0,3.6,1.4,2.34,7.2,0.272,134,3,47.8,21.8,29.5,0.0,0.01199,0.00978,0.32444,0.27174,0.665,0.85,0,0.08571,0.02211,0.47361,0,0,0,0
Jamnagar,1,13.4,4.3,3.62,6.5,0.644,20,2,74.6,41.5,31.1,1.0,0.04463,0.0304,0.55732,0.6444,0.95,0.9,0.49161,0.05714,0.26836,0.55584,0,0,0,0
Dang,0,11.1,2.8,3.25,6.4,0.64,975,27,56.9,21.3,33.4,0.0,0.03695,0.02025,0.50826,0.63999,0,0,0.13814,0.77143,0.01609,0.67179,0,0,0,0
Rajkot,0,6.9,3.6,2.13,7.2,0.24,134,3,43.3,5.5,31.7,0.0,0.02312,0.02606,0.29623,0.24044,0.665,0.85,0,0.08571,0,0.58511,0,0,0,0
Vadodara,0,9.7,1.7,3.72,8.0,0.374,39,2,41.6,12.8,30.9,0.0,0.03236,0.01203,0.46557,0.37438,0.9025,0.9,0,0.05714,0,0.54481,1,0,0,0
Rajkot,1,25.0,4.3,3.18,7.2,0.664,134,3,84.1,18.0,31.7,0.0,0.08337,0.03042,0.4419,0.66396,0.665,0.85,0.6815,0.08571,0,0.58521,0,0,0,0
Porbandar,1,58.3,12.6,3.65,6.2,0.861,8,1,83.9,21.2,24.1,1.0,0.19423,0.09017,0.58845,0.86142,0.98,0.95,0.6784,0.02857,0.01506,0.20544,1,0,0,0
Bhavnagar,1,46.0,6.4,2.91,7.4,0.813,24,2,84.3,8.4,26.4,1.0,0.15349,0.04599,0.39356,0.81278,0.94,0.9,0.68591,0.05714,0,0.31767,1,0,0,0
Patan,0,5.6,1.6,2.15,6.0,0.21,70,1,46.7,18.0,33.0,0.0,0.01858,0.01166,0.35782,0.21003,0.825,0.95,0,0.02857,0,0.65079,0,0,0,0
Valsad,1,39.9,24.5,4.16,7.0,0.941,12,2,84.2,18.4,26.9,1.0,0.13316,0.17511,0.59428,0.94082,0.97,0.9,0.68308,0.05714,0,0.3452,1,0,0,0
Jamnagar,0,3.7,1.1,2.67,6.5,0.351,20,2,62.4,29.5,30.0,1.0,0.01232,0.0082,0.41055,0.35141,0.95,0.9,0.24774,0.05714,0.11866,0.49957,0,0,0,0
Bhavnagar,0,6.2,2.8,1.99,7.4,0.265,24,2,56.7,17.3,32.3,1.0,0.02075,0.01971,0.26887,0.26535,0.94,0.9,0.1345,0.05714,0,0.61323,0,0,0,0
Jamnagar,1,29.8,12.3,3.47,6.5,0.663,20,2,78.7,6.0,27.1,1.0,0.0995,0.08803,0.53326,0.66344,0.95,0.9,0.57448,0.05714,0,0.35453,1,0,0,0
Patan,0,2.3,1.3,2.66,6.0,0.251,70,1,45.2,21.7,29.3,0.0,0.0076,0.00925,0.44256,0.25085,0.825,0.95,0,0.02857,0.02175,0.46445,0,1,0,0
Rajkot,1,35.4,23.9,2.82,7.2,0.509,134,3,80.5,13.9,27.4,0.0,0.11802,0.17097,0.39148,0.50853,0.665,0.85,0.60902,0.08571,0,0.37019,0,0,0,0
Patan,1,12.0,2.2,2.97,6.0,0.589,70,1,76.3,34.8,29.0,0.0,0.03987,0.0157,0.49496,0.58862,0.825,0.95,0.52642,0.02857,0.18454,0.45227,0,0,0,0
Surat,1,121.5,55.2,8.07,9.4,0.955,13,1,84.0,11.2,26.5,1.0,0.40502,0.39436,0.85897,0.95478,0.9675,0.95,0.67937,0.02857,0,0.32493,1,0,0,1
Rajkot,0,4.1,1.6,1.56,7.2,0.245,134,3,57.8,28.9,34.1,0.0,0.01356,0.01121,0.21724,0.24465,0.665,0.85,0.15534,0.08571,0.11149,0.70376,0,0,0,0
Patan,0,4.8,0.2,1.86,6.0,0.31,70,1,54.7,4.6,31.6,0.0,0.01591,0.0017,0.30987,0.31008,0.825,0.95,0.09348,0.02857,0,0.58169,0,0,0,0
Patan,0,1.2,0.7,2.72,6.0,0.191,70,1,43.4,49.4,34.3,0.0,0.00397,0.0051,0.45386,0.19124,0.825,0.95,0,0.02857,0.36734,0.71656,0,0,0,0
